Date,Ticker,Sector,Open,High,Low,Close,Volume
2024-01-26,AAPL,Technology,149.67,150.05,148.77,150.0,21855245
2024-01-29,AAPL,Technology,147.01,147.3,146.05,147.05,15934929
2024-01-30,AAPL,Technology,148.55,149.09,146.9,147.95,20659450
2024-01-31,AAPL,Technology,149.34,151.14,148.16,148.74,15335003
2024-02-01,AAPL,Technology,151.97,152.8,149.53,151.5,8592282
2024-02-02,AAPL,Technology,150.01,150.29,148.99,149.97,24427727
2024-02-05,AAPL,Technology,147.27,148.67,145.98,148.6,15410386
2024-02-06,AAPL,Technology,147.16,148.08,146.72,147.13,26997168
2024-02-07,AAPL,Technology,144.28,145.6,143.11,144.73,23667529
2024-02-08,AAPL,Technology,139.05,141.52,137.18,137.97,23997831
2024-02-09,AAPL,Technology,140.23,140.76,139.62,140.38,20570407
2024-02-12,AAPL,Technology,142.38,143.69,142.11,142.5,22324451
2024-02-13,AAPL,Technology,138.33,139.12,137.9,138.64,22721707
2024-02-14,AAPL,Technology,137.3,137.9,135.25,137.62,26052631
2024-02-15,AAPL,Technology,135.59,137.0,135.19,135.83,5723189
2024-02-16,AAPL,Technology,133.42,135.96,133.09,134.15,20094034
2024-02-19,AAPL,Technology,130.2,130.51,128.83,129.03,25761103
2024-02-20,AAPL,Technology,126.09,127.83,125.39,127.62,9633167
2024-02-21,AAPL,Technology,129.83,130.15,128.65,129.03,24387123
2024-02-22,AAPL,Technology,136.68,136.86,134.78,135.02,16755377
2024-02-23,AAPL,Technology,135.41,136.84,134.57,136.03,20465424
2024-02-26,AAPL,Technology,136.03,136.85,135.7,136.38,27215518
2024-02-27,AAPL,Technology,134.79,135.42,133.84,135.16,16860667
2024-02-28,AAPL,Technology,134.02,134.75,132.86,133.75,26042018
2024-02-29,AAPL,Technology,137.07,137.48,134.24,136.07,14558194
2024-03-01,AAPL,Technology,135.91,138.59,134.45,136.83,24537948
2024-03-04,AAPL,Technology,135.28,135.59,134.18,135.32,37055914
2024-03-05,AAPL,Technology,132.97,133.07,132.18,132.88,23326557
2024-03-06,AAPL,Technology,132.7,133.45,132.09,132.54,33116663
2024-03-07,AAPL,Technology,132.26,133.78,130.83,131.31,13050104
2024-03-08,AAPL,Technology,131.25,131.39,130.22,131.34,8138614
2024-03-11,AAPL,Technology,131.93,132.08,130.44,130.85,12892880
2024-03-12,AAPL,Technology,130.63,132.59,130.56,131.81,10951256
2024-03-13,AAPL,Technology,127.95,129.16,126.41,128.85,18151340
2024-03-14,AAPL,Technology,130.36,131.66,130.11,131.43,1119848
2024-03-15,AAPL,Technology,138.01,138.28,137.32,138.05,32885585
2024-03-18,AAPL,Technology,141.92,142.2,139.94,141.06,37947621
2024-03-19,AAPL,Technology,141.71,141.73,141.64,141.67,21349519
2024-03-20,AAPL,Technology,143.85,144.56,143.29,143.97,19736454
2024-03-21,AAPL,Technology,140.99,142.13,140.88,141.4,18183582
2024-03-22,AAPL,Technology,138.54,141.18,136.34,137.42,28672804
2024-03-25,AAPL,Technology,137.82,139.73,137.45,139.38,10129827
2024-03-26,AAPL,Technology,137.5,139.19,135.77,138.08,26503724
2024-03-27,AAPL,Technology,135.71,136.41,133.69,134.78,16300052
2024-03-28,AAPL,Technology,133.04,134.21,132.01,132.69,18285967
2024-03-29,AAPL,Technology,129.78,130.71,129.36,130.04,17442946
2024-04-01,AAPL,Technology,131.22,132.24,129.82,130.4,24109841
2024-04-02,AAPL,Technology,131.59,132.12,130.41,131.81,26422305
2024-04-03,AAPL,Technology,133.83,134.47,132.82,133.96,15043470
2024-04-04,AAPL,Technology,135.13,137.69,134.54,136.17,11017861
2024-04-05,AAPL,Technology,139.37,141.46,136.38,138.07,21439891
2024-04-08,AAPL,Technology,137.53,138.14,137.13,137.6,19702343
2024-04-09,AAPL,Technology,136.91,137.03,135.96,136.1,17424456
2024-04-10,AAPL,Technology,132.42,132.75,130.78,132.46,10544391
2024-04-11,AAPL,Technology,135.67,135.83,134.95,135.12,20094143
2024-04-12,AAPL,Technology,134.99,135.52,133.98,134.74,21333869
2024-04-15,AAPL,Technology,133.08,134.18,131.45,133.79,27156930
2024-04-16,AAPL,Technology,137.03,137.28,135.71,136.68,31603440
2024-04-17,AAPL,Technology,135.25,137.05,133.28,134.52,15599181
2024-04-18,AAPL,Technology,136.6,137.11,135.87,136.59,21270430
2024-04-19,AAPL,Technology,136.8,137.97,135.42,137.36,13513899
2024-04-22,AAPL,Technology,133.86,135.79,132.84,134.84,13331057
2024-04-23,AAPL,Technology,136.62,137.11,134.53,134.71,13967240
2024-04-24,AAPL,Technology,137.63,138.2,136.99,137.11,37854855
2024-04-25,AAPL,Technology,139.05,140.28,138.35,139.13,19720834
2024-04-26,AAPL,Technology,144.29,144.94,141.05,142.92,24911004
2024-04-29,AAPL,Technology,143.4,144.49,142.4,143.84,24310453
2024-04-30,AAPL,Technology,151.33,153.42,151.06,152.62,19445198
2024-05-01,AAPL,Technology,150.65,150.84,148.7,150.15,22622100
2024-05-02,AAPL,Technology,149.61,150.21,147.96,149.12,25792665
2024-05-03,AAPL,Technology,149.38,149.45,147.23,149.01,22967443
2024-05-06,AAPL,Technology,145.42,145.7,143.92,145.26,12411051
2024-05-07,AAPL,Technology,148.87,148.92,147.31,148.03,20163214
2024-05-08,AAPL,Technology,150.52,151.53,149.93,150.49,20637008
2024-05-09,AAPL,Technology,150.22,151.07,149.89,150.6,21517570
2024-05-10,AAPL,Technology,148.81,150.55,147.86,149.2,18659495
2024-05-13,AAPL,Technology,144.89,146.75,144.69,145.24,27175720
2024-05-14,AAPL,Technology,142.08,143.5,141.17,143.22,20540318
2024-05-15,AAPL,Technology,146.03,146.57,143.72,145.19,36029719
2024-05-16,AAPL,Technology,144.4,145.15,142.89,144.69,31003166
2024-05-17,AAPL,Technology,143.22,144.06,142.93,143.63,10570490
2024-05-20,AAPL,Technology,144.25,146.02,143.46,144.97,19722956
2024-05-21,AAPL,Technology,148.23,149.89,146.98,148.05,26843641
2024-05-22,AAPL,Technology,148.61,148.84,147.89,148.78,12119899
2024-05-23,AAPL,Technology,149.99,150.17,149.15,149.68,21986000
2024-05-24,AAPL,Technology,155.46,156.17,152.84,153.43,15610907
2024-05-27,AAPL,Technology,153.5,154.67,152.19,153.96,29891621
2024-05-28,AAPL,Technology,152.69,154.08,152.17,153.16,16106469
2024-05-29,AAPL,Technology,155.6,155.83,153.38,155.07,30779087
2024-05-30,AAPL,Technology,155.91,156.59,153.98,154.41,21962918
2024-05-31,AAPL,Technology,153.72,154.45,151.22,153.44,18728846
2024-06-03,AAPL,Technology,156.34,158.57,155.51,157.01,19733842
2024-06-04,AAPL,Technology,157.76,158.34,155.99,156.24,19850568
2024-06-05,AAPL,Technology,149.78,152.51,148.26,148.83,16545192
2024-06-06,AAPL,Technology,150.65,151.39,147.82,149.81,24045740
2024-06-07,AAPL,Technology,148.5,149.43,147.32,148.79,25698748
2024-06-10,AAPL,Technology,148.48,149.62,146.82,148.07,29623670
2024-06-11,AAPL,Technology,149.85,150.03,149.17,149.33,28396251
2024-06-12,AAPL,Technology,148.28,149.33,147.86,148.94,20166194
2024-06-13,AAPL,Technology,150.6,150.8,149.51,149.56,10462837
2024-06-14,AAPL,Technology,144.75,145.43,141.93,144.17,17814616
2024-06-17,AAPL,Technology,141.94,142.2,140.16,141.77,19299417
2024-06-18,AAPL,Technology,145.63,146.26,145.21,145.41,16845711
2024-06-19,AAPL,Technology,145.56,146.69,144.33,145.41,20894503
2024-06-20,AAPL,Technology,140.55,142.29,139.01,141.08,16059658
2024-06-21,AAPL,Technology,138.69,140.25,138.34,138.41,16085669
2024-06-24,AAPL,Technology,137.36,138.79,133.83,135.98,23040091
2024-06-25,AAPL,Technology,135.91,137.28,135.22,136.28,21668975
2024-06-26,AAPL,Technology,134.85,136.51,134.01,135.27,24508847
2024-06-27,AAPL,Technology,133.64,135.49,132.61,133.71,9305165
2024-06-28,AAPL,Technology,133.26,133.81,133.03,133.76,18279604
2024-07-01,AAPL,Technology,135.22,136.44,133.56,134.96,19391268
2024-07-02,AAPL,Technology,135.19,135.52,133.94,134.38,23946786
2024-07-03,AAPL,Technology,133.36,133.98,131.76,133.04,21338592
2024-07-04,AAPL,Technology,132.58,132.67,130.7,132.07,15238791
2024-07-05,AAPL,Technology,134.22,134.26,131.56,132.93,20860505
2024-07-08,AAPL,Technology,132.47,133.76,131.85,132.96,16847459
2024-07-09,AAPL,Technology,133.46,135.28,131.13,134.84,8897229
2024-07-10,AAPL,Technology,132.64,133.39,131.69,132.1,13208230
2024-07-11,AAPL,Technology,130.27,130.3,129.18,130.3,30470874
2024-07-12,AAPL,Technology,132.78,132.99,132.13,132.16,21421480
2024-07-15,AAPL,Technology,128.86,130.53,128.23,130.3,12966143
2024-07-16,AAPL,Technology,133.39,135.32,132.77,133.59,15974007
2024-07-17,AAPL,Technology,137.44,138.82,136.1,137.01,20382018
2024-07-18,AAPL,Technology,140.0,141.2,139.61,140.5,26220819
2024-07-19,AAPL,Technology,138.79,139.84,137.78,138.32,29171101
2024-07-22,AAPL,Technology,138.71,140.78,137.87,138.56,32096010
2024-07-23,AAPL,Technology,137.52,138.17,136.9,137.38,17726785
2024-07-24,AAPL,Technology,140.03,140.55,139.13,139.71,19795142
2024-07-25,AAPL,Technology,145.71,147.53,143.59,144.05,20230892
2024-07-26,AAPL,Technology,146.46,147.1,145.28,146.36,18166816
2024-07-29,AAPL,Technology,145.12,146.86,144.44,146.44,16588887
2024-07-30,AAPL,Technology,146.76,148.06,143.99,145.52,21533768
2024-07-31,AAPL,Technology,148.11,149.9,146.79,147.28,27503005
2024-08-01,AAPL,Technology,144.06,144.26,143.14,144.09,24523673
2024-08-02,AAPL,Technology,144.29,147.07,142.85,145.53,15593981
2024-08-05,AAPL,Technology,143.49,144.0,142.91,143.18,16119871
2024-08-06,AAPL,Technology,144.31,144.86,143.09,144.83,23763934
2024-08-07,AAPL,Technology,144.17,145.27,141.22,144.46,27992749
2024-08-08,AAPL,Technology,142.16,143.88,141.01,143.5,10918269
2024-08-09,AAPL,Technology,142.15,142.63,140.91,141.27,19637454
2024-08-12,AAPL,Technology,140.77,140.85,139.11,140.41,26927107
2024-08-13,AAPL,Technology,141.49,143.45,141.05,141.86,30452436
2024-08-14,AAPL,Technology,145.24,145.61,144.21,144.58,17717787
2024-08-15,AAPL,Technology,147.64,148.04,145.55,146.0,27164811
2024-08-16,AAPL,Technology,149.83,150.11,149.42,149.63,19464989
2024-08-19,AAPL,Technology,156.49,157.35,156.44,156.53,25084919
2024-08-20,AAPL,Technology,155.6,155.75,153.36,155.67,26368503
2024-08-21,AAPL,Technology,155.43,156.55,151.91,155.14,34558610
2024-08-22,AAPL,Technology,151.06,152.38,149.93,151.18,24247310
2024-08-23,AAPL,Technology,153.59,155.16,151.47,154.47,18632866
2024-08-26,AAPL,Technology,158.32,159.31,157.57,158.14,21016436
2024-08-27,AAPL,Technology,156.03,158.73,155.66,155.72,21370582
2024-08-28,AAPL,Technology,158.4,159.66,156.16,157.51,24428690
2024-08-29,AAPL,Technology,160.02,162.91,158.7,161.02,22080105
2024-08-30,AAPL,Technology,161.07,161.8,160.69,161.73,22210930
2024-09-02,AAPL,Technology,164.63,166.54,163.71,164.25,18259195
2024-09-03,AAPL,Technology,165.68,167.1,163.37,164.83,24139880
2024-09-04,AAPL,Technology,161.88,162.23,159.68,161.27,18916761
2024-09-05,AAPL,Technology,164.49,164.69,164.36,164.38,12304706
2024-09-06,AAPL,Technology,167.04,170.29,166.03,168.35,13037613
2024-09-09,AAPL,Technology,168.65,171.42,167.05,170.64,31439510
2024-09-10,AAPL,Technology,168.68,169.52,165.05,167.77,26825774
2024-09-11,AAPL,Technology,165.27,168.54,162.54,165.56,10255184
2024-09-12,AAPL,Technology,160.8,163.44,157.98,162.25,29638441
2024-09-13,AAPL,Technology,165.05,165.76,163.54,164.55,25268620
2024-09-16,AAPL,Technology,168.62,168.75,168.29,168.37,14696726
2024-09-17,AAPL,Technology,169.45,171.78,169.33,169.71,13057187
2024-09-18,AAPL,Technology,171.61,172.87,169.89,172.64,26382402
2024-09-19,AAPL,Technology,168.57,171.22,167.42,170.01,13099839
2024-09-20,AAPL,Technology,170.31,171.19,169.12,170.51,20701679
2024-09-23,AAPL,Technology,165.17,167.09,164.79,166.37,8833703
2024-09-24,AAPL,Technology,164.51,164.53,163.46,164.12,21530011
2024-09-25,AAPL,Technology,168.0,168.15,166.25,166.77,20819927
2024-09-26,AAPL,Technology,166.59,166.65,166.06,166.11,15059906
2024-09-27,AAPL,Technology,169.17,171.5,167.04,169.78,11273380
2024-09-30,AAPL,Technology,170.84,172.37,169.74,171.49,17904260
2024-10-01,AAPL,Technology,181.2,182.08,179.62,179.99,14128036
2024-10-02,AAPL,Technology,182.44,184.0,179.95,180.35,24394076
2024-10-03,AAPL,Technology,176.24,176.48,175.69,175.85,20271478
2024-10-04,AAPL,Technology,175.66,177.02,172.87,175.8,16069651
2024-10-07,AAPL,Technology,171.54,172.93,168.35,172.82,14349359
2024-10-08,AAPL,Technology,177.47,179.62,175.21,175.92,23941306
2024-10-09,AAPL,Technology,177.66,178.14,175.85,176.11,15900621
2024-10-10,AAPL,Technology,174.77,176.56,173.23,175.74,20203500
2024-10-11,AAPL,Technology,174.68,175.7,172.72,175.41,22277475
2024-10-14,AAPL,Technology,178.61,181.17,177.33,177.8,28544115
2024-10-15,AAPL,Technology,175.27,178.54,174.74,176.42,15038801
2024-10-16,AAPL,Technology,178.89,179.67,178.8,178.95,23730083
2024-10-17,AAPL,Technology,181.47,182.6,179.62,182.38,19188096
2024-10-18,AAPL,Technology,180.43,182.28,178.83,181.32,27591257
2024-10-21,AAPL,Technology,178.95,180.35,177.95,178.36,28442292
2024-10-22,AAPL,Technology,176.91,179.87,176.28,176.78,21307342
2024-10-23,AAPL,Technology,178.8,179.27,178.6,179.1,24913497
2024-10-24,AAPL,Technology,180.38,181.41,177.74,179.46,7134173
2024-10-25,AAPL,Technology,182.05,183.5,178.74,181.56,22680664
2024-10-28,AAPL,Technology,189.9,189.91,186.25,187.38,20537141
2024-10-29,AAPL,Technology,188.12,189.47,187.73,188.23,21833830
2024-10-30,AAPL,Technology,185.87,186.77,184.23,185.55,18742734
2024-10-31,AAPL,Technology,188.38,189.88,187.16,189.15,20162255
2024-11-01,AAPL,Technology,189.38,190.87,188.73,189.39,19790444
2024-11-04,AAPL,Technology,193.28,195.21,191.66,192.43,20037672
2024-11-05,AAPL,Technology,194.8,197.69,194.37,196.19,15706140
2024-11-06,AAPL,Technology,192.68,192.95,191.94,192.87,19472693
2024-11-07,AAPL,Technology,198.26,198.35,194.92,197.74,13401380
2024-11-08,AAPL,Technology,200.87,202.78,200.0,201.03,30662010
2024-11-11,AAPL,Technology,200.22,200.53,196.78,198.91,21004197
2024-11-12,AAPL,Technology,199.71,200.96,199.27,200.07,17252802
2024-11-13,AAPL,Technology,201.25,201.49,201.06,201.07,23018594
2024-11-14,AAPL,Technology,202.52,203.9,199.07,201.22,2118872
2024-11-15,AAPL,Technology,205.48,207.51,204.12,204.45,11788737
2024-11-18,AAPL,Technology,207.77,210.63,206.64,209.81,15936752
2024-11-19,AAPL,Technology,206.98,210.74,206.39,209.92,9630894
2024-11-20,AAPL,Technology,215.23,215.25,214.12,215.02,20800940
2024-11-21,AAPL,Technology,217.77,220.8,217.52,218.92,19774529
2024-11-22,AAPL,Technology,218.8,220.61,217.41,219.91,18756805
2024-11-25,AAPL,Technology,222.72,224.92,218.12,220.68,30245669
2024-11-26,AAPL,Technology,215.94,217.22,214.32,216.18,15733369
2024-11-27,AAPL,Technology,212.49,213.53,209.68,210.42,35040308
2024-11-28,AAPL,Technology,210.43,212.24,209.97,211.12,29061722
2024-11-29,AAPL,Technology,209.69,209.74,206.81,207.94,23179552
2024-12-02,AAPL,Technology,207.1,210.88,206.9,207.86,17412511
2024-12-03,AAPL,Technology,206.14,208.14,204.49,205.93,28353660
2024-12-04,AAPL,Technology,198.67,200.88,197.9,199.38,28250870
2024-12-05,AAPL,Technology,201.51,202.95,199.64,200.73,10029908
2024-12-06,AAPL,Technology,200.92,201.38,198.94,199.3,29246571
2024-12-09,AAPL,Technology,200.26,200.92,196.55,199.66,15468510
2024-12-10,AAPL,Technology,197.5,197.58,196.14,196.52,30646060
2024-12-11,AAPL,Technology,195.94,196.7,193.89,195.4,17415088
2024-12-12,AAPL,Technology,200.05,202.47,197.22,200.96,34333827
2024-12-13,AAPL,Technology,200.3,201.82,199.9,201.5,22113446
2024-12-16,AAPL,Technology,204.46,205.72,202.7,203.56,18797505
2024-12-17,AAPL,Technology,199.28,199.63,196.67,198.97,23396196
2024-12-18,AAPL,Technology,208.42,209.42,205.85,207.6,21230283
2024-12-19,AAPL,Technology,213.06,215.18,212.06,214.56,16271427
2024-12-20,AAPL,Technology,220.6,222.56,219.87,219.9,22123412
2024-12-23,AAPL,Technology,225.31,225.7,219.08,223.26,23917034
2024-12-24,AAPL,Technology,221.27,224.61,220.67,223.4,28977947
2024-12-25,AAPL,Technology,226.07,226.3,223.27,225.25,18504703
2024-12-26,AAPL,Technology,228.53,230.54,227.56,229.58,31634397
2024-12-27,AAPL,Technology,227.55,229.51,226.34,227.06,28327229
2024-12-30,AAPL,Technology,224.59,225.54,224.56,225.33,14480565
2024-12-31,AAPL,Technology,219.4,219.59,217.98,218.64,13763653
2025-01-01,AAPL,Technology,215.17,216.8,214.59,215.68,32033120
2025-01-02,AAPL,Technology,221.72,222.56,220.23,222.2,10053980
2025-01-03,AAPL,Technology,218.84,223.37,216.85,220.94,16109019
2025-01-06,AAPL,Technology,222.79,223.7,219.46,219.75,30741386
2025-01-07,AAPL,Technology,223.48,226.8,219.16,221.09,27121340
2025-01-08,AAPL,Technology,215.44,216.64,213.9,214.75,14247865
2025-01-09,AAPL,Technology,218.48,218.75,217.76,218.48,24831591
2025-01-10,AAPL,Technology,224.69,224.83,221.16,223.54,11987359
2025-01-13,AAPL,Technology,224.9,226.29,221.87,225.13,19387567
2025-01-14,AAPL,Technology,231.75,234.43,230.7,231.9,12808449
2025-01-15,AAPL,Technology,228.71,230.72,225.5,226.45,18382689
2025-01-16,AAPL,Technology,232.83,234.67,231.0,234.04,33134564
2025-01-17,AAPL,Technology,232.97,233.79,229.18,231.04,20949823
2025-01-20,AAPL,Technology,223.64,226.33,223.41,225.8,16708729
2025-01-21,AAPL,Technology,222.98,225.75,222.12,224.92,11790108
2025-01-22,AAPL,Technology,228.97,232.62,226.04,232.57,31573985
2025-01-23,AAPL,Technology,232.0,233.58,231.22,232.57,12988746
2025-01-24,AAPL,Technology,229.12,230.39,226.73,228.75,19265466
2025-01-27,AAPL,Technology,223.25,224.91,221.92,223.5,18382725
2025-01-28,AAPL,Technology,223.6,225.07,221.86,223.15,30396036
2025-01-29,AAPL,Technology,214.9,215.25,213.75,215.22,3025065
2025-01-30,AAPL,Technology,211.26,212.38,209.83,210.26,20433451
2025-01-31,AAPL,Technology,216.77,219.21,215.35,216.17,25515544
2025-02-03,AAPL,Technology,219.89,221.86,217.75,221.39,23224679
2025-02-04,AAPL,Technology,220.92,223.53,219.06,220.96,14832102
2025-02-05,AAPL,Technology,218.23,219.5,216.42,219.19,12866903
2025-02-06,AAPL,Technology,219.57,220.24,218.4,219.49,21198279
2025-02-07,AAPL,Technology,228.39,230.21,228.25,228.85,12473366
2025-02-10,AAPL,Technology,226.96,231.32,225.48,230.59,3453475
2025-02-11,AAPL,Technology,233.17,235.5,229.72,234.45,20110633
2025-02-12,AAPL,Technology,232.76,233.99,230.46,233.68,15451418
2025-02-13,AAPL,Technology,233.01,234.83,231.41,234.02,20822533
2025-02-14,AAPL,Technology,238.9,239.46,236.39,236.82,17926191
2025-02-17,AAPL,Technology,235.44,238.95,235.31,237.45,18704160
2025-02-18,AAPL,Technology,233.37,233.88,228.18,229.42,16985999
2025-02-19,AAPL,Technology,236.24,236.44,232.36,234.79,26388777
2025-02-20,AAPL,Technology,231.43,235.4,229.63,232.27,16839504
2025-02-21,AAPL,Technology,242.85,242.96,239.7,241.18,23352577
2025-02-24,AAPL,Technology,243.13,245.38,241.32,244.24,17625964
2025-02-25,AAPL,Technology,244.11,246.32,243.36,244.64,34377975
2025-02-26,AAPL,Technology,245.24,246.7,242.75,246.66,19408806
2025-02-27,AAPL,Technology,246.87,248.76,245.51,246.27,18657590
2025-02-28,AAPL,Technology,245.5,247.59,239.64,244.2,24015727
2025-03-03,AAPL,Technology,245.63,245.97,244.57,245.19,22330608
2025-03-04,AAPL,Technology,248.79,249.49,246.43,249.19,12931745
2025-03-05,AAPL,Technology,248.71,251.07,246.98,247.19,5138093
2025-03-06,AAPL,Technology,243.7,246.79,243.66,244.51,12982340
2025-03-07,AAPL,Technology,242.37,244.5,241.41,243.03,18295704
2025-03-10,AAPL,Technology,246.79,247.98,245.15,247.28,31253357
2025-03-11,AAPL,Technology,253.39,256.05,250.61,253.83,26941391
2025-03-12,AAPL,Technology,254.98,256.32,254.93,255.57,13650382
2025-03-13,AAPL,Technology,258.79,260.99,256.13,258.34,16718646
2025-03-14,AAPL,Technology,255.78,256.3,255.02,255.5,24065066
2025-03-17,AAPL,Technology,258.95,261.25,256.44,259.62,20848452
2025-03-18,AAPL,Technology,265.04,266.94,261.01,262.29,23556448
2025-03-19,AAPL,Technology,259.28,259.93,258.12,259.03,24400677
2025-03-20,AAPL,Technology,252.29,253.03,250.35,250.78,24665183
2025-03-21,AAPL,Technology,247.88,248.12,243.64,245.36,27701460
2025-03-24,AAPL,Technology,242.33,246.29,240.86,242.49,16224528
2025-03-25,AAPL,Technology,247.53,248.24,247.19,247.65,24922883
2025-03-26,AAPL,Technology,254.06,255.6,253.58,254.66,25128037
2025-03-27,AAPL,Technology,253.57,255.28,250.76,252.73,16220089
2025-03-28,AAPL,Technology,252.06,252.73,247.64,250.96,18403779
2025-03-31,AAPL,Technology,251.76,252.27,251.21,252.23,25555215
2025-04-01,AAPL,Technology,250.17,254.29,248.25,252.38,26605950
2025-04-02,AAPL,Technology,259.07,259.26,256.38,256.69,20454844
2025-04-03,AAPL,Technology,255.96,257.67,253.93,254.37,26779879
2025-04-04,AAPL,Technology,259.5,259.86,256.94,258.8,1075506
2025-04-07,AAPL,Technology,258.72,259.94,254.38,257.78,23537544
2025-04-08,AAPL,Technology,263.77,264.03,260.03,261.83,31231712
2025-04-09,AAPL,Technology,262.5,265.59,259.25,260.64,20492449
2025-04-10,AAPL,Technology,255.63,258.32,254.08,257.86,35135584
2025-04-11,AAPL,Technology,266.57,267.06,265.51,266.83,20270017
2025-04-14,AAPL,Technology,274.53,275.76,271.65,272.04,14777045
2025-04-15,AAPL,Technology,261.48,264.52,261.41,263.36,16965423
2025-04-16,AAPL,Technology,260.35,263.98,260.2,261.33,9450546
2025-04-17,AAPL,Technology,268.18,268.34,264.29,267.09,17804618
2025-04-18,AAPL,Technology,260.37,262.03,257.85,261.43,6861876
2025-04-21,AAPL,Technology,265.31,265.62,263.87,265.15,21455118
2025-04-22,AAPL,Technology,267.33,269.04,265.8,268.42,27484322
2025-04-23,AAPL,Technology,265.17,268.8,265.02,265.14,15015078
2025-04-24,AAPL,Technology,263.02,268.63,260.02,265.19,21831974
2025-04-25,AAPL,Technology,256.01,258.92,253.66,255.31,16589763
2025-04-28,AAPL,Technology,263.74,266.8,261.83,263.53,18088873
2025-04-29,AAPL,Technology,260.9,266.22,259.55,262.16,18489979
2025-04-30,AAPL,Technology,264.62,266.29,264.48,266.04,18394066
2025-05-01,AAPL,Technology,268.13,269.4,267.28,269.08,12345767
2025-05-02,AAPL,Technology,277.85,278.04,275.71,275.75,24914236
2025-05-05,AAPL,Technology,274.04,275.92,273.13,273.69,15685699
2025-05-06,AAPL,Technology,275.33,277.6,274.58,274.79,19733122
2025-05-07,AAPL,Technology,277.34,277.91,273.58,277.65,16130913
2025-05-08,AAPL,Technology,282.25,282.58,280.02,282.11,28809925
2025-05-09,AAPL,Technology,286.72,290.08,285.84,288.07,15449580
2025-05-12,AAPL,Technology,288.44,290.91,283.81,285.7,26957263
2025-05-13,AAPL,Technology,281.36,285.21,280.85,282.38,21982681
2025-05-14,AAPL,Technology,289.8,290.08,287.7,289.39,25510121
2025-05-15,AAPL,Technology,276.25,281.5,272.94,278.88,27180623
2025-05-16,AAPL,Technology,288.61,290.87,286.01,286.86,12238814
2025-05-19,AAPL,Technology,285.07,286.03,283.47,285.4,29121590
2025-05-20,AAPL,Technology,287.63,288.79,285.05,285.48,8201690
2025-05-21,AAPL,Technology,280.84,284.03,277.58,282.07,11339865
2025-05-22,AAPL,Technology,281.02,281.98,280.46,281.93,14307929
2025-05-23,AAPL,Technology,289.14,290.12,288.44,288.47,23782690
2025-05-26,AAPL,Technology,292.59,293.51,292.35,292.58,19347860
2025-05-27,AAPL,Technology,294.69,295.83,291.29,295.28,23884958
2025-05-28,AAPL,Technology,295.38,297.34,294.67,295.85,28162966
2025-05-29,AAPL,Technology,288.83,289.05,287.33,288.26,8988258
2025-05-30,AAPL,Technology,282.25,286.42,281.96,283.98,32071910
2025-06-02,AAPL,Technology,285.72,287.04,281.3,282.32,7379780
2025-06-03,AAPL,Technology,283.91,286.36,282.64,284.75,18790363
2025-06-04,AAPL,Technology,284.48,289.27,282.94,285.2,12469145
2025-06-05,AAPL,Technology,290.73,295.07,288.43,290.35,2284021
2025-06-06,AAPL,Technology,292.48,295.25,288.35,292.93,11373402
2025-06-09,AAPL,Technology,294.1,295.09,293.09,293.32,38443644
2025-06-10,AAPL,Technology,302.96,305.99,301.94,305.44,27552658
2025-06-11,AAPL,Technology,307.94,308.62,306.91,307.78,21845952
2025-06-12,AAPL,Technology,304.92,306.86,304.11,305.49,22600456
2025-06-13,AAPL,Technology,315.78,318.39,315.66,315.83,7575617
2025-06-16,AAPL,Technology,324.96,327.08,321.24,322.76,15802928
2025-06-17,AAPL,Technology,335.9,341.06,325.89,333.42,27344912
2025-06-18,AAPL,Technology,333.28,333.41,332.19,332.87,23606862
2025-06-19,AAPL,Technology,340.02,341.38,338.62,338.84,18586355
2025-06-20,AAPL,Technology,329.83,330.56,327.14,330.1,24113023
2025-06-23,AAPL,Technology,329.55,336.45,329.09,334.87,19834595
2025-06-24,AAPL,Technology,333.34,336.74,331.06,334.04,14564564
2025-06-25,AAPL,Technology,326.72,329.01,322.77,326.01,15585913
2025-06-26,AAPL,Technology,333.73,336.02,330.95,332.18,25032201
2025-06-27,AAPL,Technology,322.37,323.86,320.47,321.47,25558483
2025-06-30,AAPL,Technology,311.78,314.45,308.94,310.52,22421202
2025-07-01,AAPL,Technology,314.46,314.52,310.67,312.65,18825839
2025-07-02,AAPL,Technology,314.71,317.51,314.38,315.98,14428005
2025-07-03,AAPL,Technology,321.07,325.99,320.58,321.61,19973753
2025-07-04,AAPL,Technology,324.58,327.56,322.39,326.02,8731917
2025-07-07,AAPL,Technology,333.42,336.65,331.16,334.8,25761587
2025-07-08,AAPL,Technology,338.78,339.78,333.89,339.13,24405545
2025-07-09,AAPL,Technology,336.18,338.59,335.51,338.44,29473428
2025-07-10,AAPL,Technology,335.72,345.46,335.28,338.11,32547059
2025-07-11,AAPL,Technology,338.77,339.28,335.32,336.51,25605393
2025-07-14,AAPL,Technology,336.64,339.58,335.42,338.42,27373933
2025-07-15,AAPL,Technology,336.8,337.75,330.64,331.86,19786619
2025-07-16,AAPL,Technology,330.82,335.68,329.84,334.01,16303070
2025-07-17,AAPL,Technology,333.88,335.86,330.91,333.61,19966776
2025-07-18,AAPL,Technology,335.36,336.17,334.99,335.38,25731004
2025-07-21,AAPL,Technology,335.6,338.78,334.86,337.18,10560564
2025-07-22,AAPL,Technology,320.99,323.52,318.97,322.41,21800072
2025-07-23,AAPL,Technology,317.63,319.57,316.98,317.29,22693845
2025-07-24,AAPL,Technology,316.61,317.39,315.28,316.78,2923203
2025-07-25,AAPL,Technology,316.35,319.82,314.24,316.58,26711397
2025-07-28,AAPL,Technology,320.29,320.5,317.72,318.17,15649261
2025-07-29,AAPL,Technology,319.46,321.43,316.7,320.01,18990897
2025-07-30,AAPL,Technology,328.06,328.86,326.64,328.86,9875866
2025-07-31,AAPL,Technology,326.72,332.13,323.85,330.82,16414514
2025-08-01,AAPL,Technology,328.81,330.15,325.37,329.07,22248577
2025-08-04,AAPL,Technology,320.23,321.67,317.09,319.72,27226502
2025-08-05,AAPL,Technology,311.82,313.46,309.42,311.95,9107872
2025-08-06,AAPL,Technology,316.46,317.32,313.02,315.07,13888240
2025-08-07,AAPL,Technology,323.14,325.91,317.39,321.19,13671913
2025-08-08,AAPL,Technology,331.35,332.14,328.78,330.22,16163134
2025-08-11,AAPL,Technology,325.12,325.51,322.78,325.41,25142110
2025-08-12,AAPL,Technology,322.85,324.28,320.54,323.74,2060086
2025-08-13,AAPL,Technology,324.93,330.92,323.1,325.27,19830740
2025-08-14,AAPL,Technology,336.89,337.43,335.56,337.37,11713968
2025-08-15,AAPL,Technology,340.22,341.97,336.44,338.19,23029338
2025-08-18,AAPL,Technology,347.78,349.47,346.27,347.75,17491340
2025-08-19,AAPL,Technology,347.85,349.19,343.97,348.93,11306616
2025-08-20,AAPL,Technology,353.48,356.72,353.35,356.3,21176617
2025-08-21,AAPL,Technology,363.49,364.07,359.11,363.01,8778428
2025-08-22,AAPL,Technology,362.59,364.49,358.3,364.22,18736482
2025-08-25,AAPL,Technology,360.87,360.92,357.06,357.66,11159467
2025-08-26,AAPL,Technology,354.87,357.01,354.05,356.05,28921283
2025-08-27,AAPL,Technology,366.82,369.75,365.07,365.72,23446835
2025-08-28,AAPL,Technology,373.91,378.17,368.91,371.62,14299166
2025-08-29,AAPL,Technology,366.35,369.48,365.12,368.85,26864690
2025-09-01,AAPL,Technology,366.56,367.55,366.16,366.71,14129463
2025-09-02,AAPL,Technology,359.42,363.58,354.94,355.41,34106017
2025-09-03,AAPL,Technology,364.79,365.29,363.84,364.78,18704776
2025-09-04,AAPL,Technology,373.47,379.42,366.63,370.72,10014908
2025-09-05,AAPL,Technology,369.41,371.08,367.84,369.94,8797851
2025-09-08,AAPL,Technology,372.33,377.75,367.75,371.4,21290970
2025-09-09,AAPL,Technology,355.74,358.11,355.69,357.02,15482705
2025-09-10,AAPL,Technology,354.95,359.56,353.53,354.01,24994900
2025-09-11,AAPL,Technology,360.11,365.14,358.88,362.64,30336132
2025-09-12,AAPL,Technology,369.88,370.72,369.17,369.18,11227648
2025-09-15,AAPL,Technology,372.72,375.08,370.29,371.5,16680738
2025-09-16,AAPL,Technology,372.07,373.24,371.36,371.53,34637902
2025-09-17,AAPL,Technology,376.49,377.96,374.73,376.99,25165642
2025-09-18,AAPL,Technology,374.85,376.97,371.28,375.21,29885324
2025-09-19,AAPL,Technology,362.92,368.99,360.29,364.1,15181228
2025-09-22,AAPL,Technology,365.74,370.93,361.85,364.19,11501823
2025-09-23,AAPL,Technology,368.41,368.44,364.44,366.96,17121014
2025-09-24,AAPL,Technology,375.89,376.18,372.93,374.5,33776430
2025-09-25,AAPL,Technology,361.83,369.17,361.56,364.92,13684747
2025-09-26,AAPL,Technology,361.62,364.73,359.22,364.24,19074033
2025-09-29,AAPL,Technology,366.84,370.67,363.84,363.87,11213772
2025-09-30,AAPL,Technology,357.49,359.77,355.7,356.79,1767433
2025-10-01,AAPL,Technology,360.43,361.56,358.99,360.04,28600808
2025-10-02,AAPL,Technology,362.9,366.8,359.78,365.01,7536798
2025-10-03,AAPL,Technology,363.86,365.18,363.02,363.23,22394845
2025-10-06,AAPL,Technology,375.8,378.63,375.71,376.79,12367801
2025-10-07,AAPL,Technology,372.56,376.59,369.48,374.76,24621431
2025-10-08,AAPL,Technology,372.81,377.44,370.06,371.88,28309605
2025-10-09,AAPL,Technology,366.87,370.06,365.65,368.82,25439556
2025-10-10,AAPL,Technology,363.04,365.1,359.33,363.54,32116526
2025-10-13,AAPL,Technology,361.91,362.13,357.91,360.01,14162295
2025-10-14,AAPL,Technology,351.83,352.89,347.3,350.84,24510587
2025-10-15,AAPL,Technology,346.91,352.4,344.42,349.75,17282189
2025-10-16,AAPL,Technology,350.71,355.75,342.39,350.24,24205028
2025-10-17,AAPL,Technology,335.64,337.26,333.49,335.97,17724547
2025-10-20,AAPL,Technology,338.72,339.28,334.27,335.47,24618718
2025-10-21,AAPL,Technology,336.61,338.64,334.35,335.84,16063991
2025-10-22,AAPL,Technology,337.05,340.14,335.16,339.07,23164184
2025-10-23,AAPL,Technology,349.67,349.69,344.87,346.54,12336670
2025-10-24,AAPL,Technology,351.24,353.73,349.09,351.97,17911128
2025-10-27,AAPL,Technology,348.03,351.97,347.14,348.16,26187207
2025-10-28,AAPL,Technology,344.74,345.98,343.55,343.67,20014685
2025-10-29,AAPL,Technology,346.14,349.12,345.09,347.38,23403490
2025-10-30,AAPL,Technology,343.1,349.41,340.39,344.08,16619277
2025-10-31,AAPL,Technology,335.02,338.27,334.08,336.59,27372022
2025-11-03,AAPL,Technology,352.26,354.0,347.64,351.09,28434230
2025-11-04,AAPL,Technology,349.74,350.67,348.89,349.25,7553236
2025-11-05,AAPL,Technology,346.2,348.76,342.07,345.43,9327288
2025-11-06,AAPL,Technology,333.92,335.43,328.26,331.93,16221220
2025-11-07,AAPL,Technology,334.02,339.84,331.05,337.13,18875933
2025-11-10,AAPL,Technology,330.27,331.63,329.08,331.25,27773561
2025-11-11,AAPL,Technology,334.13,335.0,328.37,331.54,17076090
2025-11-12,AAPL,Technology,337.91,340.25,335.11,337.43,22367672
2025-11-13,AAPL,Technology,331.56,331.73,329.75,331.65,18355320
2025-11-14,AAPL,Technology,330.58,334.37,328.12,332.24,7064417
2025-11-17,AAPL,Technology,339.75,345.15,338.16,341.47,19382276
2025-11-18,AAPL,Technology,323.93,328.65,321.59,326.49,21413685
2025-11-19,AAPL,Technology,321.96,323.63,321.43,321.84,16145202
2025-11-20,AAPL,Technology,316.24,320.53,313.19,316.71,10884030
2025-11-21,AAPL,Technology,317.17,319.02,313.14,315.75,25686837
2025-11-24,AAPL,Technology,318.21,320.79,313.51,315.59,27076610
2025-11-25,AAPL,Technology,310.13,311.36,308.92,309.68,22695459
2025-11-26,AAPL,Technology,303.94,308.44,301.38,306.14,18362377
2025-11-27,AAPL,Technology,301.91,305.31,300.79,301.98,23962789
2025-11-28,AAPL,Technology,300.08,302.61,299.36,300.18,23910719
2025-12-01,AAPL,Technology,299.81,301.52,299.43,301.47,21539750
2025-12-02,AAPL,Technology,305.9,306.8,304.08,306.51,16913279
2025-12-03,AAPL,Technology,309.73,316.38,306.65,312.44,10935171
2025-12-04,AAPL,Technology,317.4,318.55,315.63,316.23,22021328
2025-12-05,AAPL,Technology,310.97,313.12,309.42,311.36,13563103
2025-12-08,AAPL,Technology,310.05,311.6,308.46,311.45,24731417
2025-12-09,AAPL,Technology,327.48,328.85,324.31,324.87,23457061
2025-12-10,AAPL,Technology,331.76,331.94,329.15,330.92,23335220
2025-12-11,AAPL,Technology,326.22,330.47,324.13,328.41,14631588
2025-12-12,AAPL,Technology,337.95,339.61,337.37,337.88,27463155
2025-12-15,AAPL,Technology,339.92,341.84,332.3,335.64,22088372
2025-12-16,AAPL,Technology,333.01,333.56,328.24,331.72,10611332
2025-12-17,AAPL,Technology,341.44,342.93,335.95,340.16,33888758
2025-12-18,AAPL,Technology,330.89,333.58,328.84,332.27,17260112
2025-12-19,AAPL,Technology,320.86,320.99,316.42,320.94,19868633
2025-12-22,AAPL,Technology,325.27,327.64,321.89,326.49,11185028
2025-12-23,AAPL,Technology,328.2,328.86,326.1,326.76,25488341
2025-12-24,AAPL,Technology,328.23,329.58,325.34,327.63,17650191
2025-12-25,AAPL,Technology,324.53,328.15,322.6,325.61,40573204
2025-12-26,AAPL,Technology,326.5,329.68,321.24,324.32,23332544
2025-12-29,AAPL,Technology,322.71,323.99,321.17,321.76,19088671
2025-12-30,AAPL,Technology,318.81,319.01,313.17,318.25,18359520
2025-12-31,AAPL,Technology,314.72,316.57,307.96,316.17,22533241
2024-01-26,AMZN,Consumer Discretionary,128.73,131.26,128.65,130.0,24147977
2024-01-29,AMZN,Consumer Discretionary,132.53,133.23,131.37,132.37,19792732
2024-01-30,AMZN,Consumer Discretionary,132.64,134.54,131.45,132.1,57184645
2024-01-31,AMZN,Consumer Discretionary,134.23,136.36,133.57,135.06,32638152
2024-02-01,AMZN,Consumer Discretionary,136.83,138.13,136.04,136.27,46986497
2024-02-02,AMZN,Consumer Discretionary,134.87,135.64,134.59,135.37,16824044
2024-02-05,AMZN,Consumer Discretionary,139.49,139.93,138.98,139.74,51369415
2024-02-06,AMZN,Consumer Discretionary,137.59,139.69,136.6,138.32,27568106
2024-02-07,AMZN,Consumer Discretionary,131.35,132.92,130.78,132.07,10388180
2024-02-08,AMZN,Consumer Discretionary,133.7,136.22,132.19,134.55,33699048
2024-02-09,AMZN,Consumer Discretionary,136.25,136.92,135.39,135.58,41865092
2024-02-12,AMZN,Consumer Discretionary,138.74,139.4,137.87,139.27,14892226
2024-02-13,AMZN,Consumer Discretionary,139.41,139.44,136.57,136.74,39889049
2024-02-14,AMZN,Consumer Discretionary,136.85,136.9,135.92,136.07,13118469
2024-02-15,AMZN,Consumer Discretionary,134.61,135.67,134.11,135.08,39542787
2024-02-16,AMZN,Consumer Discretionary,137.67,139.38,136.44,137.77,41626660
2024-02-19,AMZN,Consumer Discretionary,140.49,140.68,138.47,139.7,60948813
2024-02-20,AMZN,Consumer Discretionary,140.47,142.02,139.68,140.37,33767051
2024-02-21,AMZN,Consumer Discretionary,139.64,141.26,139.19,141.06,42586866
2024-02-22,AMZN,Consumer Discretionary,138.83,139.84,135.19,137.7,36632931
2024-02-23,AMZN,Consumer Discretionary,140.58,140.88,137.93,139.96,20171006
2024-02-26,AMZN,Consumer Discretionary,141.27,144.73,141.27,142.32,19966925
2024-02-27,AMZN,Consumer Discretionary,151.68,151.89,147.59,149.21,12488717
2024-02-28,AMZN,Consumer Discretionary,150.23,150.85,149.08,150.73,23608905
2024-02-29,AMZN,Consumer Discretionary,152.57,153.08,150.19,152.78,31369748
2024-03-01,AMZN,Consumer Discretionary,154.82,155.53,153.56,154.36,26898849
2024-03-04,AMZN,Consumer Discretionary,151.84,152.36,150.36,152.15,38622381
2024-03-05,AMZN,Consumer Discretionary,155.95,157.19,155.69,156.18,28030916
2024-03-06,AMZN,Consumer Discretionary,155.58,156.29,153.83,156.05,28598616
2024-03-07,AMZN,Consumer Discretionary,155.59,157.49,155.06,155.46,25362751
2024-03-08,AMZN,Consumer Discretionary,154.26,155.1,153.7,155.07,28478142
2024-03-11,AMZN,Consumer Discretionary,155.02,156.26,154.38,154.9,28452723
2024-03-12,AMZN,Consumer Discretionary,154.51,154.84,152.51,153.37,31571213
2024-03-13,AMZN,Consumer Discretionary,155.76,156.96,153.4,154.1,34737746
2024-03-14,AMZN,Consumer Discretionary,155.23,156.64,153.11,153.84,38063937
2024-03-15,AMZN,Consumer Discretionary,152.25,155.23,152.05,153.3,28368431
2024-03-18,AMZN,Consumer Discretionary,154.39,156.0,151.97,154.92,22517424
2024-03-19,AMZN,Consumer Discretionary,154.74,157.35,152.8,155.21,14523860
2024-03-20,AMZN,Consumer Discretionary,152.89,154.63,152.06,153.45,16957784
2024-03-21,AMZN,Consumer Discretionary,151.69,152.06,148.08,151.04,31619069
2024-03-22,AMZN,Consumer Discretionary,151.26,152.49,150.32,151.4,19695954
2024-03-25,AMZN,Consumer Discretionary,150.36,150.38,148.36,149.07,42384473
2024-03-26,AMZN,Consumer Discretionary,144.37,148.13,144.31,146.55,31920688
2024-03-27,AMZN,Consumer Discretionary,143.37,145.03,142.78,144.12,50823284
2024-03-28,AMZN,Consumer Discretionary,145.85,147.4,144.7,144.94,21883004
2024-03-29,AMZN,Consumer Discretionary,147.88,149.22,145.33,148.61,20673781
2024-04-01,AMZN,Consumer Discretionary,149.21,149.96,149.05,149.74,31216791
2024-04-02,AMZN,Consumer Discretionary,152.56,153.32,150.05,152.58,22124389
2024-04-03,AMZN,Consumer Discretionary,151.47,153.0,150.31,152.4,36802783
2024-04-04,AMZN,Consumer Discretionary,153.63,153.8,152.23,152.9,20458693
2024-04-05,AMZN,Consumer Discretionary,156.75,159.57,156.52,158.25,15618147
2024-04-08,AMZN,Consumer Discretionary,160.22,162.23,160.16,161.06,38052551
2024-04-09,AMZN,Consumer Discretionary,163.91,167.38,163.65,164.27,26188074
2024-04-10,AMZN,Consumer Discretionary,163.18,164.27,162.88,163.41,28343808
2024-04-11,AMZN,Consumer Discretionary,163.42,164.01,162.83,163.44,22984636
2024-04-12,AMZN,Consumer Discretionary,166.32,167.1,163.74,164.88,39590673
2024-04-15,AMZN,Consumer Discretionary,163.37,164.65,160.67,162.83,29681963
2024-04-16,AMZN,Consumer Discretionary,154.62,156.98,153.42,154.8,21589791
2024-04-17,AMZN,Consumer Discretionary,156.5,156.72,155.54,156.14,17823938
2024-04-18,AMZN,Consumer Discretionary,159.7,160.0,158.96,159.34,20678960
2024-04-19,AMZN,Consumer Discretionary,158.98,161.14,157.58,159.57,18222323
2024-04-22,AMZN,Consumer Discretionary,157.57,158.64,156.4,157.62,28721315
2024-04-23,AMZN,Consumer Discretionary,155.09,157.9,152.41,156.57,32157526
2024-04-24,AMZN,Consumer Discretionary,149.25,150.48,148.54,149.95,37344234
2024-04-25,AMZN,Consumer Discretionary,148.83,150.17,146.28,148.95,17460675
2024-04-26,AMZN,Consumer Discretionary,145.65,146.06,144.39,145.5,30217816
2024-04-29,AMZN,Consumer Discretionary,142.85,143.74,141.62,143.41,36515460
2024-04-30,AMZN,Consumer Discretionary,139.06,141.19,138.58,139.94,27443183
2024-05-01,AMZN,Consumer Discretionary,135.66,137.41,135.26,136.22,31639864
2024-05-02,AMZN,Consumer Discretionary,132.33,134.7,129.19,133.39,35789412
2024-05-03,AMZN,Consumer Discretionary,136.0,136.49,133.76,135.2,27090725
2024-05-06,AMZN,Consumer Discretionary,133.85,134.23,130.21,133.8,40737980
2024-05-07,AMZN,Consumer Discretionary,131.3,132.31,130.57,130.72,19818559
2024-05-08,AMZN,Consumer Discretionary,133.52,133.68,131.58,132.83,28489086
2024-05-09,AMZN,Consumer Discretionary,132.52,133.4,131.56,133.23,27969028
2024-05-10,AMZN,Consumer Discretionary,127.26,127.31,126.24,126.66,29673453
2024-05-13,AMZN,Consumer Discretionary,129.91,131.12,129.06,129.35,40477228
2024-05-14,AMZN,Consumer Discretionary,130.05,130.11,128.88,129.58,32089862
2024-05-15,AMZN,Consumer Discretionary,132.34,134.59,130.0,131.72,37445214
2024-05-16,AMZN,Consumer Discretionary,129.89,131.57,129.5,131.13,18043581
2024-05-17,AMZN,Consumer Discretionary,135.89,136.12,133.19,135.59,21644418
2024-05-20,AMZN,Consumer Discretionary,135.76,136.17,133.8,134.54,35451909
2024-05-21,AMZN,Consumer Discretionary,127.59,127.63,126.85,127.14,21914197
2024-05-22,AMZN,Consumer Discretionary,124.15,125.6,123.92,124.8,26926036
2024-05-23,AMZN,Consumer Discretionary,126.38,126.66,124.64,126.15,40173856
2024-05-24,AMZN,Consumer Discretionary,126.71,126.93,126.16,126.61,29995996
2024-05-27,AMZN,Consumer Discretionary,126.94,127.51,125.57,126.33,40801585
2024-05-28,AMZN,Consumer Discretionary,124.44,124.6,122.58,123.75,43873279
2024-05-29,AMZN,Consumer Discretionary,123.65,124.33,121.84,123.83,30984306
2024-05-30,AMZN,Consumer Discretionary,123.95,125.53,123.36,123.83,22872103
2024-05-31,AMZN,Consumer Discretionary,125.9,126.51,123.35,123.81,19220787
2024-06-03,AMZN,Consumer Discretionary,126.25,126.65,124.48,125.24,34557062
2024-06-04,AMZN,Consumer Discretionary,124.66,126.42,122.8,125.76,33196273
2024-06-05,AMZN,Consumer Discretionary,125.63,126.55,123.33,125.13,39433497
2024-06-06,AMZN,Consumer Discretionary,122.87,123.8,121.62,122.53,35229360
2024-06-07,AMZN,Consumer Discretionary,125.27,126.46,122.03,126.07,31594725
2024-06-10,AMZN,Consumer Discretionary,130.82,132.58,130.39,131.35,38601609
2024-06-11,AMZN,Consumer Discretionary,135.27,137.39,132.88,136.2,35111698
2024-06-12,AMZN,Consumer Discretionary,138.93,139.13,137.64,138.24,35082941
2024-06-13,AMZN,Consumer Discretionary,132.16,133.89,130.19,133.42,20879944
2024-06-14,AMZN,Consumer Discretionary,128.95,129.49,128.37,128.43,29354699
2024-06-17,AMZN,Consumer Discretionary,125.48,127.38,124.76,126.99,21312348
2024-06-18,AMZN,Consumer Discretionary,127.36,128.28,126.23,126.88,7466540
2024-06-19,AMZN,Consumer Discretionary,126.43,127.82,126.34,126.66,18480683
2024-06-20,AMZN,Consumer Discretionary,127.3,127.45,125.43,127.22,32523477
2024-06-21,AMZN,Consumer Discretionary,122.1,124.85,122.05,123.53,18686818
2024-06-24,AMZN,Consumer Discretionary,125.35,129.19,124.59,127.74,32753840
2024-06-25,AMZN,Consumer Discretionary,131.31,132.29,130.54,131.82,29688783
2024-06-26,AMZN,Consumer Discretionary,127.48,129.86,125.8,128.23,39650587
2024-06-27,AMZN,Consumer Discretionary,123.28,123.79,123.08,123.25,34812965
2024-06-28,AMZN,Consumer Discretionary,124.12,124.44,122.14,123.06,28241894
2024-07-01,AMZN,Consumer Discretionary,127.8,129.25,125.39,126.36,35417397
2024-07-02,AMZN,Consumer Discretionary,126.87,128.1,125.82,126.31,14563761
2024-07-03,AMZN,Consumer Discretionary,127.09,127.97,125.91,127.04,20718777
2024-07-04,AMZN,Consumer Discretionary,127.87,128.02,125.52,125.9,15850629
2024-07-05,AMZN,Consumer Discretionary,124.86,127.2,123.35,126.33,30943606
2024-07-08,AMZN,Consumer Discretionary,129.36,130.16,128.23,128.87,41160058
2024-07-09,AMZN,Consumer Discretionary,129.51,131.56,129.03,130.02,10356146
2024-07-10,AMZN,Consumer Discretionary,131.02,133.61,129.73,131.64,27462680
2024-07-11,AMZN,Consumer Discretionary,125.29,127.48,124.73,127.08,13315709
2024-07-12,AMZN,Consumer Discretionary,134.23,134.35,132.49,132.82,23829737
2024-07-15,AMZN,Consumer Discretionary,127.03,129.66,125.66,128.26,23107800
2024-07-16,AMZN,Consumer Discretionary,128.73,130.94,127.29,128.72,33615180
2024-07-17,AMZN,Consumer Discretionary,128.65,130.55,126.9,128.35,25465566
2024-07-18,AMZN,Consumer Discretionary,128.48,128.82,125.89,128.1,38843219
2024-07-19,AMZN,Consumer Discretionary,130.62,130.84,128.89,130.48,33322028
2024-07-22,AMZN,Consumer Discretionary,129.84,132.23,128.08,128.58,22704917
2024-07-23,AMZN,Consumer Discretionary,128.86,130.53,127.41,127.45,42591804
2024-07-24,AMZN,Consumer Discretionary,125.81,125.89,121.83,124.42,27398631
2024-07-25,AMZN,Consumer Discretionary,127.21,128.31,126.84,127.39,28529956
2024-07-26,AMZN,Consumer Discretionary,129.27,129.3,126.31,128.14,31263996
2024-07-29,AMZN,Consumer Discretionary,129.32,130.83,128.56,129.89,41969032
2024-07-30,AMZN,Consumer Discretionary,132.9,134.12,131.4,132.14,35497867
2024-07-31,AMZN,Consumer Discretionary,139.42,140.22,135.63,137.71,22376079
2024-08-01,AMZN,Consumer Discretionary,142.24,143.36,141.38,143.01,36542731
2024-08-02,AMZN,Consumer Discretionary,143.15,144.55,142.32,144.02,13266101
2024-08-05,AMZN,Consumer Discretionary,143.69,145.45,143.07,144.54,38874236
2024-08-06,AMZN,Consumer Discretionary,141.64,143.39,140.24,142.97,33802048
2024-08-07,AMZN,Consumer Discretionary,144.68,146.53,143.7,145.25,22011781
2024-08-08,AMZN,Consumer Discretionary,147.15,150.2,145.98,147.45,35661941
2024-08-09,AMZN,Consumer Discretionary,145.24,147.1,143.76,145.23,21242502
2024-08-12,AMZN,Consumer Discretionary,147.05,150.34,146.18,147.47,34898890
2024-08-13,AMZN,Consumer Discretionary,151.17,151.67,150.28,150.64,31351930
2024-08-14,AMZN,Consumer Discretionary,147.39,147.45,145.27,147.14,14975113
2024-08-15,AMZN,Consumer Discretionary,148.72,149.75,146.9,147.77,38532609
2024-08-16,AMZN,Consumer Discretionary,147.52,149.93,147.43,147.61,18092012
2024-08-19,AMZN,Consumer Discretionary,146.95,149.18,146.37,147.64,21917720
2024-08-20,AMZN,Consumer Discretionary,142.56,145.58,139.9,144.73,33580514
2024-08-21,AMZN,Consumer Discretionary,139.04,139.28,138.55,139.22,28575544
2024-08-22,AMZN,Consumer Discretionary,137.02,138.02,135.08,137.05,13283244
2024-08-23,AMZN,Consumer Discretionary,135.13,135.24,132.37,134.52,31007493
2024-08-26,AMZN,Consumer Discretionary,135.25,135.84,135.2,135.55,16622151
2024-08-27,AMZN,Consumer Discretionary,135.99,138.7,134.93,136.65,28613017
2024-08-28,AMZN,Consumer Discretionary,137.85,140.14,137.43,137.59,33165266
2024-08-29,AMZN,Consumer Discretionary,133.45,134.3,132.99,133.59,22459335
2024-08-30,AMZN,Consumer Discretionary,129.97,130.68,127.45,130.49,20491687
2024-09-02,AMZN,Consumer Discretionary,128.58,128.9,127.84,128.84,38350873
2024-09-03,AMZN,Consumer Discretionary,127.02,129.52,126.14,128.94,24851009
2024-09-04,AMZN,Consumer Discretionary,127.41,128.55,126.44,128.07,29744807
2024-09-05,AMZN,Consumer Discretionary,128.3,129.44,127.86,128.95,34927753
2024-09-06,AMZN,Consumer Discretionary,132.86,135.77,131.5,131.63,10873045
2024-09-09,AMZN,Consumer Discretionary,130.89,131.4,128.1,128.91,27360083
2024-09-10,AMZN,Consumer Discretionary,125.7,127.32,124.03,126.34,36971171
2024-09-11,AMZN,Consumer Discretionary,128.29,128.35,126.43,126.74,25111854
2024-09-12,AMZN,Consumer Discretionary,126.33,127.67,126.24,126.56,20050072
2024-09-13,AMZN,Consumer Discretionary,128.93,129.11,128.26,128.57,43944369
2024-09-16,AMZN,Consumer Discretionary,128.6,129.45,126.39,128.63,40371313
2024-09-17,AMZN,Consumer Discretionary,134.34,134.69,133.12,133.37,14920664
2024-09-18,AMZN,Consumer Discretionary,129.37,129.67,128.94,128.97,37662068
2024-09-19,AMZN,Consumer Discretionary,130.28,133.08,129.29,131.28,27017653
2024-09-20,AMZN,Consumer Discretionary,131.75,132.4,130.06,131.87,28687688
2024-09-23,AMZN,Consumer Discretionary,128.14,128.16,126.11,128.02,24125865
2024-09-24,AMZN,Consumer Discretionary,122.48,124.01,122.33,122.5,38727297
2024-09-25,AMZN,Consumer Discretionary,118.96,119.85,117.47,119.64,21144803
2024-09-26,AMZN,Consumer Discretionary,122.6,122.98,121.58,122.72,23690259
2024-09-27,AMZN,Consumer Discretionary,125.67,125.72,124.23,125.58,42648294
2024-09-30,AMZN,Consumer Discretionary,124.6,125.39,123.9,125.28,42404833
2024-10-01,AMZN,Consumer Discretionary,124.92,125.23,123.67,124.36,34235293
2024-10-02,AMZN,Consumer Discretionary,121.45,122.36,119.96,122.16,25692005
2024-10-03,AMZN,Consumer Discretionary,121.82,122.07,119.35,121.72,27902151
2024-10-04,AMZN,Consumer Discretionary,120.77,121.29,119.37,120.54,19164258
2024-10-07,AMZN,Consumer Discretionary,125.51,127.59,123.46,124.91,14667895
2024-10-08,AMZN,Consumer Discretionary,122.36,123.04,121.11,121.7,23223252
2024-10-09,AMZN,Consumer Discretionary,123.29,124.28,122.64,122.74,26916459
2024-10-10,AMZN,Consumer Discretionary,127.68,128.29,126.05,127.31,15249396
2024-10-11,AMZN,Consumer Discretionary,129.43,130.6,129.36,129.42,25509543
2024-10-14,AMZN,Consumer Discretionary,126.36,127.25,124.79,126.4,7395098
2024-10-15,AMZN,Consumer Discretionary,122.24,122.79,121.55,122.35,40525782
2024-10-16,AMZN,Consumer Discretionary,122.42,124.55,120.75,123.09,8786816
2024-10-17,AMZN,Consumer Discretionary,123.59,124.0,120.49,123.51,13695444
2024-10-18,AMZN,Consumer Discretionary,127.37,129.53,125.79,126.75,30840413
2024-10-21,AMZN,Consumer Discretionary,128.23,130.06,125.91,128.25,22012556
2024-10-22,AMZN,Consumer Discretionary,125.38,129.22,123.99,126.98,27246238
2024-10-23,AMZN,Consumer Discretionary,125.69,127.58,124.75,125.54,24837565
2024-10-24,AMZN,Consumer Discretionary,122.3,122.71,121.07,122.14,20095445
2024-10-25,AMZN,Consumer Discretionary,123.44,123.69,121.88,122.51,18987140
2024-10-28,AMZN,Consumer Discretionary,116.72,119.45,115.87,118.93,31086492
2024-10-29,AMZN,Consumer Discretionary,123.75,124.47,118.45,121.24,33217234
2024-10-30,AMZN,Consumer Discretionary,122.29,123.13,120.46,122.77,45441729
2024-10-31,AMZN,Consumer Discretionary,123.8,124.51,122.31,124.25,35698399
2024-11-01,AMZN,Consumer Discretionary,122.02,122.06,120.16,120.84,31194298
2024-11-04,AMZN,Consumer Discretionary,120.81,120.89,120.31,120.49,26017224
2024-11-05,AMZN,Consumer Discretionary,120.29,121.04,118.56,119.54,17903947
2024-11-06,AMZN,Consumer Discretionary,119.65,120.58,119.5,119.84,21466603
2024-11-07,AMZN,Consumer Discretionary,121.4,121.74,120.31,121.2,30931806
2024-11-08,AMZN,Consumer Discretionary,119.7,120.17,118.37,119.93,22179447
2024-11-11,AMZN,Consumer Discretionary,119.07,119.14,118.35,118.77,21355929
2024-11-12,AMZN,Consumer Discretionary,120.59,121.71,119.55,120.5,14812760
2024-11-13,AMZN,Consumer Discretionary,116.72,118.84,116.14,117.68,14071466
2024-11-14,AMZN,Consumer Discretionary,115.65,116.47,115.25,115.87,23964178
2024-11-15,AMZN,Consumer Discretionary,116.06,116.16,115.7,115.92,25658284
2024-11-18,AMZN,Consumer Discretionary,119.81,120.62,115.68,118.15,22884017
2024-11-19,AMZN,Consumer Discretionary,115.72,117.07,114.93,115.78,46143232
2024-11-20,AMZN,Consumer Discretionary,119.77,122.1,118.52,120.16,17488203
2024-11-21,AMZN,Consumer Discretionary,116.54,116.85,115.64,116.79,32073127
2024-11-22,AMZN,Consumer Discretionary,120.31,120.76,119.99,120.63,18834139
2024-11-25,AMZN,Consumer Discretionary,123.01,124.77,121.12,123.7,43384226
2024-11-26,AMZN,Consumer Discretionary,119.77,120.81,119.02,120.03,42102992
2024-11-27,AMZN,Consumer Discretionary,116.76,117.26,114.89,115.95,11059558
2024-11-28,AMZN,Consumer Discretionary,117.35,118.64,116.14,117.74,23984355
2024-11-29,AMZN,Consumer Discretionary,117.46,117.99,115.99,116.84,22011436
2024-12-02,AMZN,Consumer Discretionary,115.34,116.09,114.28,114.4,20115086
2024-12-03,AMZN,Consumer Discretionary,118.56,118.84,117.78,118.79,18390134
2024-12-04,AMZN,Consumer Discretionary,116.06,116.88,115.06,115.85,18597566
2024-12-05,AMZN,Consumer Discretionary,114.06,115.02,112.61,114.11,20664097
2024-12-06,AMZN,Consumer Discretionary,114.22,115.18,111.66,112.69,20705030
2024-12-09,AMZN,Consumer Discretionary,105.52,106.76,105.47,106.1,33325852
2024-12-10,AMZN,Consumer Discretionary,106.78,107.63,105.45,106.34,18814893
2024-12-11,AMZN,Consumer Discretionary,104.26,104.52,103.43,104.33,30316556
2024-12-12,AMZN,Consumer Discretionary,107.65,108.11,105.75,106.14,33128922
2024-12-13,AMZN,Consumer Discretionary,107.89,108.88,107.24,108.27,45466522
2024-12-16,AMZN,Consumer Discretionary,109.06,109.63,108.29,108.83,22720771
2024-12-17,AMZN,Consumer Discretionary,110.36,111.54,108.8,109.42,22256719
2024-12-18,AMZN,Consumer Discretionary,109.81,110.08,108.44,109.83,23825879
2024-12-19,AMZN,Consumer Discretionary,108.18,108.81,107.55,108.24,36616985
2024-12-20,AMZN,Consumer Discretionary,106.83,107.09,104.89,106.88,23619550
2024-12-23,AMZN,Consumer Discretionary,110.58,110.97,109.2,109.88,49786708
2024-12-24,AMZN,Consumer Discretionary,112.89,113.33,110.54,111.61,6120111
2024-12-25,AMZN,Consumer Discretionary,111.57,112.57,111.35,112.13,22952073
2024-12-26,AMZN,Consumer Discretionary,111.75,113.94,111.24,113.57,43234329
2024-12-27,AMZN,Consumer Discretionary,112.9,114.29,110.36,113.46,24856123
2024-12-30,AMZN,Consumer Discretionary,114.58,115.17,111.89,113.94,25214599
2024-12-31,AMZN,Consumer Discretionary,115.5,116.82,115.12,115.39,8511266
2025-01-01,AMZN,Consumer Discretionary,110.88,111.56,109.14,110.4,17813018
2025-01-02,AMZN,Consumer Discretionary,112.65,113.18,112.12,112.54,19312674
2025-01-03,AMZN,Consumer Discretionary,112.82,114.88,112.67,114.54,22208142
2025-01-06,AMZN,Consumer Discretionary,113.24,113.28,111.45,112.7,8975383
2025-01-07,AMZN,Consumer Discretionary,114.85,118.0,114.16,115.68,29531274
2025-01-08,AMZN,Consumer Discretionary,110.2,110.55,109.12,110.33,22945754
2025-01-09,AMZN,Consumer Discretionary,111.58,111.91,109.36,111.18,34899651
2025-01-10,AMZN,Consumer Discretionary,112.18,112.73,110.31,111.3,24671799
2025-01-13,AMZN,Consumer Discretionary,110.69,112.21,109.64,110.61,29673177
2025-01-14,AMZN,Consumer Discretionary,111.0,111.48,110.27,110.69,47930676
2025-01-15,AMZN,Consumer Discretionary,111.17,113.45,110.03,112.08,46133300
2025-01-16,AMZN,Consumer Discretionary,106.78,108.65,105.45,107.86,9502967
2025-01-17,AMZN,Consumer Discretionary,109.05,110.62,108.87,110.16,43140533
2025-01-20,AMZN,Consumer Discretionary,109.12,109.81,108.83,109.25,32255662
2025-01-21,AMZN,Consumer Discretionary,111.92,112.09,109.78,111.61,18805418
2025-01-22,AMZN,Consumer Discretionary,114.16,114.34,112.85,113.15,38544139
2025-01-23,AMZN,Consumer Discretionary,111.36,112.37,111.23,112.16,23422969
2025-01-24,AMZN,Consumer Discretionary,112.08,112.26,110.69,112.01,29462099
2025-01-27,AMZN,Consumer Discretionary,111.06,112.15,109.77,111.99,24977745
2025-01-28,AMZN,Consumer Discretionary,114.95,115.93,114.15,115.81,33466799
2025-01-29,AMZN,Consumer Discretionary,112.96,114.69,111.86,113.07,26218261
2025-01-30,AMZN,Consumer Discretionary,112.57,112.94,112.03,112.06,24198089
2025-01-31,AMZN,Consumer Discretionary,108.89,110.21,107.64,108.37,36641497
2025-02-03,AMZN,Consumer Discretionary,109.32,109.82,107.65,108.69,44194926
2025-02-04,AMZN,Consumer Discretionary,108.52,108.73,106.96,107.3,33640381
2025-02-05,AMZN,Consumer Discretionary,106.57,106.75,105.08,106.2,30666553
2025-02-06,AMZN,Consumer Discretionary,109.92,110.59,109.22,109.54,25073812
2025-02-07,AMZN,Consumer Discretionary,108.35,108.41,107.26,107.68,25950918
2025-02-10,AMZN,Consumer Discretionary,106.17,107.51,105.56,107.35,30997007
2025-02-11,AMZN,Consumer Discretionary,107.37,107.6,105.91,106.35,35388824
2025-02-12,AMZN,Consumer Discretionary,107.05,107.18,104.57,105.5,35923926
2025-02-13,AMZN,Consumer Discretionary,112.98,113.29,110.88,111.67,39616110
2025-02-14,AMZN,Consumer Discretionary,108.32,108.44,107.0,107.63,26914435
2025-02-17,AMZN,Consumer Discretionary,109.44,110.27,108.82,109.12,24018970
2025-02-18,AMZN,Consumer Discretionary,115.12,115.95,114.35,114.72,19594942
2025-02-19,AMZN,Consumer Discretionary,117.22,118.29,115.86,117.35,7407310
2025-02-20,AMZN,Consumer Discretionary,118.62,119.13,116.9,117.5,17261824
2025-02-21,AMZN,Consumer Discretionary,115.18,115.44,113.12,114.64,41512191
2025-02-24,AMZN,Consumer Discretionary,117.94,118.33,117.45,117.82,8163163
2025-02-25,AMZN,Consumer Discretionary,120.62,120.89,119.98,120.18,40098550
2025-02-26,AMZN,Consumer Discretionary,115.34,116.93,114.51,116.35,24999349
2025-02-27,AMZN,Consumer Discretionary,115.65,116.07,115.27,115.6,19195776
2025-02-28,AMZN,Consumer Discretionary,113.91,116.22,112.57,112.71,20364860
2025-03-03,AMZN,Consumer Discretionary,106.96,108.26,105.68,105.98,20953045
2025-03-04,AMZN,Consumer Discretionary,102.52,103.52,101.77,103.27,27825208
2025-03-05,AMZN,Consumer Discretionary,103.55,104.09,103.21,103.53,25464228
2025-03-06,AMZN,Consumer Discretionary,105.36,105.49,104.1,104.82,33382483
2025-03-07,AMZN,Consumer Discretionary,104.52,105.74,103.17,104.14,23114585
2025-03-10,AMZN,Consumer Discretionary,108.37,108.61,104.65,107.18,25734555
2025-03-11,AMZN,Consumer Discretionary,109.62,112.03,108.3,109.53,20782442
2025-03-12,AMZN,Consumer Discretionary,109.5,109.71,108.09,109.28,17322994
2025-03-13,AMZN,Consumer Discretionary,108.09,109.72,107.95,108.73,22642566
2025-03-14,AMZN,Consumer Discretionary,108.99,110.74,107.65,109.64,39189645
2025-03-17,AMZN,Consumer Discretionary,109.97,110.24,108.51,109.63,25319079
2025-03-18,AMZN,Consumer Discretionary,105.92,108.01,104.98,106.38,20955828
2025-03-19,AMZN,Consumer Discretionary,106.55,107.34,105.26,105.75,33644961
2025-03-20,AMZN,Consumer Discretionary,106.84,108.93,106.81,107.26,30630005
2025-03-21,AMZN,Consumer Discretionary,109.8,111.12,109.36,110.25,29811496
2025-03-24,AMZN,Consumer Discretionary,111.95,113.87,110.76,112.51,39300080
2025-03-25,AMZN,Consumer Discretionary,112.9,113.66,111.52,113.33,16822275
2025-03-26,AMZN,Consumer Discretionary,116.3,117.59,114.72,116.84,47030117
2025-03-27,AMZN,Consumer Discretionary,118.47,119.25,117.34,117.91,46583573
2025-03-28,AMZN,Consumer Discretionary,117.93,118.77,117.62,117.73,25103700
2025-03-31,AMZN,Consumer Discretionary,122.69,123.25,119.94,121.42,30178143
2025-04-01,AMZN,Consumer Discretionary,122.63,123.9,122.53,123.29,21628041
2025-04-02,AMZN,Consumer Discretionary,125.82,127.98,125.24,126.7,29042412
2025-04-03,AMZN,Consumer Discretionary,123.81,124.42,122.07,123.58,16870840
2025-04-04,AMZN,Consumer Discretionary,121.58,121.84,121.33,121.38,15127803
2025-04-07,AMZN,Consumer Discretionary,119.99,120.74,118.66,119.34,34562222
2025-04-08,AMZN,Consumer Discretionary,120.11,121.4,118.97,119.83,38739151
2025-04-09,AMZN,Consumer Discretionary,124.7,125.29,123.56,124.46,22705315
2025-04-10,AMZN,Consumer Discretionary,121.18,122.38,119.4,121.52,38755943
2025-04-11,AMZN,Consumer Discretionary,124.62,125.95,123.72,123.86,18954519
2025-04-14,AMZN,Consumer Discretionary,120.57,121.12,120.14,120.77,47122844
2025-04-15,AMZN,Consumer Discretionary,125.83,127.04,125.02,126.18,37822847
2025-04-16,AMZN,Consumer Discretionary,120.72,122.77,119.25,121.99,30068172
2025-04-17,AMZN,Consumer Discretionary,124.07,126.29,123.66,123.92,20836024
2025-04-18,AMZN,Consumer Discretionary,126.02,127.45,124.69,126.25,33273393
2025-04-21,AMZN,Consumer Discretionary,128.84,130.15,127.49,127.93,18542302
2025-04-22,AMZN,Consumer Discretionary,125.57,126.53,125.4,125.61,38679186
2025-04-23,AMZN,Consumer Discretionary,122.73,123.02,122.64,122.86,35485661
2025-04-24,AMZN,Consumer Discretionary,125.65,128.51,125.16,126.18,37280435
2025-04-25,AMZN,Consumer Discretionary,129.36,130.06,127.77,129.0,32497100
2025-04-28,AMZN,Consumer Discretionary,131.96,132.1,129.82,131.84,18522452
2025-04-29,AMZN,Consumer Discretionary,136.59,136.63,133.0,135.08,25964984
2025-04-30,AMZN,Consumer Discretionary,131.56,131.96,129.15,130.77,26107398
2025-05-01,AMZN,Consumer Discretionary,125.82,127.03,125.0,126.5,17461041
2025-05-02,AMZN,Consumer Discretionary,124.2,125.55,123.31,124.76,17210037
2025-05-05,AMZN,Consumer Discretionary,122.62,123.91,122.3,123.54,21070084
2025-05-06,AMZN,Consumer Discretionary,122.06,123.63,121.06,122.06,8778651
2025-05-07,AMZN,Consumer Discretionary,123.16,123.27,122.07,122.8,34025003
2025-05-08,AMZN,Consumer Discretionary,126.38,128.73,125.03,125.72,50172869
2025-05-09,AMZN,Consumer Discretionary,125.44,126.15,123.75,124.98,27868009
2025-05-12,AMZN,Consumer Discretionary,123.49,124.24,122.32,122.88,24580322
2025-05-13,AMZN,Consumer Discretionary,125.15,125.77,125.0,125.01,16372965
2025-05-14,AMZN,Consumer Discretionary,123.69,124.6,122.71,124.31,22805925
2025-05-15,AMZN,Consumer Discretionary,124.5,125.05,123.51,124.63,23205714
2025-05-16,AMZN,Consumer Discretionary,124.84,125.82,123.27,123.79,29192275
2025-05-19,AMZN,Consumer Discretionary,124.97,126.21,123.43,124.72,40645994
2025-05-20,AMZN,Consumer Discretionary,122.13,122.7,120.72,122.1,21655036
2025-05-21,AMZN,Consumer Discretionary,123.75,124.01,122.81,124.0,36575910
2025-05-22,AMZN,Consumer Discretionary,123.77,125.52,123.51,123.95,18798629
2025-05-23,AMZN,Consumer Discretionary,120.85,123.29,120.52,122.0,40898965
2025-05-26,AMZN,Consumer Discretionary,123.42,123.64,122.17,123.39,12727663
2025-05-27,AMZN,Consumer Discretionary,121.85,121.86,120.87,121.45,23014710
2025-05-28,AMZN,Consumer Discretionary,119.03,119.79,117.38,119.65,36049792
2025-05-29,AMZN,Consumer Discretionary,116.29,117.98,114.65,116.66,40463253
2025-05-30,AMZN,Consumer Discretionary,111.85,112.83,110.61,112.52,12054318
2025-06-02,AMZN,Consumer Discretionary,114.89,115.14,112.72,113.82,25304227
2025-06-03,AMZN,Consumer Discretionary,116.11,117.07,115.48,116.64,9167460
2025-06-04,AMZN,Consumer Discretionary,115.41,116.89,115.21,115.57,16192239
2025-06-05,AMZN,Consumer Discretionary,113.32,113.84,113.12,113.67,30130653
2025-06-06,AMZN,Consumer Discretionary,109.85,110.92,109.32,109.38,100000
2025-06-09,AMZN,Consumer Discretionary,104.58,104.85,103.56,104.42,30763689
2025-06-10,AMZN,Consumer Discretionary,106.83,107.25,105.2,106.04,29302577
2025-06-11,AMZN,Consumer Discretionary,100.82,102.24,99.79,101.68,28305394
2025-06-12,AMZN,Consumer Discretionary,98.09,100.77,97.96,99.27,36064146
2025-06-13,AMZN,Consumer Discretionary,98.87,100.27,97.77,99.89,46006964
2025-06-16,AMZN,Consumer Discretionary,100.32,100.74,98.31,100.11,48061459
2025-06-17,AMZN,Consumer Discretionary,100.45,101.61,100.24,100.82,42359514
2025-06-18,AMZN,Consumer Discretionary,102.27,102.38,100.02,100.86,28121413
2025-06-19,AMZN,Consumer Discretionary,99.48,101.38,98.96,100.14,42590832
2025-06-20,AMZN,Consumer Discretionary,98.58,99.08,96.27,97.78,49347069
2025-06-23,AMZN,Consumer Discretionary,96.4,97.16,94.89,96.5,49466679
2025-06-24,AMZN,Consumer Discretionary,95.68,96.86,95.09,95.95,42617349
2025-06-25,AMZN,Consumer Discretionary,91.76,93.09,91.6,92.17,22546479
2025-06-26,AMZN,Consumer Discretionary,91.01,91.05,90.19,90.67,24880802
2025-06-27,AMZN,Consumer Discretionary,89.61,90.43,88.08,89.99,29885742
2025-06-30,AMZN,Consumer Discretionary,87.61,89.1,87.54,88.72,45595284
2025-07-01,AMZN,Consumer Discretionary,88.68,89.36,86.32,88.11,27400384
2025-07-02,AMZN,Consumer Discretionary,90.07,90.94,87.57,89.37,14046530
2025-07-03,AMZN,Consumer Discretionary,89.02,92.49,88.86,90.88,18737275
2025-07-04,AMZN,Consumer Discretionary,94.06,94.21,93.3,93.79,39429982
2025-07-07,AMZN,Consumer Discretionary,90.69,91.52,90.05,90.85,35481833
2025-07-08,AMZN,Consumer Discretionary,90.13,91.78,89.74,90.08,18977597
2025-07-09,AMZN,Consumer Discretionary,92.67,93.19,92.04,92.43,19625764
2025-07-10,AMZN,Consumer Discretionary,88.84,90.48,88.54,89.06,19956943
2025-07-11,AMZN,Consumer Discretionary,87.53,88.31,86.39,86.89,33292778
2025-07-14,AMZN,Consumer Discretionary,86.3,87.19,85.26,85.79,33481340
2025-07-15,AMZN,Consumer Discretionary,89.24,89.96,88.34,89.5,22374098
2025-07-16,AMZN,Consumer Discretionary,87.85,87.97,86.91,87.7,37069631
2025-07-17,AMZN,Consumer Discretionary,90.04,91.54,89.51,89.72,20207854
2025-07-18,AMZN,Consumer Discretionary,90.32,91.41,89.43,89.7,31212658
2025-07-21,AMZN,Consumer Discretionary,87.59,88.15,86.45,87.56,43719273
2025-07-22,AMZN,Consumer Discretionary,93.04,94.11,92.06,92.74,27589941
2025-07-23,AMZN,Consumer Discretionary,92.39,93.59,91.16,93.15,41135549
2025-07-24,AMZN,Consumer Discretionary,93.54,96.13,93.38,93.91,24912979
2025-07-25,AMZN,Consumer Discretionary,94.84,95.41,94.14,94.99,37304336
2025-07-28,AMZN,Consumer Discretionary,96.2,97.66,95.66,95.93,50042688
2025-07-29,AMZN,Consumer Discretionary,100.53,100.84,99.99,100.3,31729982
2025-07-30,AMZN,Consumer Discretionary,102.53,104.3,102.49,104.09,40127736
2025-07-31,AMZN,Consumer Discretionary,102.11,103.53,101.71,102.08,19908725
2025-08-01,AMZN,Consumer Discretionary,105.63,107.19,105.14,106.44,39907308
2025-08-04,AMZN,Consumer Discretionary,105.23,105.79,104.49,104.91,28684968
2025-08-05,AMZN,Consumer Discretionary,106.11,108.27,105.55,105.65,17571045
2025-08-06,AMZN,Consumer Discretionary,103.21,103.34,102.43,102.46,13109516
2025-08-07,AMZN,Consumer Discretionary,105.39,105.95,104.23,104.72,19819540
2025-08-08,AMZN,Consumer Discretionary,103.57,104.27,102.97,104.08,31919181
2025-08-11,AMZN,Consumer Discretionary,100.21,102.01,98.7,101.6,31963713
2025-08-12,AMZN,Consumer Discretionary,104.27,106.01,102.12,104.16,19797353
2025-08-13,AMZN,Consumer Discretionary,107.07,108.11,106.28,107.34,19305815
2025-08-14,AMZN,Consumer Discretionary,111.38,111.76,109.56,110.68,17690133
2025-08-15,AMZN,Consumer Discretionary,107.09,107.62,106.14,107.18,22633688
2025-08-18,AMZN,Consumer Discretionary,110.72,111.22,110.21,110.75,36302297
2025-08-19,AMZN,Consumer Discretionary,110.23,110.62,109.76,110.08,27951427
2025-08-20,AMZN,Consumer Discretionary,115.04,115.18,114.84,114.86,12991401
2025-08-21,AMZN,Consumer Discretionary,116.89,117.07,115.42,116.4,27704068
2025-08-22,AMZN,Consumer Discretionary,115.77,117.4,115.58,117.05,34905612
2025-08-25,AMZN,Consumer Discretionary,115.58,117.15,115.08,117.11,21288805
2025-08-26,AMZN,Consumer Discretionary,117.16,117.78,116.39,117.11,23742522
2025-08-27,AMZN,Consumer Discretionary,114.96,116.14,114.25,115.47,18948005
2025-08-28,AMZN,Consumer Discretionary,114.18,115.1,111.15,112.92,20287411
2025-08-29,AMZN,Consumer Discretionary,112.26,112.57,110.69,112.09,38935823
2025-09-01,AMZN,Consumer Discretionary,115.53,115.99,113.62,114.93,32087861
2025-09-02,AMZN,Consumer Discretionary,111.91,113.37,110.56,111.59,19543357
2025-09-03,AMZN,Consumer Discretionary,115.23,115.87,114.28,114.77,32323698
2025-09-04,AMZN,Consumer Discretionary,114.15,115.27,113.89,115.15,23472295
2025-09-05,AMZN,Consumer Discretionary,117.31,118.1,117.04,117.07,29880201
2025-09-08,AMZN,Consumer Discretionary,120.2,120.67,118.96,119.16,18413090
2025-09-09,AMZN,Consumer Discretionary,122.03,122.37,120.21,121.52,28157040
2025-09-10,AMZN,Consumer Discretionary,120.22,123.35,119.48,121.61,22173983
2025-09-11,AMZN,Consumer Discretionary,122.12,122.23,121.61,121.78,26768204
2025-09-12,AMZN,Consumer Discretionary,123.43,124.12,122.82,124.1,24093157
2025-09-15,AMZN,Consumer Discretionary,121.18,121.66,120.24,121.43,26444075
2025-09-16,AMZN,Consumer Discretionary,119.18,120.72,117.57,118.42,32884654
2025-09-17,AMZN,Consumer Discretionary,117.54,118.39,117.21,117.3,37248782
2025-09-18,AMZN,Consumer Discretionary,118.5,118.86,117.15,118.04,28589491
2025-09-19,AMZN,Consumer Discretionary,122.76,123.33,122.59,122.84,37364093
2025-09-22,AMZN,Consumer Discretionary,123.69,124.06,122.38,123.0,40032730
2025-09-23,AMZN,Consumer Discretionary,128.08,129.41,126.68,128.2,22565846
2025-09-24,AMZN,Consumer Discretionary,129.07,131.59,128.45,129.63,11981103
2025-09-25,AMZN,Consumer Discretionary,127.83,129.07,127.05,128.44,21383667
2025-09-26,AMZN,Consumer Discretionary,131.46,132.53,130.85,131.57,30283702
2025-09-29,AMZN,Consumer Discretionary,130.52,131.21,128.92,130.94,38687518
2025-09-30,AMZN,Consumer Discretionary,132.09,132.97,130.24,131.67,19701347
2025-10-01,AMZN,Consumer Discretionary,127.72,130.05,124.35,128.01,26252150
2025-10-02,AMZN,Consumer Discretionary,124.81,126.1,122.96,123.99,45713488
2025-10-03,AMZN,Consumer Discretionary,125.43,126.54,125.28,125.47,6112101
2025-10-06,AMZN,Consumer Discretionary,128.39,129.31,128.35,128.42,24947529
2025-10-07,AMZN,Consumer Discretionary,134.15,134.83,131.84,133.71,28563728
2025-10-08,AMZN,Consumer Discretionary,133.49,134.99,131.38,131.47,46529447
2025-10-09,AMZN,Consumer Discretionary,136.5,137.09,135.32,135.55,27682037
2025-10-10,AMZN,Consumer Discretionary,138.68,139.42,138.35,139.34,28795712
2025-10-13,AMZN,Consumer Discretionary,137.29,139.42,137.24,137.94,44332091
2025-10-14,AMZN,Consumer Discretionary,142.08,142.47,141.1,142.0,26167464
2025-10-15,AMZN,Consumer Discretionary,146.57,146.57,144.01,144.86,20385959
2025-10-16,AMZN,Consumer Discretionary,148.85,149.2,148.31,148.38,22837529
2025-10-17,AMZN,Consumer Discretionary,154.56,155.55,153.74,155.18,26469556
2025-10-20,AMZN,Consumer Discretionary,159.1,159.15,158.68,158.81,25759021
2025-10-21,AMZN,Consumer Discretionary,151.75,155.19,151.34,151.73,33959233
2025-10-22,AMZN,Consumer Discretionary,153.23,153.57,151.15,152.81,24879423
2025-10-23,AMZN,Consumer Discretionary,148.81,149.23,146.63,147.83,31245349
2025-10-24,AMZN,Consumer Discretionary,147.31,149.01,145.83,148.34,24609448
2025-10-27,AMZN,Consumer Discretionary,147.34,152.2,145.29,148.68,27797664
2025-10-28,AMZN,Consumer Discretionary,147.96,149.25,145.85,146.9,24626703
2025-10-29,AMZN,Consumer Discretionary,145.0,146.11,143.52,143.77,30035153
2025-10-30,AMZN,Consumer Discretionary,141.94,143.3,140.47,142.22,40425522
2025-10-31,AMZN,Consumer Discretionary,140.46,141.43,140.3,141.25,27385884
2025-11-03,AMZN,Consumer Discretionary,140.96,142.08,140.02,140.9,19496433
2025-11-04,AMZN,Consumer Discretionary,142.36,142.91,139.76,141.26,22998750
2025-11-05,AMZN,Consumer Discretionary,142.74,144.9,141.63,143.04,38828733
2025-11-06,AMZN,Consumer Discretionary,142.87,144.01,141.32,142.14,25776889
2025-11-07,AMZN,Consumer Discretionary,145.09,146.26,144.26,146.0,29007415
2025-11-10,AMZN,Consumer Discretionary,147.14,148.55,145.32,145.93,15599118
2025-11-11,AMZN,Consumer Discretionary,148.9,149.82,148.54,148.81,33046168
2025-11-12,AMZN,Consumer Discretionary,147.01,149.97,146.32,147.9,44612224
2025-11-13,AMZN,Consumer Discretionary,155.48,158.07,155.43,156.47,14751808
2025-11-14,AMZN,Consumer Discretionary,156.92,158.07,156.39,158.05,14972666
2025-11-17,AMZN,Consumer Discretionary,161.78,164.69,161.52,163.52,27640451
2025-11-18,AMZN,Consumer Discretionary,160.68,161.46,159.28,161.19,31523915
2025-11-19,AMZN,Consumer Discretionary,159.6,160.97,158.32,159.73,25521719
2025-11-20,AMZN,Consumer Discretionary,158.73,160.58,158.17,158.93,7583953
2025-11-21,AMZN,Consumer Discretionary,169.24,170.58,165.0,167.23,28071774
2025-11-24,AMZN,Consumer Discretionary,167.13,167.81,166.24,166.53,34009580
2025-11-25,AMZN,Consumer Discretionary,164.39,165.46,163.2,163.7,23045002
2025-11-26,AMZN,Consumer Discretionary,166.54,168.96,165.02,168.23,43370875
2025-11-27,AMZN,Consumer Discretionary,168.81,169.89,166.08,168.48,37802386
2025-11-28,AMZN,Consumer Discretionary,165.86,168.24,165.55,167.76,27029083
2025-12-01,AMZN,Consumer Discretionary,165.7,165.89,162.3,165.66,27844613
2025-12-02,AMZN,Consumer Discretionary,165.06,168.44,164.29,167.41,6788144
2025-12-03,AMZN,Consumer Discretionary,170.32,172.02,168.62,171.2,29609087
2025-12-04,AMZN,Consumer Discretionary,174.46,176.19,173.94,174.08,35015027
2025-12-05,AMZN,Consumer Discretionary,173.13,175.0,170.25,172.39,13931437
2025-12-08,AMZN,Consumer Discretionary,169.84,172.0,168.01,168.86,45755413
2025-12-09,AMZN,Consumer Discretionary,154.45,154.99,153.66,154.66,24508723
2025-12-10,AMZN,Consumer Discretionary,153.37,153.62,151.23,151.64,22463968
2025-12-11,AMZN,Consumer Discretionary,149.61,151.29,149.17,150.5,22974422
2025-12-12,AMZN,Consumer Discretionary,149.73,153.01,148.44,150.36,29124243
2025-12-15,AMZN,Consumer Discretionary,150.1,150.9,149.47,149.55,25368688
2025-12-16,AMZN,Consumer Discretionary,158.84,159.19,158.04,158.39,12558726
2025-12-17,AMZN,Consumer Discretionary,159.6,161.61,158.7,160.07,28024640
2025-12-18,AMZN,Consumer Discretionary,156.31,158.65,155.25,155.96,35213188
2025-12-19,AMZN,Consumer Discretionary,158.46,160.18,157.39,158.15,17924397
2025-12-22,AMZN,Consumer Discretionary,157.77,159.92,157.07,159.5,18197508
2025-12-23,AMZN,Consumer Discretionary,154.78,156.24,152.82,156.03,23740074
2025-12-24,AMZN,Consumer Discretionary,157.61,157.74,155.32,157.02,34827154
2025-12-25,AMZN,Consumer Discretionary,157.72,158.85,157.27,158.82,36361682
2025-12-26,AMZN,Consumer Discretionary,161.2,162.82,160.06,162.28,22746897
2025-12-29,AMZN,Consumer Discretionary,152.7,159.03,152.0,156.28,20262403
2025-12-30,AMZN,Consumer Discretionary,157.33,159.12,156.39,158.46,9357085
2025-12-31,AMZN,Consumer Discretionary,163.05,165.62,161.5,163.19,28481915
2024-01-26,BAC,Financials,31.98,32.07,31.89,32.0,8717902
2024-01-29,BAC,Financials,32.6,32.86,32.28,32.75,13355626
2024-01-30,BAC,Financials,34.14,34.33,33.85,34.05,8970028
2024-01-31,BAC,Financials,33.94,34.26,33.47,34.09,15857780
2024-02-01,BAC,Financials,34.24,34.33,33.83,34.15,22596063
2024-02-02,BAC,Financials,35.1,35.28,34.56,35.01,17136882
2024-02-05,BAC,Financials,34.22,34.61,33.98,34.28,7502825
2024-02-06,BAC,Financials,34.39,34.64,34.29,34.63,15037293
2024-02-07,BAC,Financials,35.27,35.31,34.39,34.96,12322996
2024-02-08,BAC,Financials,35.8,35.82,35.18,35.57,15597430
2024-02-09,BAC,Financials,35.77,36.15,35.69,36.12,18553865
2024-02-12,BAC,Financials,36.45,36.69,35.98,36.1,16649389
2024-02-13,BAC,Financials,35.17,35.58,35.16,35.21,15184409
2024-02-14,BAC,Financials,34.63,35.19,34.38,34.86,6999257
2024-02-15,BAC,Financials,35.66,35.74,35.2,35.4,18548785
2024-02-16,BAC,Financials,36.58,37.09,36.35,36.59,5303393
2024-02-19,BAC,Financials,35.74,35.99,35.5,35.79,7195568
2024-02-20,BAC,Financials,35.01,35.38,34.89,34.97,11858078
2024-02-21,BAC,Financials,34.08,34.42,33.67,33.99,12600651
2024-02-22,BAC,Financials,33.67,33.9,33.25,33.53,17620407
2024-02-23,BAC,Financials,33.85,34.45,33.37,34.11,18702284
2024-02-26,BAC,Financials,35.32,35.41,34.9,34.93,15948072
2024-02-27,BAC,Financials,33.63,33.81,33.41,33.63,14470865
2024-02-28,BAC,Financials,32.72,33.17,32.63,32.91,13014727
2024-02-29,BAC,Financials,32.25,32.35,31.96,32.09,15458950
2024-03-01,BAC,Financials,31.46,31.75,31.32,31.6,12474990
2024-03-04,BAC,Financials,31.78,32.1,31.19,31.48,16939647
2024-03-05,BAC,Financials,31.53,32.24,30.94,31.26,17824957
2024-03-06,BAC,Financials,31.34,31.83,31.26,31.56,5461631
2024-03-07,BAC,Financials,30.58,31.05,30.22,30.48,11947244
2024-03-08,BAC,Financials,30.22,30.38,29.79,30.2,19281127
2024-03-11,BAC,Financials,31.17,31.25,30.8,30.95,11621209
2024-03-12,BAC,Financials,31.79,31.96,31.61,31.74,19781902
2024-03-13,BAC,Financials,32.79,32.8,32.52,32.7,11208364
2024-03-14,BAC,Financials,33.08,33.44,32.68,32.94,12138351
2024-03-15,BAC,Financials,32.42,32.82,32.26,32.56,13394135
2024-03-18,BAC,Financials,32.95,33.25,32.54,32.67,13028572
2024-03-19,BAC,Financials,34.03,34.17,33.95,34.17,15746062
2024-03-20,BAC,Financials,34.12,34.44,33.77,33.85,10414671
2024-03-21,BAC,Financials,35.06,35.17,34.73,34.98,9216812
2024-03-22,BAC,Financials,33.54,33.55,33.4,33.45,16563623
2024-03-25,BAC,Financials,33.94,34.07,33.6,33.8,7516845
2024-03-26,BAC,Financials,34.21,34.56,34.18,34.21,19196976
2024-03-27,BAC,Financials,34.38,34.58,33.89,34.45,20576984
2024-03-28,BAC,Financials,34.58,34.76,34.5,34.73,14422794
2024-03-29,BAC,Financials,35.41,35.43,35.0,35.06,16708168
2024-04-01,BAC,Financials,35.66,35.9,35.3,35.43,6118386
2024-04-02,BAC,Financials,35.14,35.44,35.07,35.23,17355923
2024-04-03,BAC,Financials,35.43,35.73,34.78,35.07,11906423
2024-04-04,BAC,Financials,34.39,34.4,33.69,34.22,14076108
2024-04-05,BAC,Financials,34.56,34.78,34.48,34.68,18825947
2024-04-08,BAC,Financials,35.59,36.22,35.47,35.5,12993708
2024-04-09,BAC,Financials,36.51,36.65,36.45,36.63,14788217
2024-04-10,BAC,Financials,36.11,36.27,35.86,36.09,11695272
2024-04-11,BAC,Financials,35.2,35.54,34.96,34.98,9026299
2024-04-12,BAC,Financials,35.21,35.76,34.96,35.23,16058278
2024-04-15,BAC,Financials,34.69,35.07,34.22,34.51,11615798
2024-04-16,BAC,Financials,34.77,35.02,34.73,34.87,17026937
2024-04-17,BAC,Financials,33.4,33.83,33.39,33.5,16735891
2024-04-18,BAC,Financials,34.38,34.66,34.07,34.16,17323966
2024-04-19,BAC,Financials,34.59,34.71,34.08,34.26,16210517
2024-04-22,BAC,Financials,33.08,33.65,32.97,33.09,14012795
2024-04-23,BAC,Financials,33.49,33.67,32.92,33.28,14257967
2024-04-24,BAC,Financials,33.41,33.43,33.34,33.34,8427184
2024-04-25,BAC,Financials,33.64,33.75,33.38,33.67,15250543
2024-04-26,BAC,Financials,34.11,34.58,34.04,34.16,16091470
2024-04-29,BAC,Financials,32.65,33.07,32.63,32.68,14011681
2024-04-30,BAC,Financials,32.39,32.46,32.11,32.42,17448823
2024-05-01,BAC,Financials,32.38,32.77,32.17,32.37,11398376
2024-05-02,BAC,Financials,31.97,32.31,31.87,32.21,16277191
2024-05-03,BAC,Financials,32.25,32.5,31.91,32.01,7913963
2024-05-06,BAC,Financials,32.39,32.78,32.31,32.63,17098010
2024-05-07,BAC,Financials,31.46,31.81,31.06,31.62,14473174
2024-05-08,BAC,Financials,31.34,31.84,31.25,31.46,12655258
2024-05-09,BAC,Financials,31.24,31.69,30.94,31.35,10531540
2024-05-10,BAC,Financials,31.18,31.52,31.1,31.3,15886394
2024-05-13,BAC,Financials,30.68,31.19,30.29,30.76,13737200
2024-05-14,BAC,Financials,31.91,32.08,31.75,31.95,13430331
2024-05-15,BAC,Financials,32.48,32.61,32.18,32.52,5838431
2024-05-16,BAC,Financials,33.77,33.92,33.72,33.83,12951290
2024-05-17,BAC,Financials,34.13,34.28,33.92,34.22,20644103
2024-05-20,BAC,Financials,34.55,34.8,34.37,34.7,9973436
2024-05-21,BAC,Financials,34.71,34.74,34.59,34.71,12127361
2024-05-22,BAC,Financials,35.56,35.8,35.03,35.7,9340792
2024-05-23,BAC,Financials,36.14,36.16,35.89,36.07,16746481
2024-05-24,BAC,Financials,35.99,36.0,35.84,35.95,9858561
2024-05-27,BAC,Financials,37.14,37.5,36.98,37.16,18678725
2024-05-28,BAC,Financials,36.32,36.55,35.91,36.3,12628947
2024-05-29,BAC,Financials,35.87,35.95,35.62,35.83,8972650
2024-05-30,BAC,Financials,37.82,37.88,37.15,37.65,18043527
2024-05-31,BAC,Financials,37.96,38.35,37.88,38.12,19197084
2024-06-03,BAC,Financials,36.22,36.59,36.02,36.32,9954195
2024-06-04,BAC,Financials,36.83,37.15,36.6,36.99,21926256
2024-06-05,BAC,Financials,36.06,36.65,35.94,36.32,15102382
2024-06-06,BAC,Financials,35.64,36.09,35.12,35.96,14942418
2024-06-07,BAC,Financials,37.67,37.72,37.42,37.62,16052548
2024-06-10,BAC,Financials,38.83,38.89,38.56,38.75,13012631
2024-06-11,BAC,Financials,40.27,40.3,40.09,40.15,16171275
2024-06-12,BAC,Financials,39.64,40.08,39.56,39.72,19067651
2024-06-13,BAC,Financials,39.59,39.68,39.52,39.53,16945923
2024-06-14,BAC,Financials,39.65,39.82,39.34,39.69,10963180
2024-06-17,BAC,Financials,40.52,40.84,40.16,40.32,7576611
2024-06-18,BAC,Financials,40.09,40.15,39.94,40.09,14135785
2024-06-19,BAC,Financials,41.62,41.76,41.4,41.45,12327234
2024-06-20,BAC,Financials,42.09,42.17,41.46,41.83,6048953
2024-06-21,BAC,Financials,43.05,43.28,42.76,42.96,7190292
2024-06-24,BAC,Financials,42.25,42.78,42.12,42.37,16520557
2024-06-25,BAC,Financials,42.14,42.47,41.84,42.06,14567236
2024-06-26,BAC,Financials,41.88,42.33,41.42,42.26,12615159
2024-06-27,BAC,Financials,41.59,42.11,41.4,41.92,23548464
2024-06-28,BAC,Financials,43.11,43.34,42.62,42.73,19120607
2024-07-01,BAC,Financials,43.29,43.9,43.0,43.56,12749971
2024-07-02,BAC,Financials,43.65,43.79,42.99,43.38,18071390
2024-07-03,BAC,Financials,43.89,44.1,43.31,43.91,10059797
2024-07-04,BAC,Financials,45.5,46.05,45.28,45.53,10165684
2024-07-05,BAC,Financials,46.16,46.58,45.92,46.4,14581533
2024-07-08,BAC,Financials,46.98,47.07,46.67,46.96,13129350
2024-07-09,BAC,Financials,47.53,48.12,47.13,48.07,6749589
2024-07-10,BAC,Financials,49.66,49.88,49.25,49.53,14210688
2024-07-11,BAC,Financials,51.01,51.03,50.41,50.9,15100157
2024-07-12,BAC,Financials,50.65,50.88,50.52,50.85,14228370
2024-07-15,BAC,Financials,51.57,51.94,51.49,51.69,13726012
2024-07-16,BAC,Financials,51.72,51.87,50.69,51.42,11748533
2024-07-17,BAC,Financials,50.93,51.54,50.32,51.39,8805829
2024-07-18,BAC,Financials,51.74,52.42,51.34,51.84,13521580
2024-07-19,BAC,Financials,50.66,51.2,50.22,50.5,18617719
2024-07-22,BAC,Financials,51.09,51.54,50.72,50.85,17462097
2024-07-23,BAC,Financials,49.97,50.44,49.69,50.23,17103799
2024-07-24,BAC,Financials,49.16,49.29,48.7,49.17,13145558
2024-07-25,BAC,Financials,49.74,49.98,49.33,49.89,14301438
2024-07-26,BAC,Financials,49.55,50.12,49.08,49.67,7916895
2024-07-29,BAC,Financials,49.82,49.92,49.73,49.88,14912345
2024-07-30,BAC,Financials,49.48,50.06,49.32,49.68,15584275
2024-07-31,BAC,Financials,49.1,49.28,49.02,49.14,15317971
2024-08-01,BAC,Financials,49.26,49.55,48.97,49.26,5123231
2024-08-02,BAC,Financials,47.81,48.44,47.76,48.07,13896933
2024-08-05,BAC,Financials,47.72,48.02,47.37,47.99,9336362
2024-08-06,BAC,Financials,49.61,49.88,49.41,49.72,16191641
2024-08-07,BAC,Financials,48.24,48.66,48.17,48.66,6243338
2024-08-08,BAC,Financials,49.92,50.02,49.74,49.92,13845970
2024-08-09,BAC,Financials,51.66,52.15,50.83,51.81,13160303
2024-08-12,BAC,Financials,50.6,51.43,50.41,51.09,7458988
2024-08-13,BAC,Financials,51.01,52.29,50.51,51.41,21240537
2024-08-14,BAC,Financials,50.17,50.41,49.96,50.22,19761284
2024-08-15,BAC,Financials,48.62,49.1,48.32,48.92,14820183
2024-08-16,BAC,Financials,49.37,49.55,48.44,49.08,14304653
2024-08-19,BAC,Financials,49.51,49.63,49.4,49.45,17459393
2024-08-20,BAC,Financials,49.03,49.3,48.63,48.96,15482045
2024-08-21,BAC,Financials,48.11,48.46,47.79,47.98,17437229
2024-08-22,BAC,Financials,47.68,48.34,47.12,47.31,13574429
2024-08-23,BAC,Financials,47.86,48.37,47.69,48.09,20914719
2024-08-26,BAC,Financials,48.34,48.94,48.18,48.88,17139568
2024-08-27,BAC,Financials,49.54,50.17,49.44,49.45,19645360
2024-08-28,BAC,Financials,48.95,49.15,48.53,49.12,17708085
2024-08-29,BAC,Financials,48.16,48.31,48.05,48.19,16226433
2024-08-30,BAC,Financials,49.44,49.8,49.01,49.34,13332278
2024-09-02,BAC,Financials,50.99,51.67,50.7,50.81,18210710
2024-09-03,BAC,Financials,49.9,51.07,49.69,50.34,13229385
2024-09-04,BAC,Financials,50.17,50.61,49.87,50.21,22465280
2024-09-05,BAC,Financials,48.64,49.25,48.39,48.9,7817186
2024-09-06,BAC,Financials,49.39,49.77,49.17,49.38,6991893
2024-09-09,BAC,Financials,51.32,51.34,50.87,51.24,11321440
2024-09-10,BAC,Financials,52.05,52.18,52.02,52.12,11613339
2024-09-11,BAC,Financials,54.05,54.94,53.83,54.21,16833326
2024-09-12,BAC,Financials,54.09,54.28,53.34,53.85,13327870
2024-09-13,BAC,Financials,52.21,53.22,51.76,52.59,11705498
2024-09-16,BAC,Financials,53.68,54.91,53.52,54.03,15370351
2024-09-17,BAC,Financials,54.01,54.62,53.8,54.21,19321165
2024-09-18,BAC,Financials,52.96,53.6,52.49,53.36,15791732
2024-09-19,BAC,Financials,55.22,55.48,55.16,55.17,10928825
2024-09-20,BAC,Financials,54.33,55.01,54.02,54.58,13178487
2024-09-23,BAC,Financials,53.59,53.65,53.33,53.5,12262867
2024-09-24,BAC,Financials,53.95,54.41,53.4,54.09,8176000
2024-09-25,BAC,Financials,52.73,53.45,52.21,52.84,18373788
2024-09-26,BAC,Financials,53.89,54.06,52.94,53.82,5696418
2024-09-27,BAC,Financials,53.0,53.04,52.42,52.72,13976527
2024-09-30,BAC,Financials,52.44,53.01,52.31,52.97,3134285
2024-10-01,BAC,Financials,53.85,53.97,53.03,53.29,7971042
2024-10-02,BAC,Financials,53.76,54.18,53.46,53.56,13418967
2024-10-03,BAC,Financials,52.08,52.41,51.89,52.33,16158424
2024-10-04,BAC,Financials,51.92,52.37,51.61,52.16,12226896
2024-10-07,BAC,Financials,53.64,53.92,53.21,53.47,16068887
2024-10-08,BAC,Financials,53.21,53.73,53.18,53.29,18657158
2024-10-09,BAC,Financials,52.7,52.79,51.95,52.2,10458846
2024-10-10,BAC,Financials,51.5,51.86,51.0,51.79,9045030
2024-10-11,BAC,Financials,50.79,50.98,50.37,50.63,14873984
2024-10-14,BAC,Financials,49.14,49.33,48.27,48.66,15356845
2024-10-15,BAC,Financials,48.6,49.0,48.28,48.52,14452966
2024-10-16,BAC,Financials,48.67,48.86,48.38,48.62,10099636
2024-10-17,BAC,Financials,49.62,50.29,48.91,49.24,10310761
2024-10-18,BAC,Financials,49.97,50.17,49.43,49.67,17687996
2024-10-21,BAC,Financials,50.17,50.35,50.07,50.23,9417833
2024-10-22,BAC,Financials,50.29,50.74,50.09,50.21,14182047
2024-10-23,BAC,Financials,52.2,52.31,51.89,52.14,10258593
2024-10-24,BAC,Financials,51.74,51.97,51.02,51.37,21464308
2024-10-25,BAC,Financials,51.13,51.4,50.68,51.09,15794065
2024-10-28,BAC,Financials,52.12,52.83,52.02,52.63,3287044
2024-10-29,BAC,Financials,52.29,52.35,51.83,52.27,14738431
2024-10-30,BAC,Financials,52.18,52.63,51.84,52.18,17411173
2024-10-31,BAC,Financials,52.49,52.65,52.22,52.57,12517583
2024-11-01,BAC,Financials,53.13,53.88,52.82,53.69,11626149
2024-11-04,BAC,Financials,54.27,54.32,53.84,53.84,15864727
2024-11-05,BAC,Financials,53.15,53.5,52.98,53.0,13633481
2024-11-06,BAC,Financials,52.7,52.81,51.65,52.63,7922364
2024-11-07,BAC,Financials,53.43,53.89,52.96,53.15,10398779
2024-11-08,BAC,Financials,53.36,54.2,52.62,52.88,18984204
2024-11-11,BAC,Financials,52.35,53.06,51.78,52.45,8222797
2024-11-12,BAC,Financials,51.44,51.74,51.36,51.59,11152319
2024-11-13,BAC,Financials,53.11,53.69,52.55,52.71,5406539
2024-11-14,BAC,Financials,51.99,52.7,51.75,52.61,13759978
2024-11-15,BAC,Financials,52.49,52.82,52.24,52.51,21370894
2024-11-18,BAC,Financials,52.53,53.2,52.16,53.17,6439910
2024-11-19,BAC,Financials,51.56,52.02,51.41,51.88,20344140
2024-11-20,BAC,Financials,51.93,52.59,51.84,51.93,6930377
2024-11-21,BAC,Financials,53.0,53.58,52.93,53.35,16231791
2024-11-22,BAC,Financials,53.2,53.61,53.04,53.31,18725041
2024-11-25,BAC,Financials,53.63,53.71,53.45,53.53,13378965
2024-11-26,BAC,Financials,54.2,54.29,53.73,53.73,12339335
2024-11-27,BAC,Financials,55.02,55.31,54.67,54.78,8017634
2024-11-28,BAC,Financials,54.72,55.06,54.19,54.99,12284271
2024-11-29,BAC,Financials,57.26,58.17,56.64,57.45,16144441
2024-12-02,BAC,Financials,57.95,58.35,57.63,57.7,13861725
2024-12-03,BAC,Financials,57.72,57.8,57.02,57.26,17565244
2024-12-04,BAC,Financials,59.04,59.1,58.82,58.84,17127442
2024-12-05,BAC,Financials,58.88,59.37,58.4,58.63,16274388
2024-12-06,BAC,Financials,57.87,58.26,57.55,58.01,10757512
2024-12-09,BAC,Financials,56.78,57.35,56.28,56.79,14885184
2024-12-10,BAC,Financials,57.2,57.34,56.84,57.29,13291138
2024-12-11,BAC,Financials,56.66,57.33,56.59,56.84,10743042
2024-12-12,BAC,Financials,56.2,56.59,55.65,56.06,12518569
2024-12-13,BAC,Financials,55.43,55.68,55.17,55.5,10864529
2024-12-16,BAC,Financials,54.71,55.56,54.27,55.15,14740972
2024-12-17,BAC,Financials,55.95,56.06,55.29,55.99,27779796
2024-12-18,BAC,Financials,56.0,56.89,55.93,56.49,18400716
2024-12-19,BAC,Financials,56.65,57.23,56.25,56.36,9271358
2024-12-20,BAC,Financials,57.23,57.28,56.85,56.95,11219115
2024-12-23,BAC,Financials,57.16,57.82,56.36,56.85,16393824
2024-12-24,BAC,Financials,56.96,57.68,56.9,57.08,9537303
2024-12-25,BAC,Financials,55.93,56.73,55.51,56.41,10415877
2024-12-26,BAC,Financials,55.36,55.92,55.07,55.76,15233054
2024-12-27,BAC,Financials,56.1,56.21,55.83,55.92,12226543
2024-12-30,BAC,Financials,55.84,56.42,55.56,56.09,5171242
2024-12-31,BAC,Financials,57.1,57.26,56.86,57.13,6748335
2025-01-01,BAC,Financials,57.66,57.8,56.87,57.66,8400792
2025-01-02,BAC,Financials,57.13,57.37,57.06,57.16,16104040
2025-01-03,BAC,Financials,55.53,56.5,55.5,55.86,7670298
2025-01-06,BAC,Financials,56.5,57.14,56.42,56.76,10785974
2025-01-07,BAC,Financials,56.9,57.37,56.81,57.12,7740021
2025-01-08,BAC,Financials,57.52,58.92,57.01,58.13,15949682
2025-01-09,BAC,Financials,59.1,59.16,58.37,58.62,6743449
2025-01-10,BAC,Financials,60.07,60.71,59.45,60.54,11599686
2025-01-13,BAC,Financials,60.14,60.63,59.85,60.32,14756516
2025-01-14,BAC,Financials,60.4,60.58,60.38,60.39,21771266
2025-01-15,BAC,Financials,61.46,61.94,60.86,61.26,18627281
2025-01-16,BAC,Financials,62.44,63.12,61.99,62.23,11044530
2025-01-17,BAC,Financials,62.09,62.67,61.85,62.61,14177518
2025-01-20,BAC,Financials,60.8,60.98,59.72,60.84,7890748
2025-01-21,BAC,Financials,59.19,59.2,58.55,58.92,13235066
2025-01-22,BAC,Financials,58.08,58.77,58.06,58.52,6154116
2025-01-23,BAC,Financials,58.72,59.13,57.95,58.56,8372096
2025-01-24,BAC,Financials,57.27,58.09,56.43,56.61,9921345
2025-01-27,BAC,Financials,56.48,56.84,56.26,56.59,10255621
2025-01-28,BAC,Financials,56.85,57.53,56.62,57.27,12120323
2025-01-29,BAC,Financials,57.36,57.54,56.88,57.22,13481797
2025-01-30,BAC,Financials,57.7,57.83,57.33,57.54,9879207
2025-01-31,BAC,Financials,58.66,58.81,58.12,58.17,7249495
2025-02-03,BAC,Financials,56.45,56.72,56.14,56.51,20823139
2025-02-04,BAC,Financials,57.35,57.46,57.0,57.19,10344943
2025-02-05,BAC,Financials,56.74,57.13,56.01,56.45,16870423
2025-02-06,BAC,Financials,56.42,56.87,56.0,56.22,8517564
2025-02-07,BAC,Financials,54.84,55.63,54.73,55.56,12920902
2025-02-10,BAC,Financials,57.53,57.69,56.59,56.65,15487401
2025-02-11,BAC,Financials,55.34,55.84,55.2,55.47,14948245
2025-02-12,BAC,Financials,56.68,57.51,56.47,56.87,14794924
2025-02-13,BAC,Financials,59.19,59.46,59.09,59.33,15492058
2025-02-14,BAC,Financials,57.39,57.77,57.12,57.69,6214592
2025-02-17,BAC,Financials,57.05,57.73,56.45,57.1,14025714
2025-02-18,BAC,Financials,57.99,58.95,57.54,57.74,10485080
2025-02-19,BAC,Financials,56.37,57.19,56.01,56.72,11716841
2025-02-20,BAC,Financials,55.9,56.82,55.43,56.46,17448498
2025-02-21,BAC,Financials,56.16,56.9,55.49,56.66,13736618
2025-02-24,BAC,Financials,56.01,56.13,55.73,55.94,13425271
2025-02-25,BAC,Financials,55.45,56.26,55.41,56.04,9209897
2025-02-26,BAC,Financials,56.53,57.64,56.03,57.01,16789664
2025-02-27,BAC,Financials,56.74,57.98,56.43,56.95,15190989
2025-02-28,BAC,Financials,55.79,56.35,55.44,55.9,14292905
2025-03-03,BAC,Financials,57.1,57.12,56.81,57.09,9422617
2025-03-04,BAC,Financials,58.66,59.05,57.96,58.53,15970567
2025-03-05,BAC,Financials,58.71,58.97,58.35,58.93,20550648
2025-03-06,BAC,Financials,58.41,58.71,57.26,57.91,14178403
2025-03-07,BAC,Financials,57.24,57.75,57.0,57.01,13798175
2025-03-10,BAC,Financials,54.87,55.12,54.29,54.59,3158580
2025-03-11,BAC,Financials,53.97,54.84,53.59,54.02,9343404
2025-03-12,BAC,Financials,54.91,55.4,54.5,55.07,15860361
2025-03-13,BAC,Financials,54.6,54.85,53.43,54.41,13511179
2025-03-14,BAC,Financials,52.97,53.69,52.17,53.49,12612883
2025-03-17,BAC,Financials,54.65,55.09,54.11,54.49,15850378
2025-03-18,BAC,Financials,55.75,56.03,55.49,55.63,14178982
2025-03-19,BAC,Financials,55.11,55.12,54.84,55.11,7608198
2025-03-20,BAC,Financials,55.53,55.79,55.23,55.63,17478084
2025-03-21,BAC,Financials,54.43,54.84,53.97,54.78,17747030
2025-03-24,BAC,Financials,54.81,55.04,54.15,54.45,8454310
2025-03-25,BAC,Financials,52.6,52.75,52.39,52.68,11758225
2025-03-26,BAC,Financials,52.9,53.41,52.57,53.04,12603405
2025-03-27,BAC,Financials,53.01,53.07,52.93,52.95,13900430
2025-03-28,BAC,Financials,52.24,52.86,51.96,52.33,13549744
2025-03-31,BAC,Financials,52.13,52.3,51.97,52.26,20530986
2025-04-01,BAC,Financials,51.68,52.31,51.26,52.07,6457569
2025-04-02,BAC,Financials,51.26,51.7,51.1,51.31,11774543
2025-04-03,BAC,Financials,51.65,51.84,51.38,51.69,14542351
2025-04-04,BAC,Financials,51.49,51.55,51.21,51.42,12228690
2025-04-07,BAC,Financials,51.78,52.25,50.68,51.31,4940453
2025-04-08,BAC,Financials,49.42,50.22,49.22,49.98,19154283
2025-04-09,BAC,Financials,49.59,50.15,49.57,49.88,14248098
2025-04-10,BAC,Financials,49.9,50.17,48.8,49.73,19739072
2025-04-11,BAC,Financials,48.86,49.39,48.83,49.0,14321945
2025-04-14,BAC,Financials,49.77,50.19,49.38,49.49,6258263
2025-04-15,BAC,Financials,47.73,47.77,46.96,47.62,6178216
2025-04-16,BAC,Financials,47.57,48.15,46.77,47.22,5560499
2025-04-17,BAC,Financials,47.56,47.96,47.04,47.5,14418587
2025-04-18,BAC,Financials,49.42,49.44,49.25,49.3,22081121
2025-04-21,BAC,Financials,48.14,48.42,48.06,48.11,8289830
2025-04-22,BAC,Financials,48.34,48.57,48.16,48.2,14902213
2025-04-23,BAC,Financials,48.17,49.25,47.86,48.68,10335491
2025-04-24,BAC,Financials,48.59,48.81,48.45,48.75,15430842
2025-04-25,BAC,Financials,47.67,47.75,47.43,47.68,14375364
2025-04-28,BAC,Financials,47.56,47.76,46.97,47.28,13220169
2025-04-29,BAC,Financials,45.39,45.44,45.2,45.22,15111086
2025-04-30,BAC,Financials,45.53,45.6,45.07,45.23,11726791
2025-05-01,BAC,Financials,44.46,44.67,44.07,44.09,12885171
2025-05-02,BAC,Financials,44.7,44.89,43.89,44.46,13804280
2025-05-05,BAC,Financials,44.23,44.74,43.92,43.95,13668516
2025-05-06,BAC,Financials,43.49,43.58,43.21,43.37,13060705
2025-05-07,BAC,Financials,43.75,43.98,43.26,43.51,12495650
2025-05-08,BAC,Financials,44.18,44.34,43.65,43.73,9877491
2025-05-09,BAC,Financials,44.4,44.46,44.15,44.43,12085700
2025-05-12,BAC,Financials,44.19,44.25,43.63,44.23,12825719
2025-05-13,BAC,Financials,44.07,44.16,43.74,44.16,23134208
2025-05-14,BAC,Financials,43.22,43.61,42.96,43.07,16271362
2025-05-15,BAC,Financials,44.32,44.63,44.17,44.2,11750279
2025-05-16,BAC,Financials,43.88,43.9,43.15,43.47,20414096
2025-05-19,BAC,Financials,43.69,45.16,43.45,44.05,17754435
2025-05-20,BAC,Financials,44.74,45.16,44.62,44.64,12152370
2025-05-21,BAC,Financials,44.84,45.43,44.51,44.97,14952640
2025-05-22,BAC,Financials,45.08,45.21,44.39,44.79,16119403
2025-05-23,BAC,Financials,44.62,44.73,44.32,44.51,11646430
2025-05-26,BAC,Financials,44.16,44.78,43.79,44.47,14650474
2025-05-27,BAC,Financials,42.83,43.44,42.81,42.96,7106745
2025-05-28,BAC,Financials,42.61,42.96,42.37,42.95,15090258
2025-05-29,BAC,Financials,44.07,44.31,43.53,44.11,9444237
2025-05-30,BAC,Financials,43.75,44.33,43.65,43.95,8057167
2025-06-02,BAC,Financials,43.89,44.01,43.63,43.93,15467692
2025-06-03,BAC,Financials,42.82,43.48,42.78,43.13,16700529
2025-06-04,BAC,Financials,43.49,44.0,43.17,43.29,12862328
2025-06-05,BAC,Financials,42.46,43.08,42.39,42.69,9807147
2025-06-06,BAC,Financials,43.65,44.11,43.21,43.36,8723988
2025-06-09,BAC,Financials,44.06,44.43,43.85,44.26,11032703
2025-06-10,BAC,Financials,45.16,45.94,44.96,45.36,13706045
2025-06-11,BAC,Financials,44.14,44.26,43.95,44.19,12516857
2025-06-12,BAC,Financials,44.87,45.15,44.42,44.78,19049223
2025-06-13,BAC,Financials,45.46,45.48,44.33,45.31,15462426
2025-06-16,BAC,Financials,44.89,45.06,44.27,44.98,15788962
2025-06-17,BAC,Financials,45.6,46.0,45.3,45.96,11251608
2025-06-18,BAC,Financials,46.62,46.87,46.12,46.32,7314853
2025-06-19,BAC,Financials,47.74,48.04,47.31,47.47,11609934
2025-06-20,BAC,Financials,46.05,46.53,45.68,46.4,14075519
2025-06-23,BAC,Financials,45.43,46.19,45.02,45.82,15762217
2025-06-24,BAC,Financials,45.6,46.49,45.4,45.91,4739349
2025-06-25,BAC,Financials,46.85,47.72,46.31,46.89,12586556
2025-06-26,BAC,Financials,47.62,47.88,47.23,47.29,12773518
2025-06-27,BAC,Financials,46.2,46.58,46.12,46.49,18670526
2025-06-30,BAC,Financials,47.83,48.06,47.5,47.99,14524880
2025-07-01,BAC,Financials,47.95,48.17,47.35,47.75,14155160
2025-07-02,BAC,Financials,46.8,47.31,46.75,46.97,6303036
2025-07-03,BAC,Financials,46.27,46.48,46.19,46.33,11051495
2025-07-04,BAC,Financials,45.09,45.55,44.96,45.23,9431086
2025-07-07,BAC,Financials,43.64,43.92,43.38,43.41,13719012
2025-07-08,BAC,Financials,43.56,43.9,43.12,43.33,15126158
2025-07-09,BAC,Financials,41.89,42.46,41.64,42.13,17006249
2025-07-10,BAC,Financials,42.4,42.66,42.08,42.38,10042373
2025-07-11,BAC,Financials,43.15,43.16,43.04,43.14,10942896
2025-07-14,BAC,Financials,43.73,43.74,43.44,43.45,9680362
2025-07-15,BAC,Financials,43.65,43.97,43.35,43.49,15735437
2025-07-16,BAC,Financials,42.21,42.4,42.15,42.3,13277655
2025-07-17,BAC,Financials,42.96,42.98,42.91,42.95,13746993
2025-07-18,BAC,Financials,44.21,44.52,44.12,44.47,13921560
2025-07-21,BAC,Financials,45.85,46.05,45.32,45.61,12677964
2025-07-22,BAC,Financials,44.46,44.53,44.45,44.53,16344674
2025-07-23,BAC,Financials,44.52,44.92,44.4,44.48,9549305
2025-07-24,BAC,Financials,44.15,44.46,43.64,44.27,7121211
2025-07-25,BAC,Financials,43.96,44.26,43.55,43.96,12440104
2025-07-28,BAC,Financials,44.25,44.27,43.51,43.99,13425069
2025-07-29,BAC,Financials,45.57,46.02,45.56,45.72,7441479
2025-07-30,BAC,Financials,45.45,45.83,44.66,45.82,11021483
2025-07-31,BAC,Financials,45.52,45.87,45.14,45.47,19075262
2025-08-01,BAC,Financials,45.47,45.82,45.14,45.72,13456965
2025-08-04,BAC,Financials,44.32,44.7,44.04,44.65,18685060
2025-08-05,BAC,Financials,44.23,44.33,44.04,44.09,7299134
2025-08-06,BAC,Financials,44.7,45.39,44.68,44.88,17845779
2025-08-07,BAC,Financials,45.1,45.53,44.4,45.05,12576227
2025-08-08,BAC,Financials,47.18,47.5,46.32,46.76,13431251
2025-08-11,BAC,Financials,46.87,47.35,46.5,47.0,17266072
2025-08-12,BAC,Financials,46.09,46.11,45.79,45.96,14134373
2025-08-13,BAC,Financials,44.89,45.2,44.32,44.66,14752572
2025-08-14,BAC,Financials,45.07,45.52,44.87,45.48,7272757
2025-08-15,BAC,Financials,44.54,44.64,44.46,44.64,12150319
2025-08-18,BAC,Financials,43.46,43.76,42.95,43.74,12366898
2025-08-19,BAC,Financials,43.24,43.39,43.07,43.35,6358792
2025-08-20,BAC,Financials,44.05,44.43,43.65,44.14,24957500
2025-08-21,BAC,Financials,44.26,44.64,43.73,43.86,13355758
2025-08-22,BAC,Financials,43.18,43.22,42.43,43.2,8364397
2025-08-25,BAC,Financials,43.99,44.68,43.79,44.16,15317716
2025-08-26,BAC,Financials,45.25,45.41,44.94,45.0,17885949
2025-08-27,BAC,Financials,46.14,46.53,45.96,46.36,3711733
2025-08-28,BAC,Financials,47.86,47.97,47.45,47.5,5779996
2025-08-29,BAC,Financials,48.08,48.56,47.8,48.42,3677916
2025-09-01,BAC,Financials,47.98,48.1,47.7,47.78,14658080
2025-09-02,BAC,Financials,48.43,48.67,48.14,48.35,2533903
2025-09-03,BAC,Financials,49.3,49.48,49.18,49.43,4854553
2025-09-04,BAC,Financials,51.3,51.76,51.06,51.09,14184240
2025-09-05,BAC,Financials,51.27,51.7,51.24,51.26,15477337
2025-09-08,BAC,Financials,50.8,51.04,50.29,50.82,14111237
2025-09-09,BAC,Financials,50.24,50.76,49.54,50.02,11647606
2025-09-10,BAC,Financials,51.2,51.3,50.51,50.92,16142586
2025-09-11,BAC,Financials,50.4,50.55,50.23,50.32,14850052
2025-09-12,BAC,Financials,50.39,50.52,49.75,50.43,15713283
2025-09-15,BAC,Financials,49.49,49.75,49.12,49.65,9994145
2025-09-16,BAC,Financials,49.12,50.02,48.51,49.52,7342988
2025-09-17,BAC,Financials,49.6,50.42,49.59,49.92,11751394
2025-09-18,BAC,Financials,49.79,50.23,49.16,50.18,11722398
2025-09-19,BAC,Financials,51.43,51.67,50.78,50.86,16752751
2025-09-22,BAC,Financials,49.47,49.9,48.87,49.61,8080620
2025-09-23,BAC,Financials,49.43,49.63,49.09,49.52,16528838
2025-09-24,BAC,Financials,49.04,49.35,48.83,49.12,12318030
2025-09-25,BAC,Financials,48.71,48.94,47.79,48.26,18999523
2025-09-26,BAC,Financials,48.08,48.14,47.35,47.62,23249188
2025-09-29,BAC,Financials,46.78,47.14,46.72,46.87,8837307
2025-09-30,BAC,Financials,47.31,47.52,47.08,47.18,18023392
2025-10-01,BAC,Financials,47.69,47.69,47.47,47.53,13520875
2025-10-02,BAC,Financials,48.18,48.29,48.01,48.29,12868639
2025-10-03,BAC,Financials,48.7,48.99,48.38,48.59,10002939
2025-10-06,BAC,Financials,48.59,49.19,48.34,48.74,8388563
2025-10-07,BAC,Financials,48.94,49.08,48.58,48.82,6462182
2025-10-08,BAC,Financials,49.69,50.18,49.41,49.43,9004018
2025-10-09,BAC,Financials,47.77,47.88,47.52,47.57,12988457
2025-10-10,BAC,Financials,47.61,47.61,47.52,47.53,11020367
2025-10-13,BAC,Financials,47.41,48.2,47.16,47.81,12022076
2025-10-14,BAC,Financials,49.19,49.87,48.58,49.37,10149549
2025-10-15,BAC,Financials,48.63,48.82,48.25,48.39,10621452
2025-10-16,BAC,Financials,47.57,47.69,46.99,47.41,12195794
2025-10-17,BAC,Financials,45.93,46.52,45.32,45.48,12817292
2025-10-20,BAC,Financials,44.43,44.53,44.34,44.36,15540896
2025-10-21,BAC,Financials,44.3,44.4,43.87,44.25,11295284
2025-10-22,BAC,Financials,43.87,43.88,43.59,43.68,12129531
2025-10-23,BAC,Financials,42.86,43.18,42.54,43.11,8344429
2025-10-24,BAC,Financials,43.42,43.55,42.91,43.14,21087105
2025-10-27,BAC,Financials,43.79,43.91,43.47,43.6,12352070
2025-10-28,BAC,Financials,43.46,43.77,43.36,43.62,13818880
2025-10-29,BAC,Financials,43.89,44.18,43.48,43.65,15753353
2025-10-30,BAC,Financials,43.71,44.13,43.67,43.98,15248913
2025-10-31,BAC,Financials,42.48,43.18,42.2,42.54,18041170
2025-11-03,BAC,Financials,42.42,42.81,42.24,42.65,13722178
2025-11-04,BAC,Financials,42.49,42.65,42.41,42.61,21897476
2025-11-05,BAC,Financials,42.41,42.78,42.33,42.61,12256577
2025-11-06,BAC,Financials,42.15,42.5,41.3,42.18,10645533
2025-11-07,BAC,Financials,41.64,42.39,40.92,42.03,16281751
2025-11-10,BAC,Financials,42.57,42.59,42.12,42.35,5138908
2025-11-11,BAC,Financials,43.83,44.09,43.42,43.59,15843446
2025-11-12,BAC,Financials,42.34,42.37,41.86,42.27,13933458
2025-11-13,BAC,Financials,42.94,43.1,42.31,42.72,9350920
2025-11-14,BAC,Financials,43.67,44.15,43.45,43.66,18429606
2025-11-17,BAC,Financials,43.13,43.19,42.52,42.68,9821908
2025-11-18,BAC,Financials,42.85,43.24,42.11,42.55,13308389
2025-11-19,BAC,Financials,43.01,43.03,42.5,42.77,18760354
2025-11-20,BAC,Financials,44.72,45.05,44.0,44.33,13651525
2025-11-21,BAC,Financials,46.32,46.69,46.0,46.08,10680979
2025-11-24,BAC,Financials,45.21,45.47,44.79,45.04,12717603
2025-11-25,BAC,Financials,44.58,44.82,43.95,44.8,10828620
2025-11-26,BAC,Financials,45.06,45.63,44.14,44.98,2439807
2025-11-27,BAC,Financials,45.76,45.79,45.26,45.44,17916785
2025-11-28,BAC,Financials,45.51,45.7,45.51,45.61,11243733
2025-12-01,BAC,Financials,44.92,45.17,44.79,44.85,11292945
2025-12-02,BAC,Financials,43.98,44.79,43.89,44.06,7765680
2025-12-03,BAC,Financials,42.99,43.02,42.82,42.85,16763144
2025-12-04,BAC,Financials,41.09,41.41,41.02,41.3,12592422
2025-12-05,BAC,Financials,39.95,40.32,39.75,40.15,13998430
2025-12-08,BAC,Financials,40.76,41.16,40.75,41.0,16707378
2025-12-09,BAC,Financials,41.18,41.7,41.06,41.54,13070978
2025-12-10,BAC,Financials,41.66,42.03,41.57,41.96,8573896
2025-12-11,BAC,Financials,41.78,41.97,41.63,41.8,9291379
2025-12-12,BAC,Financials,41.8,42.05,41.6,41.78,14863993
2025-12-15,BAC,Financials,41.64,41.77,41.51,41.59,6613596
2025-12-16,BAC,Financials,40.72,40.92,40.23,40.41,5947184
2025-12-17,BAC,Financials,40.77,41.0,40.2,40.9,17656655
2025-12-18,BAC,Financials,41.86,42.48,41.22,41.54,14015966
2025-12-19,BAC,Financials,40.98,41.05,40.52,40.69,4670275
2025-12-22,BAC,Financials,40.1,40.1,39.64,39.85,14800689
2025-12-23,BAC,Financials,40.15,40.2,40.05,40.12,21107831
2025-12-24,BAC,Financials,40.35,40.85,40.18,40.38,15117873
2025-12-25,BAC,Financials,40.89,41.21,40.86,40.92,9070836
2025-12-26,BAC,Financials,41.75,42.1,41.48,41.97,13169888
2025-12-29,BAC,Financials,41.42,41.51,40.97,41.18,20107121
2025-12-30,BAC,Financials,41.25,41.56,40.46,41.13,15022136
2025-12-31,BAC,Financials,40.59,41.08,39.98,40.4,19146452
2024-01-26,CVX,Energy,154.5,155.63,154.42,155.0,30056712
2024-01-29,CVX,Energy,157.42,158.96,156.83,158.57,53885646
2024-01-30,CVX,Energy,164.97,166.44,163.22,164.06,39076597
2024-01-31,CVX,Energy,162.13,164.2,161.77,162.82,20528947
2024-02-01,CVX,Energy,165.64,167.71,163.46,166.37,41407972
2024-02-02,CVX,Energy,163.49,165.26,163.45,164.47,34054107
2024-02-05,CVX,Energy,166.25,168.44,164.62,166.82,17526549
2024-02-06,CVX,Energy,164.69,165.35,163.63,164.33,22684965
2024-02-07,CVX,Energy,166.32,166.56,165.92,166.05,29013908
2024-02-08,CVX,Energy,163.28,164.04,162.27,163.87,56457702
2024-02-09,CVX,Energy,162.09,162.62,160.22,161.23,21372175
2024-02-12,CVX,Energy,158.28,159.36,158.16,158.83,40757116
2024-02-13,CVX,Energy,160.93,161.78,159.06,160.18,36602341
2024-02-14,CVX,Energy,160.81,162.33,159.05,161.53,38155698
2024-02-15,CVX,Energy,161.48,163.29,160.08,162.88,43217224
2024-02-16,CVX,Energy,163.58,165.19,163.2,163.54,25444412
2024-02-19,CVX,Energy,162.46,164.5,161.23,162.36,18843706
2024-02-20,CVX,Energy,161.05,161.28,160.03,160.57,20386708
2024-02-21,CVX,Energy,156.52,159.47,154.9,158.0,36338015
2024-02-22,CVX,Energy,153.85,156.49,152.63,155.31,52133715
2024-02-23,CVX,Energy,158.09,158.68,157.95,158.41,54325688
2024-02-26,CVX,Energy,155.39,156.56,154.7,155.81,51878821
2024-02-27,CVX,Energy,153.53,154.23,153.42,153.57,33245871
2024-02-28,CVX,Energy,150.59,152.31,150.0,151.2,23998736
2024-02-29,CVX,Energy,148.27,149.42,147.87,148.07,24704962
2024-03-01,CVX,Energy,149.48,149.76,148.4,148.87,29825175
2024-03-04,CVX,Energy,148.47,149.54,147.49,147.67,45617192
2024-03-05,CVX,Energy,148.14,148.58,147.28,147.36,37469205
2024-03-06,CVX,Energy,146.39,147.58,145.43,147.16,34615544
2024-03-07,CVX,Energy,148.16,149.49,147.54,147.92,41047468
2024-03-08,CVX,Energy,147.83,148.8,147.51,148.24,39530609
2024-03-11,CVX,Energy,151.53,151.6,150.67,151.12,57699809
2024-03-12,CVX,Energy,150.35,150.67,149.1,149.59,32637861
2024-03-13,CVX,Energy,148.14,148.72,148.05,148.25,46568510
2024-03-14,CVX,Energy,149.02,149.11,146.21,148.12,62403275
2024-03-15,CVX,Energy,147.56,148.21,146.87,148.02,54426820
2024-03-18,CVX,Energy,145.84,146.18,143.49,144.59,38977046
2024-03-19,CVX,Energy,142.87,143.88,140.86,141.02,26333264
2024-03-20,CVX,Energy,139.0,141.38,138.1,140.77,45961766
2024-03-21,CVX,Energy,142.34,145.13,141.9,143.97,59230822
2024-03-22,CVX,Energy,147.42,148.49,146.45,147.46,39093758
2024-03-25,CVX,Energy,144.71,146.01,144.21,144.91,57846445
2024-03-26,CVX,Energy,143.77,144.97,142.82,143.98,28510350
2024-03-27,CVX,Energy,144.69,145.26,143.68,144.43,47803342
2024-03-28,CVX,Energy,142.97,145.61,141.75,145.21,25370274
2024-03-29,CVX,Energy,143.19,143.38,142.76,143.03,51626905
2024-04-01,CVX,Energy,146.99,148.7,146.32,147.0,24118016
2024-04-02,CVX,Energy,147.09,147.35,143.99,145.74,33056404
2024-04-03,CVX,Energy,146.86,147.27,146.51,146.67,52678300
2024-04-04,CVX,Energy,147.33,149.49,145.22,145.98,25039214
2024-04-05,CVX,Energy,143.49,145.78,143.01,145.3,45128248
2024-04-08,CVX,Energy,147.39,148.22,146.56,147.13,39810834
2024-04-09,CVX,Energy,150.03,151.33,149.49,149.53,33723643
2024-04-10,CVX,Energy,151.2,152.39,150.45,151.24,17858883
2024-04-11,CVX,Energy,149.46,149.54,147.7,149.18,17391570
2024-04-12,CVX,Energy,145.45,146.37,144.07,146.05,35038481
2024-04-15,CVX,Energy,152.74,153.98,151.29,152.34,36361165
2024-04-16,CVX,Energy,152.65,153.66,151.98,153.17,59604386
2024-04-17,CVX,Energy,151.68,151.88,150.55,151.05,38725799
2024-04-18,CVX,Energy,153.13,153.89,152.89,153.4,61159371
2024-04-19,CVX,Energy,150.76,151.75,150.0,151.26,26332099
2024-04-22,CVX,Energy,154.77,156.52,154.24,156.11,50273041
2024-04-23,CVX,Energy,155.48,155.62,153.77,155.17,43913414
2024-04-24,CVX,Energy,156.88,158.83,156.45,157.38,20398021
2024-04-25,CVX,Energy,155.77,158.66,155.21,157.35,14195173
2024-04-26,CVX,Energy,152.89,154.31,151.77,153.6,15235204
2024-04-29,CVX,Energy,150.29,152.21,149.86,151.26,39359438
2024-04-30,CVX,Energy,149.13,151.42,147.9,149.48,40050445
2024-05-01,CVX,Energy,148.99,149.35,147.21,147.92,46237880
2024-05-02,CVX,Energy,149.16,149.93,147.06,148.45,37104707
2024-05-03,CVX,Energy,143.1,144.46,142.05,142.75,36448053
2024-05-06,CVX,Energy,142.81,145.75,142.09,143.27,40509901
2024-05-07,CVX,Energy,139.15,139.65,136.92,138.81,37058132
2024-05-08,CVX,Energy,139.62,141.07,139.5,139.68,47627491
2024-05-09,CVX,Energy,138.1,138.91,137.33,137.97,31308356
2024-05-10,CVX,Energy,137.11,139.82,135.5,138.34,35287752
2024-05-13,CVX,Energy,133.93,135.6,133.81,135.46,47374911
2024-05-14,CVX,Energy,134.49,135.27,133.81,134.16,32323511
2024-05-15,CVX,Energy,129.78,130.55,129.59,129.84,16240174
2024-05-16,CVX,Energy,127.97,128.76,127.2,127.32,40552631
2024-05-17,CVX,Energy,130.97,132.38,129.97,130.24,43466153
2024-05-20,CVX,Energy,134.41,134.44,132.78,133.29,62311416
2024-05-21,CVX,Energy,131.21,132.36,129.69,130.71,43099762
2024-05-22,CVX,Energy,129.39,131.15,128.91,130.07,44767457
2024-05-23,CVX,Energy,130.79,132.29,130.48,131.09,33006833
2024-05-24,CVX,Energy,131.3,131.53,130.23,131.33,23161252
2024-05-27,CVX,Energy,129.71,131.18,128.15,130.19,32311037
2024-05-28,CVX,Energy,126.54,127.24,125.85,127.01,44919507
2024-05-29,CVX,Energy,128.5,129.19,127.31,128.86,38221055
2024-05-30,CVX,Energy,128.67,129.15,127.36,127.88,29024675
2024-05-31,CVX,Energy,123.93,125.12,122.06,124.58,43384193
2024-06-03,CVX,Energy,124.31,124.84,122.79,124.56,40367662
2024-06-04,CVX,Energy,123.48,123.99,123.31,123.94,42437429
2024-06-05,CVX,Energy,123.89,124.9,122.84,122.99,35921839
2024-06-06,CVX,Energy,123.54,124.02,122.54,123.31,33855353
2024-06-07,CVX,Energy,123.24,124.59,122.52,122.95,39394527
2024-06-10,CVX,Energy,124.91,125.29,124.01,125.22,43253763
2024-06-11,CVX,Energy,122.2,124.23,121.62,123.46,37703831
2024-06-12,CVX,Energy,121.69,122.02,120.31,122.0,46961224
2024-06-13,CVX,Energy,123.48,124.77,123.17,123.57,39403848
2024-06-14,CVX,Energy,128.82,129.62,128.2,128.57,38147386
2024-06-17,CVX,Energy,133.26,133.94,133.02,133.45,37014239
2024-06-18,CVX,Energy,136.59,136.87,134.5,135.08,34502726
2024-06-19,CVX,Energy,135.37,136.73,132.72,134.4,37229154
2024-06-20,CVX,Energy,133.73,134.63,133.02,133.32,22225057
2024-06-21,CVX,Energy,132.87,132.9,132.37,132.57,25655333
2024-06-24,CVX,Energy,129.47,131.46,128.73,128.94,35090668
2024-06-25,CVX,Energy,129.15,130.74,129.01,130.42,43609923
2024-06-26,CVX,Energy,134.52,134.8,132.42,133.25,54069337
2024-06-27,CVX,Energy,133.34,134.08,131.63,133.03,41227522
2024-06-28,CVX,Energy,137.29,138.68,136.87,137.55,36268704
2024-07-01,CVX,Energy,142.83,143.94,141.96,143.62,25587509
2024-07-02,CVX,Energy,145.7,146.3,143.25,145.73,47115513
2024-07-03,CVX,Energy,145.0,145.1,144.15,144.25,30970515
2024-07-04,CVX,Energy,144.14,144.24,141.79,142.34,26831698
2024-07-05,CVX,Energy,144.41,145.73,143.18,144.18,26802085
2024-07-08,CVX,Energy,146.14,147.86,144.17,146.69,34601300
2024-07-09,CVX,Energy,146.06,147.43,144.44,145.22,23570847
2024-07-10,CVX,Energy,142.89,143.05,142.39,142.6,52004630
2024-07-11,CVX,Energy,138.34,138.86,137.16,138.78,51298731
2024-07-12,CVX,Energy,137.25,137.57,136.43,136.53,29955558
2024-07-15,CVX,Energy,134.78,135.96,134.13,135.69,62214237
2024-07-16,CVX,Energy,137.87,138.37,136.89,138.13,51053104
2024-07-17,CVX,Energy,136.53,137.18,136.07,136.94,24945561
2024-07-18,CVX,Energy,131.21,131.26,130.23,130.29,39611476
2024-07-19,CVX,Energy,129.02,129.21,128.36,128.99,56420973
2024-07-22,CVX,Energy,128.02,129.14,127.95,128.37,63976664
2024-07-23,CVX,Energy,127.21,128.29,127.01,127.71,39574466
2024-07-24,CVX,Energy,123.04,124.39,121.8,122.5,48035597
2024-07-25,CVX,Energy,121.95,122.12,121.34,121.89,25101757
2024-07-26,CVX,Energy,125.16,125.82,124.34,124.53,42423625
2024-07-29,CVX,Energy,124.36,124.83,123.15,123.67,58705622
2024-07-30,CVX,Energy,122.78,122.95,120.58,122.4,39395948
2024-07-31,CVX,Energy,121.76,122.09,120.13,120.95,29479979
2024-08-01,CVX,Energy,121.5,121.97,119.84,121.31,33630054
2024-08-02,CVX,Energy,117.79,118.49,117.38,118.42,36111859
2024-08-05,CVX,Energy,115.88,117.11,114.95,116.33,15426705
2024-08-06,CVX,Energy,117.99,118.61,117.58,118.48,43161325
2024-08-07,CVX,Energy,120.88,121.17,118.61,119.82,17718342
2024-08-08,CVX,Energy,119.1,119.56,118.48,118.84,14037973
2024-08-09,CVX,Energy,119.09,120.19,118.61,119.83,32328920
2024-08-12,CVX,Energy,119.17,119.28,117.45,118.13,26764490
2024-08-13,CVX,Energy,115.68,116.49,114.58,116.43,27538674
2024-08-14,CVX,Energy,114.85,114.93,114.47,114.72,44110053
2024-08-15,CVX,Energy,111.25,112.57,109.7,111.9,31724121
2024-08-16,CVX,Energy,112.18,113.25,111.65,111.79,53970792
2024-08-19,CVX,Energy,115.62,115.7,114.95,115.4,6021524
2024-08-20,CVX,Energy,112.43,112.47,110.78,111.78,24335878
2024-08-21,CVX,Energy,116.19,116.37,114.34,114.85,33714375
2024-08-22,CVX,Energy,110.01,110.06,109.56,109.92,13443036
2024-08-23,CVX,Energy,110.43,111.62,109.81,110.86,14546519
2024-08-26,CVX,Energy,107.08,107.68,106.56,107.62,32881090
2024-08-27,CVX,Energy,108.14,109.26,107.8,108.56,64747808
2024-08-28,CVX,Energy,107.01,107.4,106.2,107.2,41439690
2024-08-29,CVX,Energy,108.0,108.88,107.73,108.49,13566107
2024-08-30,CVX,Energy,106.82,107.28,105.83,107.15,45356249
2024-09-02,CVX,Energy,107.76,108.54,107.21,108.06,5496326
2024-09-03,CVX,Energy,107.32,108.71,107.12,107.74,26772285
2024-09-04,CVX,Energy,109.24,110.47,109.19,109.88,33660939
2024-09-05,CVX,Energy,109.79,109.91,109.53,109.59,19557345
2024-09-06,CVX,Energy,109.47,110.54,109.08,110.01,41326292
2024-09-09,CVX,Energy,109.86,110.71,109.6,110.17,53056107
2024-09-10,CVX,Energy,111.37,112.14,111.26,111.77,47261034
2024-09-11,CVX,Energy,113.47,113.52,113.19,113.49,39871531
2024-09-12,CVX,Energy,113.58,114.19,113.48,113.61,38375240
2024-09-13,CVX,Energy,111.76,112.2,109.92,110.52,40011132
2024-09-16,CVX,Energy,108.33,109.59,107.33,108.84,26569276
2024-09-17,CVX,Energy,109.86,111.17,109.69,110.26,6266207
2024-09-18,CVX,Energy,107.83,108.22,107.3,107.58,43938543
2024-09-19,CVX,Energy,106.55,106.98,106.05,106.36,56211924
2024-09-20,CVX,Energy,104.86,105.88,104.11,105.37,51447237
2024-09-23,CVX,Energy,104.67,105.53,103.9,105.03,45657036
2024-09-24,CVX,Energy,104.1,104.53,103.63,104.44,16131193
2024-09-25,CVX,Energy,104.65,104.88,103.92,104.55,53096698
2024-09-26,CVX,Energy,102.36,102.9,101.65,102.81,33184496
2024-09-27,CVX,Energy,101.06,101.62,100.77,101.42,47634334
2024-09-30,CVX,Energy,105.29,105.59,104.22,104.35,20258351
2024-10-01,CVX,Energy,107.08,107.2,106.61,106.74,28566059
2024-10-02,CVX,Energy,107.48,107.82,106.81,107.66,32533022
2024-10-03,CVX,Energy,108.77,109.84,108.03,108.76,28030940
2024-10-04,CVX,Energy,110.09,110.67,109.23,109.27,23175791
2024-10-07,CVX,Energy,108.79,110.21,108.33,109.2,19540004
2024-10-08,CVX,Energy,108.18,108.5,107.65,107.71,48444018
2024-10-09,CVX,Energy,111.87,112.21,109.44,110.23,55448018
2024-10-10,CVX,Energy,113.65,115.19,113.18,113.55,52806186
2024-10-11,CVX,Energy,112.57,114.48,112.36,112.57,74746315
2024-10-14,CVX,Energy,114.81,115.43,113.32,114.57,26401117
2024-10-15,CVX,Energy,114.32,114.53,113.68,113.79,37510922
2024-10-16,CVX,Energy,112.67,113.05,111.94,112.36,38044113
2024-10-17,CVX,Energy,110.32,112.28,109.13,111.57,38883252
2024-10-18,CVX,Energy,110.04,111.43,109.51,110.9,38777212
2024-10-21,CVX,Energy,112.33,112.72,111.18,111.96,38318746
2024-10-22,CVX,Energy,111.24,111.77,111.1,111.15,27675020
2024-10-23,CVX,Energy,112.9,113.72,112.6,112.66,18873650
2024-10-24,CVX,Energy,111.03,111.7,110.34,111.33,50491743
2024-10-25,CVX,Energy,111.76,112.7,111.08,111.21,30919291
2024-10-28,CVX,Energy,109.61,109.7,109.1,109.19,3997590
2024-10-29,CVX,Energy,107.29,107.71,106.89,106.9,46859762
2024-10-30,CVX,Energy,107.82,108.31,107.36,107.51,23593978
2024-10-31,CVX,Energy,108.44,109.12,107.13,107.69,44346804
2024-11-01,CVX,Energy,107.03,107.5,106.8,106.88,47402445
2024-11-04,CVX,Energy,105.76,107.34,105.22,105.29,33417537
2024-11-05,CVX,Energy,103.6,103.72,102.93,103.32,24640153
2024-11-06,CVX,Energy,102.19,104.39,101.12,103.9,25226122
2024-11-07,CVX,Energy,102.89,103.1,101.33,102.74,17196452
2024-11-08,CVX,Energy,106.55,107.49,104.81,105.42,54813878
2024-11-11,CVX,Energy,105.92,107.07,105.37,105.71,17560877
2024-11-12,CVX,Energy,106.34,106.66,105.72,106.61,48520803
2024-11-13,CVX,Energy,108.9,109.3,108.89,109.01,38061017
2024-11-14,CVX,Energy,107.11,108.38,107.01,107.57,24125613
2024-11-15,CVX,Energy,109.07,110.03,106.73,108.35,40304448
2024-11-18,CVX,Energy,109.26,109.64,108.76,109.22,33845106
2024-11-19,CVX,Energy,108.48,109.06,107.86,108.32,52269296
2024-11-20,CVX,Energy,105.94,106.58,104.26,105.67,39143586
2024-11-21,CVX,Energy,102.13,103.39,101.95,102.02,41228979
2024-11-22,CVX,Energy,100.92,101.25,100.0,100.55,26012574
2024-11-25,CVX,Energy,101.87,102.53,100.45,102.35,35946279
2024-11-26,CVX,Energy,100.75,101.28,100.58,101.07,23496410
2024-11-27,CVX,Energy,103.27,103.33,102.06,102.63,38792497
2024-11-28,CVX,Energy,101.61,102.49,100.55,101.38,47661393
2024-11-29,CVX,Energy,101.45,101.65,100.8,101.46,31705279
2024-12-02,CVX,Energy,101.55,102.56,101.45,102.33,36037368
2024-12-03,CVX,Energy,104.68,105.32,103.47,104.02,22952748
2024-12-04,CVX,Energy,103.47,104.48,102.77,103.26,24549555
2024-12-05,CVX,Energy,101.83,103.37,101.03,102.21,37972148
2024-12-06,CVX,Energy,98.35,100.25,98.23,98.98,39609853
2024-12-09,CVX,Energy,98.73,99.97,97.9,98.3,35582739
2024-12-10,CVX,Energy,103.6,104.46,103.32,103.53,36881690
2024-12-11,CVX,Energy,104.0,104.67,103.0,103.18,33949791
2024-12-12,CVX,Energy,101.33,101.51,99.95,100.84,63163672
2024-12-13,CVX,Energy,100.12,102.2,99.85,100.6,28344316
2024-12-16,CVX,Energy,100.64,102.31,99.65,101.8,41009572
2024-12-17,CVX,Energy,101.77,102.51,100.36,100.83,26096900
2024-12-18,CVX,Energy,99.62,99.67,99.07,99.09,51853734
2024-12-19,CVX,Energy,103.43,103.96,101.94,103.12,16857263
2024-12-20,CVX,Energy,103.93,104.47,102.8,103.79,21981429
2024-12-23,CVX,Energy,106.36,106.63,105.64,106.39,55282405
2024-12-24,CVX,Energy,105.9,106.2,105.06,105.76,28609678
2024-12-25,CVX,Energy,107.99,109.47,107.07,108.82,25966616
2024-12-26,CVX,Energy,111.5,111.91,110.15,110.46,29859386
2024-12-27,CVX,Energy,111.96,113.05,111.18,111.42,27097586
2024-12-30,CVX,Energy,108.6,109.89,108.36,109.29,46717431
2024-12-31,CVX,Energy,107.91,108.74,107.86,108.06,30427622
2025-01-01,CVX,Energy,108.56,110.27,107.75,108.89,49858608
2025-01-02,CVX,Energy,109.87,110.1,107.88,108.34,14744438
2025-01-03,CVX,Energy,109.55,110.06,107.96,109.05,24756776
2025-01-06,CVX,Energy,108.65,109.01,107.34,108.27,43292228
2025-01-07,CVX,Energy,108.25,109.15,106.9,109.06,21610164
2025-01-08,CVX,Energy,107.4,108.42,107.22,107.97,38550972
2025-01-09,CVX,Energy,108.87,108.89,108.58,108.81,20506438
2025-01-10,CVX,Energy,107.15,108.13,107.0,107.11,42762234
2025-01-13,CVX,Energy,106.79,107.37,106.38,106.58,47236344
2025-01-14,CVX,Energy,106.53,106.98,105.97,106.27,23606683
2025-01-15,CVX,Energy,104.2,105.03,103.17,104.79,34261294
2025-01-16,CVX,Energy,103.93,105.23,103.64,103.77,37547241
2025-01-17,CVX,Energy,102.95,104.49,101.87,104.29,27197277
2025-01-20,CVX,Energy,106.03,106.14,105.22,105.53,29637537
2025-01-21,CVX,Energy,105.79,106.12,104.98,106.01,50796473
2025-01-22,CVX,Energy,106.33,108.1,105.66,106.92,30877020
2025-01-23,CVX,Energy,107.16,107.61,106.63,107.12,38200928
2025-01-24,CVX,Energy,106.32,107.44,105.64,105.99,30544984
2025-01-27,CVX,Energy,103.4,103.53,103.03,103.12,56770662
2025-01-28,CVX,Energy,101.47,103.23,100.39,102.3,51782183
2025-01-29,CVX,Energy,102.41,103.3,102.07,102.15,36098149
2025-01-30,CVX,Energy,100.11,101.3,99.35,101.18,45466861
2025-01-31,CVX,Energy,103.18,103.89,102.32,103.75,48884603
2025-02-03,CVX,Energy,104.52,104.57,103.26,104.26,30849278
2025-02-04,CVX,Energy,104.05,104.36,103.03,104.16,41993721
2025-02-05,CVX,Energy,104.53,106.17,104.44,105.13,48944598
2025-02-06,CVX,Energy,109.09,110.54,108.46,108.59,31474858
2025-02-07,CVX,Energy,107.96,109.19,107.05,108.16,25248179
2025-02-10,CVX,Energy,106.67,106.77,105.88,106.54,19372276
2025-02-11,CVX,Energy,107.11,107.28,106.38,107.15,47661118
2025-02-12,CVX,Energy,105.19,105.33,104.63,105.24,31732513
2025-02-13,CVX,Energy,103.18,104.26,102.5,103.69,57885342
2025-02-14,CVX,Energy,106.32,106.55,105.78,106.1,42710886
2025-02-17,CVX,Energy,108.46,108.58,108.18,108.36,51393199
2025-02-18,CVX,Energy,109.32,110.49,109.19,109.54,31757834
2025-02-19,CVX,Energy,109.87,110.39,109.51,110.28,31641327
2025-02-20,CVX,Energy,108.63,108.93,108.1,108.19,20035673
2025-02-21,CVX,Energy,107.13,107.32,105.77,106.84,45443150
2025-02-24,CVX,Energy,109.21,110.06,108.88,109.16,49314546
2025-02-25,CVX,Energy,107.89,108.65,107.54,108.34,16743532
2025-02-26,CVX,Energy,107.78,108.58,106.12,107.01,107897
2025-02-27,CVX,Energy,106.98,108.1,106.38,106.74,47140700
2025-02-28,CVX,Energy,107.88,108.31,106.68,107.78,35078314
2025-03-03,CVX,Energy,107.92,108.4,106.25,107.48,28114453
2025-03-04,CVX,Energy,106.55,107.44,106.41,107.23,36389234
2025-03-05,CVX,Energy,103.18,105.31,102.51,103.55,43558274
2025-03-06,CVX,Energy,103.63,104.27,103.26,103.49,45841290
2025-03-07,CVX,Energy,105.58,105.59,105.17,105.19,100000
2025-03-10,CVX,Energy,104.8,105.54,104.73,105.13,24582033
2025-03-11,CVX,Energy,109.16,109.77,107.9,108.67,24188882
2025-03-12,CVX,Energy,107.16,107.94,106.82,107.47,51488214
2025-03-13,CVX,Energy,106.52,106.89,106.01,106.68,33136805
2025-03-14,CVX,Energy,105.71,105.85,105.5,105.6,49413678
2025-03-17,CVX,Energy,104.61,105.38,104.42,104.47,29582998
2025-03-18,CVX,Energy,105.69,105.76,104.66,105.42,27009836
2025-03-19,CVX,Energy,104.92,105.73,104.89,105.02,16847637
2025-03-20,CVX,Energy,108.51,108.54,108.23,108.34,46506200
2025-03-21,CVX,Energy,108.94,109.83,108.44,108.82,35428281
2025-03-24,CVX,Energy,107.19,107.51,106.08,107.36,37731560
2025-03-25,CVX,Energy,105.91,107.27,105.21,105.72,72836366
2025-03-26,CVX,Energy,109.29,109.6,107.0,108.59,36802029
2025-03-27,CVX,Energy,109.19,109.38,108.83,109.03,7770188
2025-03-28,CVX,Energy,111.79,112.0,111.23,111.37,39938455
2025-03-31,CVX,Energy,111.33,111.74,110.47,111.55,41615813
2025-04-01,CVX,Energy,111.55,111.72,111.41,111.63,25834716
2025-04-02,CVX,Energy,114.2,114.7,114.02,114.09,31040174
2025-04-03,CVX,Energy,114.67,115.31,113.86,114.83,26034928
2025-04-04,CVX,Energy,114.66,115.58,114.03,115.55,53438186
2025-04-07,CVX,Energy,115.72,116.23,114.68,114.86,31318559
2025-04-08,CVX,Energy,117.45,118.43,116.4,116.53,28549534
2025-04-09,CVX,Energy,114.52,117.52,113.16,116.45,18000296
2025-04-10,CVX,Energy,116.52,117.48,114.69,115.48,24707248
2025-04-11,CVX,Energy,121.01,121.05,118.75,119.51,38688915
2025-04-14,CVX,Energy,117.87,120.17,117.57,119.0,34898426
2025-04-15,CVX,Energy,118.56,118.82,117.45,117.56,32048435
2025-04-16,CVX,Energy,120.38,121.01,119.55,119.76,23032854
2025-04-17,CVX,Energy,120.91,121.94,120.01,121.13,16360969
2025-04-18,CVX,Energy,120.82,121.82,119.2,119.91,31137755
2025-04-21,CVX,Energy,119.41,120.15,118.33,119.82,51577282
2025-04-22,CVX,Energy,120.91,122.14,120.01,121.16,34042102
2025-04-23,CVX,Energy,121.63,122.84,120.81,121.64,52076942
2025-04-24,CVX,Energy,124.76,125.2,122.97,123.23,53775705
2025-04-25,CVX,Energy,124.46,124.95,123.12,123.28,23456378
2025-04-28,CVX,Energy,125.17,125.88,124.2,124.96,50916118
2025-04-29,CVX,Energy,124.14,124.84,123.24,124.41,28475732
2025-04-30,CVX,Energy,122.36,123.78,122.26,123.19,51735985
2025-05-01,CVX,Energy,125.83,127.24,124.28,125.33,60688112
2025-05-02,CVX,Energy,126.61,127.48,125.78,125.98,30369586
2025-05-05,CVX,Energy,127.56,128.31,126.7,127.43,30866031
2025-05-06,CVX,Energy,129.66,131.23,129.12,130.0,31478429
2025-05-07,CVX,Energy,128.69,130.3,128.19,128.87,40570752
2025-05-08,CVX,Energy,130.56,131.74,128.69,130.04,29234983
2025-05-09,CVX,Energy,134.78,135.78,134.55,134.93,16661959
2025-05-12,CVX,Energy,135.26,135.7,134.49,134.66,37105824
2025-05-13,CVX,Energy,132.48,134.57,131.75,132.13,32941631
2025-05-14,CVX,Energy,134.2,135.21,133.58,133.94,53017558
2025-05-15,CVX,Energy,130.56,131.16,129.88,130.44,43802879
2025-05-16,CVX,Energy,128.57,128.86,128.19,128.22,39040582
2025-05-19,CVX,Energy,128.26,128.61,127.64,128.3,40407682
2025-05-20,CVX,Energy,129.1,130.03,128.08,128.31,44047058
2025-05-21,CVX,Energy,128.17,128.83,127.89,128.76,16258794
2025-05-22,CVX,Energy,133.65,134.47,132.65,133.38,29696092
2025-05-23,CVX,Energy,133.61,134.76,132.88,133.63,38714722
2025-05-26,CVX,Energy,133.69,133.94,131.98,132.46,25557690
2025-05-27,CVX,Energy,130.43,131.69,129.52,131.17,44639904
2025-05-28,CVX,Energy,131.35,132.15,129.81,130.29,39889458
2025-05-29,CVX,Energy,127.59,127.92,127.13,127.83,19669395
2025-05-30,CVX,Energy,129.06,129.98,127.97,129.04,54293154
2025-06-02,CVX,Energy,130.49,130.82,129.39,129.73,34075113
2025-06-03,CVX,Energy,130.79,131.18,130.74,130.77,38235125
2025-06-04,CVX,Energy,133.71,134.19,132.33,132.51,35189388
2025-06-05,CVX,Energy,133.43,134.36,132.66,133.89,30149234
2025-06-06,CVX,Energy,130.62,131.5,130.01,131.0,50831782
2025-06-09,CVX,Energy,130.57,130.81,130.46,130.48,39223410
2025-06-10,CVX,Energy,129.59,131.21,128.48,130.05,49056371
2025-06-11,CVX,Energy,133.23,134.01,131.36,132.99,29620589
2025-06-12,CVX,Energy,135.44,136.75,134.17,136.17,36935685
2025-06-13,CVX,Energy,135.12,135.9,134.71,135.32,51757813
2025-06-16,CVX,Energy,132.76,133.84,132.2,133.24,43448377
2025-06-17,CVX,Energy,133.0,133.67,131.87,133.65,37918461
2025-06-18,CVX,Energy,133.79,133.82,132.61,133.04,38645373
2025-06-19,CVX,Energy,133.33,134.95,132.49,132.93,24460880
2025-06-20,CVX,Energy,134.81,136.05,133.66,135.59,39212128
2025-06-23,CVX,Energy,135.36,136.83,134.99,136.24,38953024
2025-06-24,CVX,Energy,135.22,135.7,134.36,135.27,40849460
2025-06-25,CVX,Energy,134.49,134.72,131.09,133.91,43508672
2025-06-26,CVX,Energy,131.34,132.81,130.83,130.91,28215881
2025-06-27,CVX,Energy,132.98,134.14,132.02,132.15,58900440
2025-06-30,CVX,Energy,132.77,133.61,131.48,132.82,37705707
2025-07-01,CVX,Energy,134.38,135.26,133.77,134.09,26064340
2025-07-02,CVX,Energy,134.98,135.25,133.69,134.12,37651968
2025-07-03,CVX,Energy,132.25,133.58,131.32,131.93,41662161
2025-07-04,CVX,Energy,133.16,133.35,130.95,132.11,35881648
2025-07-07,CVX,Energy,134.68,134.92,132.79,134.59,20637896
2025-07-08,CVX,Energy,135.11,135.15,134.76,134.79,43889244
2025-07-09,CVX,Energy,139.14,139.61,137.31,138.4,33249487
2025-07-10,CVX,Energy,139.0,139.92,137.24,139.03,34069167
2025-07-11,CVX,Energy,143.28,144.04,142.26,143.48,27621707
2025-07-14,CVX,Energy,149.11,149.4,146.91,148.26,29550352
2025-07-15,CVX,Energy,146.73,146.77,145.16,146.21,18386455
2025-07-16,CVX,Energy,144.26,145.7,142.47,144.78,40711692
2025-07-17,CVX,Energy,143.96,145.51,143.06,143.79,26260390
2025-07-18,CVX,Energy,139.98,141.29,138.98,139.94,31854442
2025-07-21,CVX,Energy,140.49,142.46,140.15,141.05,24984567
2025-07-22,CVX,Energy,142.09,142.11,141.66,142.11,30650913
2025-07-23,CVX,Energy,142.15,143.09,140.84,142.62,43057392
2025-07-24,CVX,Energy,140.26,141.17,139.08,139.91,54628279
2025-07-25,CVX,Energy,143.94,144.13,143.0,143.54,25936758
2025-07-28,CVX,Energy,139.88,139.98,138.08,139.29,9748472
2025-07-29,CVX,Energy,137.83,138.7,135.82,136.42,52118966
2025-07-30,CVX,Energy,137.62,138.9,136.02,138.43,63419334
2025-07-31,CVX,Energy,138.9,139.21,138.55,139.2,36222224
2025-08-01,CVX,Energy,138.76,140.01,137.33,137.9,33957087
2025-08-04,CVX,Energy,139.01,140.18,137.74,138.1,35037895
2025-08-05,CVX,Energy,139.05,139.92,136.27,138.46,47800057
2025-08-06,CVX,Energy,142.25,142.49,140.28,141.14,52765515
2025-08-07,CVX,Energy,138.61,139.34,138.45,138.47,35785675
2025-08-08,CVX,Energy,138.74,139.34,137.07,139.19,24937264
2025-08-11,CVX,Energy,142.08,142.37,140.32,141.66,57666311
2025-08-12,CVX,Energy,138.86,139.99,138.39,139.47,30273850
2025-08-13,CVX,Energy,139.17,139.74,138.41,139.43,27383003
2025-08-14,CVX,Energy,138.85,139.81,138.79,139.37,33372725
2025-08-15,CVX,Energy,135.3,137.24,133.89,135.85,32767664
2025-08-18,CVX,Energy,138.33,139.02,134.96,136.56,49126075
2025-08-19,CVX,Energy,137.5,138.03,136.54,137.4,50735663
2025-08-20,CVX,Energy,140.94,141.49,140.02,140.76,40992729
2025-08-21,CVX,Energy,140.47,141.7,140.29,140.79,37606709
2025-08-22,CVX,Energy,142.33,142.39,140.2,141.85,49726976
2025-08-25,CVX,Energy,146.14,147.85,144.29,145.26,62271750
2025-08-26,CVX,Energy,144.01,144.01,143.45,143.85,23301598
2025-08-27,CVX,Energy,141.07,142.08,141.06,141.2,44237195
2025-08-28,CVX,Energy,142.75,143.28,141.28,141.55,49265216
2025-08-29,CVX,Energy,140.55,141.34,138.87,141.18,32110341
2025-09-01,CVX,Energy,141.78,141.9,139.43,141.05,15458466
2025-09-02,CVX,Energy,140.22,141.54,139.54,140.17,27433687
2025-09-03,CVX,Energy,138.18,139.41,138.12,138.36,42325832
2025-09-04,CVX,Energy,139.47,141.07,137.2,140.5,40651617
2025-09-05,CVX,Energy,139.31,141.79,139.1,140.53,37735523
2025-09-08,CVX,Energy,145.24,147.7,142.81,145.65,33078247
2025-09-09,CVX,Energy,143.91,144.76,142.34,143.31,28285068
2025-09-10,CVX,Energy,149.36,149.43,147.58,147.98,36477303
2025-09-11,CVX,Energy,148.65,149.02,147.53,148.75,11303397
2025-09-12,CVX,Energy,148.72,149.72,148.2,148.88,41985497
2025-09-15,CVX,Energy,146.34,147.73,146.33,146.33,17848244
2025-09-16,CVX,Energy,144.7,145.94,142.96,144.86,35251523
2025-09-17,CVX,Energy,148.26,150.78,146.71,147.85,38143143
2025-09-18,CVX,Energy,141.98,143.7,140.67,141.62,44756080
2025-09-19,CVX,Energy,137.74,137.99,137.6,137.63,36386283
2025-09-22,CVX,Energy,134.22,135.13,133.96,134.15,20579031
2025-09-23,CVX,Energy,136.33,137.79,136.17,136.74,44052911
2025-09-24,CVX,Energy,138.38,138.72,137.41,138.3,31347350
2025-09-25,CVX,Energy,136.25,136.76,136.03,136.13,44737258
2025-09-26,CVX,Energy,134.19,135.93,133.22,135.18,48998717
2025-09-29,CVX,Energy,135.86,137.48,134.89,135.53,49146616
2025-09-30,CVX,Energy,138.64,139.32,137.65,137.81,45310970
2025-10-01,CVX,Energy,136.13,136.49,135.28,135.65,49055351
2025-10-02,CVX,Energy,136.66,136.79,135.33,136.01,27164691
2025-10-03,CVX,Energy,136.22,137.05,135.32,135.33,33910194
2025-10-06,CVX,Energy,134.03,135.25,133.01,135.18,38479737
2025-10-07,CVX,Energy,134.07,134.91,133.11,133.31,49180838
2025-10-08,CVX,Energy,133.97,134.42,133.82,133.83,48663746
2025-10-09,CVX,Energy,132.39,132.4,131.25,132.23,43020519
2025-10-10,CVX,Energy,131.73,133.03,130.93,132.5,20665635
2025-10-13,CVX,Energy,134.4,136.79,134.31,135.88,49334043
2025-10-14,CVX,Energy,137.63,138.71,135.08,138.22,38751573
2025-10-15,CVX,Energy,141.09,143.27,139.38,141.37,36266223
2025-10-16,CVX,Energy,140.86,142.66,139.33,142.16,65804537
2025-10-17,CVX,Energy,144.56,145.0,144.52,144.81,22005723
2025-10-20,CVX,Energy,141.42,142.0,139.88,140.71,20912558
2025-10-21,CVX,Energy,137.72,138.61,136.77,136.97,47869850
2025-10-22,CVX,Energy,135.02,136.39,134.68,134.84,30308160
2025-10-23,CVX,Energy,132.95,133.81,131.49,132.89,30792096
2025-10-24,CVX,Energy,134.66,135.86,133.95,135.19,37320945
2025-10-27,CVX,Energy,132.33,132.62,131.84,132.0,44383406
2025-10-28,CVX,Energy,130.68,130.79,128.36,129.2,48752218
2025-10-29,CVX,Energy,130.12,130.58,128.32,129.02,40340895
2025-10-30,CVX,Energy,129.52,130.2,128.64,129.37,52606870
2025-10-31,CVX,Energy,131.25,131.96,130.99,131.25,38015237
2025-11-03,CVX,Energy,130.9,131.46,129.12,130.75,10713670
2025-11-04,CVX,Energy,130.78,130.82,130.29,130.44,6300691
2025-11-05,CVX,Energy,132.73,132.84,131.66,132.36,36993189
2025-11-06,CVX,Energy,130.34,131.98,130.27,130.53,43851771
2025-11-07,CVX,Energy,130.51,131.07,130.42,130.85,49789550
2025-11-10,CVX,Energy,132.05,132.79,131.78,132.11,61550191
2025-11-11,CVX,Energy,131.12,131.98,131.04,131.4,27163217
2025-11-12,CVX,Energy,132.48,133.9,129.88,133.28,27296991
2025-11-13,CVX,Energy,130.67,131.64,128.84,131.52,43440676
2025-11-14,CVX,Energy,135.3,136.72,134.71,134.88,43035081
2025-11-17,CVX,Energy,134.88,136.14,132.89,134.27,55621928
2025-11-18,CVX,Energy,132.87,133.85,132.33,133.4,21534646
2025-11-19,CVX,Energy,130.18,131.09,129.0,130.35,30072211
2025-11-20,CVX,Energy,127.39,128.72,126.42,128.08,54376938
2025-11-21,CVX,Energy,126.64,127.08,126.08,126.49,27873616
2025-11-24,CVX,Energy,124.41,125.45,123.51,124.27,35343824
2025-11-25,CVX,Energy,121.36,122.98,120.81,121.99,51076079
2025-11-26,CVX,Energy,123.05,123.07,121.68,122.14,29262213
2025-11-27,CVX,Energy,122.15,124.08,121.91,123.38,38249709
2025-11-28,CVX,Energy,123.93,124.22,123.48,123.99,40838207
2025-12-01,CVX,Energy,116.94,118.32,116.51,117.72,62823130
2025-12-02,CVX,Energy,115.64,116.17,115.22,115.82,30452420
2025-12-03,CVX,Energy,118.33,118.36,117.24,117.98,42376290
2025-12-04,CVX,Energy,115.53,115.8,114.62,115.51,44829314
2025-12-05,CVX,Energy,115.5,115.81,114.5,115.35,69260756
2025-12-08,CVX,Energy,113.67,114.13,113.36,113.38,7139016
2025-12-09,CVX,Energy,115.66,115.87,115.06,115.81,25842333
2025-12-10,CVX,Energy,114.21,114.97,113.3,114.4,38632366
2025-12-11,CVX,Energy,115.41,115.99,115.33,115.72,39232846
2025-12-12,CVX,Energy,114.68,115.0,114.05,114.44,42195328
2025-12-15,CVX,Energy,109.85,111.27,109.23,110.06,56450506
2025-12-16,CVX,Energy,110.04,111.88,108.83,110.95,26587435
2025-12-17,CVX,Energy,107.4,108.82,107.39,107.6,33720969
2025-12-18,CVX,Energy,105.61,106.44,105.26,106.08,33529616
2025-12-19,CVX,Energy,109.12,109.81,108.59,109.31,25091717
2025-12-22,CVX,Energy,114.49,115.37,114.36,114.84,48018783
2025-12-23,CVX,Energy,115.04,116.66,114.37,114.93,19240899
2025-12-24,CVX,Energy,112.97,113.5,112.91,113.35,47585528
2025-12-25,CVX,Energy,113.13,114.16,112.9,113.46,48915978
2025-12-26,CVX,Energy,111.47,111.53,110.19,111.14,51057230
2025-12-29,CVX,Energy,110.86,111.7,109.89,110.44,33869560
2025-12-30,CVX,Energy,113.12,113.83,112.99,113.33,28467909
2025-12-31,CVX,Energy,113.87,113.99,113.61,113.77,43509833
2024-01-26,DIS,Communication Services,89.96,91.22,88.69,90.0,4816303
2024-01-29,DIS,Communication Services,92.77,93.11,92.62,92.83,23118001
2024-01-30,DIS,Communication Services,93.25,93.28,92.08,92.69,3360623
2024-01-31,DIS,Communication Services,89.99,90.87,88.35,90.28,26207141
2024-02-01,DIS,Communication Services,85.83,86.2,85.74,85.88,26207088
2024-02-02,DIS,Communication Services,84.76,85.19,84.02,84.24,45715884
2024-02-05,DIS,Communication Services,81.64,82.88,80.87,81.99,41817391
2024-02-06,DIS,Communication Services,80.13,81.33,79.79,80.44,30468181
2024-02-07,DIS,Communication Services,80.31,80.72,78.82,80.01,42656084
2024-02-08,DIS,Communication Services,81.96,82.59,81.36,82.46,8626947
2024-02-09,DIS,Communication Services,81.51,82.59,81.06,81.5,26052906
2024-02-12,DIS,Communication Services,80.47,81.67,80.09,80.66,29887869
2024-02-13,DIS,Communication Services,80.49,81.28,79.76,80.51,34899051
2024-02-14,DIS,Communication Services,81.33,81.79,80.7,81.6,14138729
2024-02-15,DIS,Communication Services,83.12,83.91,81.68,82.53,26223058
2024-02-16,DIS,Communication Services,79.26,79.51,77.8,79.39,16488693
2024-02-19,DIS,Communication Services,77.98,78.04,77.12,77.75,18335937
2024-02-20,DIS,Communication Services,79.39,79.57,78.48,79.5,9308855
2024-02-21,DIS,Communication Services,78.68,79.53,78.46,78.69,23387897
2024-02-22,DIS,Communication Services,80.78,80.88,79.73,80.23,48895833
2024-02-23,DIS,Communication Services,81.12,81.51,80.86,81.4,38495937
2024-02-26,DIS,Communication Services,77.72,78.22,77.5,77.77,24652380
2024-02-27,DIS,Communication Services,75.02,75.58,73.18,75.21,11650268
2024-02-28,DIS,Communication Services,74.09,74.88,73.96,74.73,29065998
2024-02-29,DIS,Communication Services,74.96,75.97,74.79,75.35,33326197
2024-03-01,DIS,Communication Services,74.51,75.06,74.21,74.97,11796924
2024-03-04,DIS,Communication Services,74.12,75.24,73.77,74.7,36302241
2024-03-05,DIS,Communication Services,74.75,75.59,74.47,74.77,18198266
2024-03-06,DIS,Communication Services,74.47,75.32,73.7,74.64,21311797
2024-03-07,DIS,Communication Services,74.13,75.32,73.85,74.61,17700522
2024-03-08,DIS,Communication Services,70.98,71.46,70.55,71.09,12295284
2024-03-11,DIS,Communication Services,70.94,71.37,69.64,70.67,21671363
2024-03-12,DIS,Communication Services,70.18,71.53,69.53,70.24,5116563
2024-03-13,DIS,Communication Services,68.88,68.92,68.41,68.76,32439173
2024-03-14,DIS,Communication Services,68.11,68.24,67.68,67.72,30416741
2024-03-15,DIS,Communication Services,65.17,65.97,64.37,65.48,9303421
2024-03-18,DIS,Communication Services,66.2,66.38,65.41,66.0,19380011
2024-03-19,DIS,Communication Services,64.36,64.61,64.18,64.5,25018066
2024-03-20,DIS,Communication Services,64.44,64.78,64.05,64.36,38873770
2024-03-21,DIS,Communication Services,64.15,64.16,63.42,63.75,29043605
2024-03-22,DIS,Communication Services,63.59,64.03,63.45,63.53,7009966
2024-03-25,DIS,Communication Services,65.12,65.3,64.62,64.7,21567597
2024-03-26,DIS,Communication Services,64.02,64.96,63.58,63.77,42130843
2024-03-27,DIS,Communication Services,63.96,64.37,63.41,63.66,28744800
2024-03-28,DIS,Communication Services,64.18,64.7,63.96,64.49,26179070
2024-03-29,DIS,Communication Services,64.6,64.85,64.38,64.71,36513451
2024-04-01,DIS,Communication Services,63.91,64.27,62.62,63.7,19135478
2024-04-02,DIS,Communication Services,61.6,62.04,60.17,61.74,28846754
2024-04-03,DIS,Communication Services,60.49,61.52,59.66,60.72,25388862
2024-04-04,DIS,Communication Services,61.16,61.85,60.85,60.96,13663921
2024-04-05,DIS,Communication Services,60.58,61.23,60.22,60.92,36888900
2024-04-08,DIS,Communication Services,61.5,62.26,60.38,61.71,18690975
2024-04-09,DIS,Communication Services,62.23,62.24,61.01,61.32,22671258
2024-04-10,DIS,Communication Services,60.24,61.07,59.61,60.39,36852486
2024-04-11,DIS,Communication Services,58.15,58.7,57.43,58.61,34242255
2024-04-12,DIS,Communication Services,57.04,57.44,56.81,57.21,9748784
2024-04-15,DIS,Communication Services,56.32,56.76,55.96,56.02,6601424
2024-04-16,DIS,Communication Services,57.77,58.11,57.27,57.51,20948969
2024-04-17,DIS,Communication Services,56.03,56.39,55.67,56.16,23816346
2024-04-18,DIS,Communication Services,55.03,55.99,54.83,54.86,32723145
2024-04-19,DIS,Communication Services,53.72,54.83,53.37,54.1,24121679
2024-04-22,DIS,Communication Services,55.4,55.75,54.75,55.23,19433440
2024-04-23,DIS,Communication Services,56.04,56.52,55.51,55.77,31562996
2024-04-24,DIS,Communication Services,56.34,56.53,55.45,55.5,28268243
2024-04-25,DIS,Communication Services,54.17,55.18,53.68,53.76,17215339
2024-04-26,DIS,Communication Services,54.0,54.59,53.52,53.63,27988446
2024-04-29,DIS,Communication Services,54.36,54.42,53.64,54.4,17605701
2024-04-30,DIS,Communication Services,56.06,56.98,55.71,55.75,22524978
2024-05-01,DIS,Communication Services,52.52,53.87,52.08,53.15,30151041
2024-05-02,DIS,Communication Services,52.02,52.52,51.92,52.17,22137359
2024-05-03,DIS,Communication Services,52.05,52.43,51.63,52.11,34183458
2024-05-06,DIS,Communication Services,53.25,53.27,52.86,53.24,39228675
2024-05-07,DIS,Communication Services,51.65,52.46,51.53,51.67,18527100
2024-05-08,DIS,Communication Services,50.65,51.07,50.0,50.37,21207415
2024-05-09,DIS,Communication Services,49.71,49.84,49.35,49.74,16105511
2024-05-10,DIS,Communication Services,48.21,48.93,47.98,48.18,25061076
2024-05-13,DIS,Communication Services,46.86,46.95,45.56,46.13,24783917
2024-05-14,DIS,Communication Services,48.42,48.83,47.56,47.94,28968995
2024-05-15,DIS,Communication Services,47.49,47.85,47.25,47.54,29669404
2024-05-16,DIS,Communication Services,47.3,48.29,46.54,46.76,36968439
2024-05-17,DIS,Communication Services,45.07,45.76,44.93,45.5,18821732
2024-05-20,DIS,Communication Services,45.1,45.45,44.79,45.31,38460781
2024-05-21,DIS,Communication Services,45.02,45.37,44.01,44.67,43273477
2024-05-22,DIS,Communication Services,45.27,45.78,45.07,45.22,23377678
2024-05-23,DIS,Communication Services,44.09,44.46,43.57,44.1,30430128
2024-05-24,DIS,Communication Services,43.83,44.11,43.18,43.94,28486901
2024-05-27,DIS,Communication Services,43.81,44.18,43.57,43.74,29331390
2024-05-28,DIS,Communication Services,43.67,44.17,43.17,44.06,19686849
2024-05-29,DIS,Communication Services,43.75,43.81,43.74,43.75,31388371
2024-05-30,DIS,Communication Services,44.35,44.8,44.0,44.11,29929205
2024-05-31,DIS,Communication Services,44.44,44.48,43.96,44.22,26562834
2024-06-03,DIS,Communication Services,44.67,45.08,44.59,44.83,23624854
2024-06-04,DIS,Communication Services,45.25,45.82,45.14,45.21,5283653
2024-06-05,DIS,Communication Services,44.61,44.92,44.17,44.89,30044143
2024-06-06,DIS,Communication Services,46.25,46.39,46.13,46.22,36850813
2024-06-07,DIS,Communication Services,45.29,45.86,44.91,45.6,22247364
2024-06-10,DIS,Communication Services,47.39,47.65,46.41,46.84,10901559
2024-06-11,DIS,Communication Services,48.01,48.33,47.43,47.7,22072320
2024-06-12,DIS,Communication Services,48.26,48.69,47.53,48.19,26624607
2024-06-13,DIS,Communication Services,47.95,48.38,47.31,48.04,1611877
2024-06-14,DIS,Communication Services,47.44,47.54,47.06,47.29,27175698
2024-06-17,DIS,Communication Services,47.7,47.8,47.24,47.41,44168968
2024-06-18,DIS,Communication Services,47.34,48.05,47.3,47.52,23029596
2024-06-19,DIS,Communication Services,47.62,47.83,47.29,47.36,17627952
2024-06-20,DIS,Communication Services,48.03,48.09,47.7,47.8,23964121
2024-06-21,DIS,Communication Services,48.6,49.16,48.14,48.6,35064884
2024-06-24,DIS,Communication Services,47.74,47.76,47.34,47.72,40582488
2024-06-25,DIS,Communication Services,47.45,47.6,46.72,47.03,36184262
2024-06-26,DIS,Communication Services,46.05,46.37,45.66,45.77,29436278
2024-06-27,DIS,Communication Services,46.11,46.38,45.81,46.05,27478086
2024-06-28,DIS,Communication Services,46.69,47.88,46.38,47.43,43608854
2024-07-01,DIS,Communication Services,45.99,46.8,45.92,46.12,29334462
2024-07-02,DIS,Communication Services,45.24,45.86,45.0,45.36,24398807
2024-07-03,DIS,Communication Services,43.99,45.04,43.67,44.06,30459138
2024-07-04,DIS,Communication Services,43.22,43.66,42.89,43.54,35028734
2024-07-05,DIS,Communication Services,41.91,42.0,41.22,41.68,24820886
2024-07-08,DIS,Communication Services,42.53,42.89,42.22,42.6,35516637
2024-07-09,DIS,Communication Services,43.44,43.92,43.11,43.19,24837429
2024-07-10,DIS,Communication Services,43.62,43.86,43.29,43.36,35020890
2024-07-11,DIS,Communication Services,44.22,44.87,43.98,44.15,33296260
2024-07-12,DIS,Communication Services,45.12,45.93,44.84,44.91,33666034
2024-07-15,DIS,Communication Services,45.01,45.24,44.12,44.86,24907205
2024-07-16,DIS,Communication Services,43.75,44.07,43.44,43.67,22353173
2024-07-17,DIS,Communication Services,43.23,43.49,42.59,43.02,15614986
2024-07-18,DIS,Communication Services,43.12,43.31,42.86,42.95,34008028
2024-07-19,DIS,Communication Services,42.11,42.45,41.78,42.3,25371634
2024-07-22,DIS,Communication Services,43.74,44.07,43.6,43.77,31394685
2024-07-23,DIS,Communication Services,43.87,44.06,43.23,43.92,13380917
2024-07-24,DIS,Communication Services,43.54,44.25,43.24,44.02,13060565
2024-07-25,DIS,Communication Services,45.01,45.37,44.32,44.87,26676951
2024-07-26,DIS,Communication Services,45.07,45.43,45.0,45.13,11208783
2024-07-29,DIS,Communication Services,44.24,45.46,43.83,44.9,17111240
2024-07-30,DIS,Communication Services,45.88,46.31,45.06,46.27,34957474
2024-07-31,DIS,Communication Services,46.46,46.99,46.17,46.69,17234059
2024-08-01,DIS,Communication Services,46.39,46.52,45.83,46.24,13463021
2024-08-02,DIS,Communication Services,47.06,47.34,46.1,46.42,36023847
2024-08-05,DIS,Communication Services,45.62,45.99,45.53,45.94,26905837
2024-08-06,DIS,Communication Services,44.94,45.24,44.31,45.2,21956971
2024-08-07,DIS,Communication Services,46.29,46.67,45.67,45.92,11784044
2024-08-08,DIS,Communication Services,44.88,45.7,44.78,45.48,28705896
2024-08-09,DIS,Communication Services,45.24,45.3,44.71,44.79,12922044
2024-08-12,DIS,Communication Services,45.4,45.46,44.67,44.96,27131837
2024-08-13,DIS,Communication Services,46.47,47.26,45.56,45.92,35696425
2024-08-14,DIS,Communication Services,44.09,44.44,43.91,44.0,30734912
2024-08-15,DIS,Communication Services,43.72,44.33,43.25,43.38,14939160
2024-08-16,DIS,Communication Services,41.34,41.45,41.0,41.45,20145326
2024-08-19,DIS,Communication Services,38.33,38.84,38.17,38.66,32952976
2024-08-20,DIS,Communication Services,38.53,39.12,38.35,38.7,37980435
2024-08-21,DIS,Communication Services,37.29,37.79,37.11,37.69,10079225
2024-08-22,DIS,Communication Services,38.84,39.03,38.12,38.28,33495538
2024-08-23,DIS,Communication Services,37.4,37.81,36.78,37.37,15469409
2024-08-26,DIS,Communication Services,37.85,38.13,37.33,37.82,34712966
2024-08-27,DIS,Communication Services,38.44,38.84,37.92,38.05,38919387
2024-08-28,DIS,Communication Services,37.43,37.83,37.19,37.35,23029036
2024-08-29,DIS,Communication Services,36.97,37.01,36.87,36.98,27229095
2024-08-30,DIS,Communication Services,37.46,37.52,36.94,37.12,5870935
2024-09-02,DIS,Communication Services,37.56,37.88,37.15,37.53,35428478
2024-09-03,DIS,Communication Services,38.63,38.76,38.35,38.56,32772088
2024-09-04,DIS,Communication Services,38.58,38.95,38.57,38.74,25424124
2024-09-05,DIS,Communication Services,38.94,39.12,38.62,38.71,20885906
2024-09-06,DIS,Communication Services,39.11,39.22,38.51,38.74,26008415
2024-09-09,DIS,Communication Services,38.39,38.66,38.21,38.55,29167134
2024-09-10,DIS,Communication Services,37.45,38.32,37.45,38.2,16843115
2024-09-11,DIS,Communication Services,37.58,37.71,37.5,37.5,20409670
2024-09-12,DIS,Communication Services,38.02,38.19,37.71,37.8,25840611
2024-09-13,DIS,Communication Services,37.74,37.79,36.97,37.17,14907747
2024-09-16,DIS,Communication Services,37.51,38.0,37.06,37.31,22769910
2024-09-17,DIS,Communication Services,37.22,37.33,36.69,37.3,32433121
2024-09-18,DIS,Communication Services,38.05,38.63,37.25,37.78,39610550
2024-09-19,DIS,Communication Services,37.27,38.63,37.23,37.97,36941647
2024-09-20,DIS,Communication Services,37.46,37.47,37.22,37.4,18138487
2024-09-23,DIS,Communication Services,36.86,36.89,36.1,36.58,18250170
2024-09-24,DIS,Communication Services,37.43,37.51,37.23,37.35,27088250
2024-09-25,DIS,Communication Services,37.12,37.49,36.68,37.04,24131149
2024-09-26,DIS,Communication Services,38.18,38.21,37.96,38.09,33361866
2024-09-27,DIS,Communication Services,36.12,36.14,35.38,36.1,32550197
2024-09-30,DIS,Communication Services,36.2,36.46,35.73,36.24,32580424
2024-10-01,DIS,Communication Services,36.88,36.97,36.13,36.87,29570858
2024-10-02,DIS,Communication Services,36.99,37.05,36.68,36.94,8024085
2024-10-03,DIS,Communication Services,37.45,37.68,37.05,37.11,24353013
2024-10-04,DIS,Communication Services,37.87,38.1,37.47,37.55,29825606
2024-10-07,DIS,Communication Services,37.86,38.63,37.64,38.18,27448862
2024-10-08,DIS,Communication Services,38.68,38.71,38.45,38.65,17707375
2024-10-09,DIS,Communication Services,39.57,39.65,39.31,39.61,45666809
2024-10-10,DIS,Communication Services,38.74,39.64,38.49,39.25,32446942
2024-10-11,DIS,Communication Services,40.59,41.02,40.42,40.57,28765790
2024-10-14,DIS,Communication Services,39.76,39.83,39.7,39.74,16893300
2024-10-15,DIS,Communication Services,40.35,41.02,39.42,40.51,29894582
2024-10-16,DIS,Communication Services,41.05,41.13,40.69,40.84,30105586
2024-10-17,DIS,Communication Services,42.95,43.48,42.38,42.68,50323957
2024-10-18,DIS,Communication Services,42.99,43.03,42.81,42.95,21670603
2024-10-21,DIS,Communication Services,43.71,43.94,43.36,43.55,21265585
2024-10-22,DIS,Communication Services,41.44,42.73,41.44,42.13,28265131
2024-10-23,DIS,Communication Services,42.75,43.09,42.65,42.86,24339090
2024-10-24,DIS,Communication Services,42.99,43.67,42.7,43.11,33547308
2024-10-25,DIS,Communication Services,43.5,43.99,43.02,43.76,18289257
2024-10-28,DIS,Communication Services,42.82,43.27,42.4,42.93,19584039
2024-10-29,DIS,Communication Services,42.1,42.95,41.91,42.52,28838293
2024-10-30,DIS,Communication Services,42.92,43.33,42.55,42.68,22766636
2024-10-31,DIS,Communication Services,42.79,43.06,42.3,42.64,30590411
2024-11-01,DIS,Communication Services,42.94,43.04,42.75,42.88,19765409
2024-11-04,DIS,Communication Services,42.94,43.17,42.71,43.03,19529172
2024-11-05,DIS,Communication Services,42.34,43.19,41.91,42.62,20515616
2024-11-06,DIS,Communication Services,42.31,42.52,41.9,42.43,9246961
2024-11-07,DIS,Communication Services,41.83,41.88,41.6,41.8,32506698
2024-11-08,DIS,Communication Services,44.22,44.26,43.81,44.12,37897843
2024-11-11,DIS,Communication Services,44.25,44.71,44.03,44.43,27230784
2024-11-12,DIS,Communication Services,46.3,46.4,45.65,46.0,21226845
2024-11-13,DIS,Communication Services,44.8,45.45,44.37,45.06,30004486
2024-11-14,DIS,Communication Services,44.8,45.35,44.47,44.99,18920729
2024-11-15,DIS,Communication Services,44.91,44.95,43.84,44.6,24940081
2024-11-18,DIS,Communication Services,44.81,45.3,44.21,44.97,26960032
2024-11-19,DIS,Communication Services,44.84,45.95,44.79,45.16,32681424
2024-11-20,DIS,Communication Services,44.21,44.24,43.23,44.15,23920097
2024-11-21,DIS,Communication Services,44.54,44.8,44.17,44.58,32636096
2024-11-22,DIS,Communication Services,44.7,44.94,44.51,44.83,14762884
2024-11-25,DIS,Communication Services,45.33,45.82,44.87,45.11,23207433
2024-11-26,DIS,Communication Services,46.12,47.29,45.9,46.16,23430941
2024-11-27,DIS,Communication Services,47.49,47.5,46.8,47.05,32671527
2024-11-28,DIS,Communication Services,48.44,48.99,48.34,48.59,17328847
2024-11-29,DIS,Communication Services,49.21,49.45,48.58,48.93,23679738
2024-12-02,DIS,Communication Services,50.02,50.79,49.77,49.84,21763014
2024-12-03,DIS,Communication Services,50.13,50.39,49.49,49.67,40651461
2024-12-04,DIS,Communication Services,49.51,50.08,49.06,49.87,34779107
2024-12-05,DIS,Communication Services,50.19,50.96,50.1,50.46,31530397
2024-12-06,DIS,Communication Services,49.65,50.1,49.08,49.98,34682612
2024-12-09,DIS,Communication Services,49.88,50.12,49.54,50.05,32118667
2024-12-10,DIS,Communication Services,48.92,49.33,48.62,48.78,38105637
2024-12-11,DIS,Communication Services,49.49,50.03,49.45,50.0,23353497
2024-12-12,DIS,Communication Services,51.43,51.52,50.94,51.28,14812036
2024-12-13,DIS,Communication Services,50.74,50.89,49.93,50.05,23466177
2024-12-16,DIS,Communication Services,51.24,51.46,51.14,51.22,30426962
2024-12-17,DIS,Communication Services,51.47,52.36,51.32,52.23,45838307
2024-12-18,DIS,Communication Services,52.85,53.48,52.34,52.57,26020901
2024-12-19,DIS,Communication Services,53.04,53.52,52.19,52.93,27965661
2024-12-20,DIS,Communication Services,53.35,53.94,52.98,53.55,28747721
2024-12-23,DIS,Communication Services,52.37,52.41,51.78,52.16,21268103
2024-12-24,DIS,Communication Services,54.47,55.03,54.3,54.57,12438854
2024-12-25,DIS,Communication Services,52.41,52.54,52.11,52.22,21875835
2024-12-26,DIS,Communication Services,50.63,51.04,50.43,50.71,13272054
2024-12-27,DIS,Communication Services,51.82,52.09,51.07,51.8,29955017
2024-12-30,DIS,Communication Services,52.76,53.23,52.19,52.76,29680757
2024-12-31,DIS,Communication Services,55.16,55.34,54.5,54.57,26971526
2025-01-01,DIS,Communication Services,54.74,54.83,54.4,54.7,16673695
2025-01-02,DIS,Communication Services,53.74,54.39,53.38,53.71,14373412
2025-01-03,DIS,Communication Services,53.71,54.11,53.06,53.79,41148605
2025-01-06,DIS,Communication Services,54.66,55.09,54.55,54.73,24232010
2025-01-07,DIS,Communication Services,54.0,54.03,53.47,53.98,12859282
2025-01-08,DIS,Communication Services,52.99,53.64,52.24,52.84,30328497
2025-01-09,DIS,Communication Services,52.65,53.22,52.09,52.89,20731758
2025-01-10,DIS,Communication Services,52.25,52.34,51.89,52.14,22501927
2025-01-13,DIS,Communication Services,52.01,52.4,51.52,51.97,17416932
2025-01-14,DIS,Communication Services,51.45,52.05,50.44,51.35,37441469
2025-01-15,DIS,Communication Services,51.64,52.04,51.26,51.96,12560169
2025-01-16,DIS,Communication Services,51.06,51.77,50.67,51.51,25100241
2025-01-17,DIS,Communication Services,50.98,51.11,50.75,50.99,37966780
2025-01-20,DIS,Communication Services,52.64,52.71,51.09,51.72,34137501
2025-01-21,DIS,Communication Services,50.67,51.56,50.43,50.58,22297501
2025-01-22,DIS,Communication Services,49.79,49.87,49.46,49.68,43261813
2025-01-23,DIS,Communication Services,50.42,51.24,49.92,50.03,30876883
2025-01-24,DIS,Communication Services,49.56,49.73,49.09,49.17,26130905
2025-01-27,DIS,Communication Services,50.66,51.29,49.65,50.46,36397327
2025-01-28,DIS,Communication Services,49.12,50.25,48.78,49.41,23654585
2025-01-29,DIS,Communication Services,49.42,50.26,48.18,49.31,21795287
2025-01-30,DIS,Communication Services,48.22,48.92,48.08,48.47,27866545
2025-01-31,DIS,Communication Services,49.56,50.45,49.14,49.9,19487438
2025-02-03,DIS,Communication Services,48.35,48.92,48.2,48.86,42553817
2025-02-04,DIS,Communication Services,50.59,50.87,50.5,50.74,20238445
2025-02-05,DIS,Communication Services,50.98,51.39,50.75,50.84,28893037
2025-02-06,DIS,Communication Services,51.02,51.25,50.43,50.67,38935073
2025-02-07,DIS,Communication Services,48.41,48.59,47.74,48.57,25889001
2025-02-10,DIS,Communication Services,50.13,50.27,49.83,50.2,29282260
2025-02-11,DIS,Communication Services,50.44,51.04,50.44,50.72,27376308
2025-02-12,DIS,Communication Services,50.02,50.59,49.49,49.5,30940254
2025-02-13,DIS,Communication Services,48.82,49.37,48.6,49.0,27873350
2025-02-14,DIS,Communication Services,47.36,47.45,47.33,47.39,25008894
2025-02-17,DIS,Communication Services,46.53,46.91,46.42,46.67,25758421
2025-02-18,DIS,Communication Services,46.38,46.7,46.21,46.57,39060848
2025-02-19,DIS,Communication Services,48.83,49.37,47.6,48.11,32498991
2025-02-20,DIS,Communication Services,50.46,51.29,50.04,50.52,19301259
2025-02-21,DIS,Communication Services,51.44,51.55,50.8,51.07,8957991
2025-02-24,DIS,Communication Services,50.19,50.4,49.14,49.5,20550111
2025-02-25,DIS,Communication Services,51.77,51.96,51.75,51.82,41631045
2025-02-26,DIS,Communication Services,49.63,50.01,49.49,49.99,24257775
2025-02-27,DIS,Communication Services,51.17,51.88,50.1,50.87,13159816
2025-02-28,DIS,Communication Services,50.6,51.13,50.34,50.95,29049627
2025-03-03,DIS,Communication Services,52.31,52.36,51.63,52.22,24057405
2025-03-04,DIS,Communication Services,51.45,51.96,51.36,51.44,28679200
2025-03-05,DIS,Communication Services,53.14,53.63,52.36,52.52,15237144
2025-03-06,DIS,Communication Services,54.58,55.31,53.4,54.06,30137501
2025-03-07,DIS,Communication Services,54.64,54.84,54.18,54.52,13948998
2025-03-10,DIS,Communication Services,54.13,54.73,53.31,54.55,20746675
2025-03-11,DIS,Communication Services,55.55,55.8,55.15,55.68,36374935
2025-03-12,DIS,Communication Services,56.8,57.23,56.7,57.19,28166732
2025-03-13,DIS,Communication Services,56.96,57.34,56.66,56.67,35492893
2025-03-14,DIS,Communication Services,56.29,56.69,55.73,55.96,31602537
2025-03-17,DIS,Communication Services,55.66,55.89,55.2,55.26,39143228
2025-03-18,DIS,Communication Services,52.91,52.95,52.17,52.79,21126930
2025-03-19,DIS,Communication Services,53.24,54.12,52.76,53.79,29901117
2025-03-20,DIS,Communication Services,53.82,54.28,53.73,53.8,23323689
2025-03-21,DIS,Communication Services,53.77,53.94,53.3,53.51,18256771
2025-03-24,DIS,Communication Services,52.71,53.41,52.7,53.05,19556087
2025-03-25,DIS,Communication Services,53.33,53.59,53.29,53.52,11561720
2025-03-26,DIS,Communication Services,52.03,53.0,51.97,52.83,13162332
2025-03-27,DIS,Communication Services,53.93,54.12,53.66,53.79,42636465
2025-03-28,DIS,Communication Services,53.81,53.98,53.24,53.4,12386479
2025-03-31,DIS,Communication Services,52.57,52.68,51.85,52.19,6401799
2025-04-01,DIS,Communication Services,53.08,53.3,52.59,52.84,29905814
2025-04-02,DIS,Communication Services,51.93,52.22,51.76,51.93,17892246
2025-04-03,DIS,Communication Services,52.2,52.5,51.86,51.87,18689988
2025-04-04,DIS,Communication Services,52.91,53.34,52.51,52.86,45603380
2025-04-07,DIS,Communication Services,53.19,53.35,52.7,52.92,27997436
2025-04-08,DIS,Communication Services,53.02,53.37,52.67,53.05,39415778
2025-04-09,DIS,Communication Services,52.64,52.98,51.94,52.6,29640101
2025-04-10,DIS,Communication Services,52.54,53.31,51.82,52.79,8060951
2025-04-11,DIS,Communication Services,52.12,52.27,52.01,52.15,14262591
2025-04-14,DIS,Communication Services,52.43,53.49,52.03,52.71,37450791
2025-04-15,DIS,Communication Services,52.8,52.81,52.26,52.37,34762980
2025-04-16,DIS,Communication Services,52.12,52.59,51.88,52.19,26845835
2025-04-17,DIS,Communication Services,50.93,51.35,50.38,51.15,23143856
2025-04-18,DIS,Communication Services,51.82,51.88,51.39,51.7,31798612
2025-04-21,DIS,Communication Services,51.23,52.08,50.96,51.15,21554503
2025-04-22,DIS,Communication Services,49.89,50.38,49.49,50.04,27120565
2025-04-23,DIS,Communication Services,49.7,49.76,49.16,49.54,30438540
2025-04-24,DIS,Communication Services,49.75,50.73,49.28,50.36,14055084
2025-04-25,DIS,Communication Services,50.12,51.7,50.0,50.96,19245337
2025-04-28,DIS,Communication Services,48.44,48.94,48.26,48.69,28188303
2025-04-29,DIS,Communication Services,47.97,48.52,47.96,48.03,34720683
2025-04-30,DIS,Communication Services,49.26,49.66,49.1,49.42,32384593
2025-05-01,DIS,Communication Services,50.38,50.68,50.2,50.68,19312669
2025-05-02,DIS,Communication Services,49.53,49.54,49.4,49.42,19292280
2025-05-05,DIS,Communication Services,50.62,51.01,50.21,50.32,17774541
2025-05-06,DIS,Communication Services,48.87,49.14,48.76,48.89,100000
2025-05-07,DIS,Communication Services,47.7,48.91,47.67,48.08,25247489
2025-05-08,DIS,Communication Services,46.97,47.3,46.89,47.07,12479972
2025-05-09,DIS,Communication Services,48.05,48.08,47.41,47.77,21587946
2025-05-12,DIS,Communication Services,47.78,48.35,47.53,47.82,33838352
2025-05-13,DIS,Communication Services,48.35,48.72,47.29,48.32,8664038
2025-05-14,DIS,Communication Services,46.45,46.95,45.86,46.44,27472224
2025-05-15,DIS,Communication Services,47.07,47.37,46.57,47.27,29295551
2025-05-16,DIS,Communication Services,49.0,49.58,48.46,48.83,35241743
2025-05-19,DIS,Communication Services,49.04,49.96,49.0,49.08,19409974
2025-05-20,DIS,Communication Services,51.28,52.01,50.7,51.04,26960851
2025-05-21,DIS,Communication Services,52.05,52.31,51.93,51.94,22344191
2025-05-22,DIS,Communication Services,54.2,54.46,53.54,53.84,24561338
2025-05-23,DIS,Communication Services,53.64,53.64,52.85,53.6,13065932
2025-05-26,DIS,Communication Services,53.92,54.77,53.87,53.96,17375738
2025-05-27,DIS,Communication Services,53.22,53.32,52.43,53.24,28169487
2025-05-28,DIS,Communication Services,51.57,52.67,51.38,51.71,28652772
2025-05-29,DIS,Communication Services,50.76,51.08,50.7,50.89,21049529
2025-05-30,DIS,Communication Services,51.11,51.73,50.9,51.19,41970013
2025-06-02,DIS,Communication Services,49.97,50.07,49.66,49.91,21798029
2025-06-03,DIS,Communication Services,49.97,50.39,49.49,50.04,21269881
2025-06-04,DIS,Communication Services,47.87,47.97,47.58,47.88,29439859
2025-06-05,DIS,Communication Services,47.55,47.96,47.35,47.57,18465746
2025-06-06,DIS,Communication Services,47.84,47.9,47.46,47.83,23297383
2025-06-09,DIS,Communication Services,47.5,47.91,46.83,47.17,32188957
2025-06-10,DIS,Communication Services,46.95,47.18,46.68,46.89,10718324
2025-06-11,DIS,Communication Services,46.7,47.3,46.51,46.88,30957024
2025-06-12,DIS,Communication Services,46.43,46.74,45.86,46.53,36550014
2025-06-13,DIS,Communication Services,46.5,47.32,46.04,46.81,25266904
2025-06-16,DIS,Communication Services,45.16,45.81,44.89,45.24,21312809
2025-06-17,DIS,Communication Services,44.15,44.56,43.8,44.18,38069551
2025-06-18,DIS,Communication Services,43.17,43.59,42.8,43.29,31794699
2025-06-19,DIS,Communication Services,42.65,43.15,42.28,43.11,32358871
2025-06-20,DIS,Communication Services,45.15,45.34,44.41,44.68,33169749
2025-06-23,DIS,Communication Services,45.2,45.24,45.03,45.21,26218544
2025-06-24,DIS,Communication Services,43.66,44.52,43.65,43.68,24073651
2025-06-25,DIS,Communication Services,43.96,44.67,43.69,43.87,25545094
2025-06-26,DIS,Communication Services,43.53,44.09,42.97,43.4,8694193
2025-06-27,DIS,Communication Services,43.05,43.17,42.97,43.02,12965669
2025-06-30,DIS,Communication Services,42.09,43.25,41.64,42.4,19537640
2025-07-01,DIS,Communication Services,42.02,42.2,41.77,42.17,19192903
2025-07-02,DIS,Communication Services,40.8,41.05,40.3,40.68,29627520
2025-07-03,DIS,Communication Services,40.61,40.96,40.5,40.59,21960899
2025-07-04,DIS,Communication Services,41.19,41.22,40.8,40.86,37825870
2025-07-07,DIS,Communication Services,40.1,40.21,39.45,40.21,27648615
2025-07-08,DIS,Communication Services,40.07,40.55,39.62,39.8,33336470
2025-07-09,DIS,Communication Services,38.78,39.49,38.33,38.86,31871595
2025-07-10,DIS,Communication Services,38.79,39.01,38.02,38.55,17286140
2025-07-11,DIS,Communication Services,38.73,38.95,38.37,38.63,40739516
2025-07-14,DIS,Communication Services,38.6,38.7,38.46,38.5,26181164
2025-07-15,DIS,Communication Services,38.93,39.52,38.68,39.01,22216549
2025-07-16,DIS,Communication Services,39.78,40.71,39.68,39.77,38153602
2025-07-17,DIS,Communication Services,39.17,39.46,38.98,39.31,20553209
2025-07-18,DIS,Communication Services,39.32,39.6,38.76,39.14,31357594
2025-07-21,DIS,Communication Services,38.17,38.37,37.62,38.28,14055849
2025-07-22,DIS,Communication Services,37.97,38.04,37.65,37.92,17327388
2025-07-23,DIS,Communication Services,37.93,37.99,37.87,37.97,30581092
2025-07-24,DIS,Communication Services,38.3,38.71,37.95,38.55,18003588
2025-07-25,DIS,Communication Services,38.58,38.69,38.31,38.49,25305058
2025-07-28,DIS,Communication Services,39.07,39.73,38.54,38.74,28070656
2025-07-29,DIS,Communication Services,37.71,38.11,37.28,37.71,15076783
2025-07-30,DIS,Communication Services,37.97,38.02,37.44,37.91,3115567
2025-07-31,DIS,Communication Services,37.27,37.4,36.99,37.26,26560579
2025-08-01,DIS,Communication Services,38.52,38.57,38.3,38.44,25121171
2025-08-04,DIS,Communication Services,40.35,40.53,39.78,39.84,18757869
2025-08-05,DIS,Communication Services,41.0,41.58,40.18,41.08,25794652
2025-08-06,DIS,Communication Services,40.33,40.5,40.24,40.34,38710047
2025-08-07,DIS,Communication Services,40.9,40.92,40.57,40.88,38860711
2025-08-08,DIS,Communication Services,39.01,39.33,38.78,38.85,26401961
2025-08-11,DIS,Communication Services,40.05,40.22,39.62,39.69,25580001
2025-08-12,DIS,Communication Services,39.92,40.28,39.41,39.68,28501571
2025-08-13,DIS,Communication Services,38.24,38.26,37.83,38.24,23189135
2025-08-14,DIS,Communication Services,38.58,38.96,38.52,38.71,18783348
2025-08-15,DIS,Communication Services,38.25,38.73,38.0,38.45,18556856
2025-08-18,DIS,Communication Services,38.29,38.89,37.98,38.19,24405494
2025-08-19,DIS,Communication Services,38.87,38.95,38.56,38.61,24513341
2025-08-20,DIS,Communication Services,38.96,39.6,38.76,39.39,32501901
2025-08-21,DIS,Communication Services,40.2,40.62,39.14,39.61,31540303
2025-08-22,DIS,Communication Services,37.72,38.1,37.64,37.8,19818188
2025-08-25,DIS,Communication Services,38.4,39.1,37.51,38.01,12221226
2025-08-26,DIS,Communication Services,37.06,37.44,36.83,37.23,23572468
2025-08-27,DIS,Communication Services,37.5,38.0,37.19,37.6,38980283
2025-08-28,DIS,Communication Services,37.77,37.97,37.31,37.85,21191394
2025-08-29,DIS,Communication Services,37.83,38.01,37.37,37.61,14637436
2025-09-01,DIS,Communication Services,37.23,37.85,36.99,37.51,23003907
2025-09-02,DIS,Communication Services,36.31,36.66,35.77,36.13,10973849
2025-09-03,DIS,Communication Services,37.34,37.4,37.1,37.25,18383706
2025-09-04,DIS,Communication Services,38.0,38.07,37.04,37.45,23996360
2025-09-05,DIS,Communication Services,37.48,38.02,37.25,37.6,25078442
2025-09-08,DIS,Communication Services,38.03,38.8,37.55,37.78,29467743
2025-09-09,DIS,Communication Services,36.27,36.63,35.99,36.36,39387432
2025-09-10,DIS,Communication Services,36.62,37.18,36.38,37.03,40982251
2025-09-11,DIS,Communication Services,36.61,36.78,36.15,36.67,33053425
2025-09-12,DIS,Communication Services,36.82,37.06,36.38,36.7,31857616
2025-09-15,DIS,Communication Services,36.16,36.31,36.02,36.21,15461465
2025-09-16,DIS,Communication Services,35.39,35.44,34.91,35.26,23994436
2025-09-17,DIS,Communication Services,34.83,34.99,34.16,34.83,28727699
2025-09-18,DIS,Communication Services,34.53,34.86,34.53,34.64,22340715
2025-09-19,DIS,Communication Services,34.54,34.67,34.29,34.57,17403607
2025-09-22,DIS,Communication Services,34.1,34.57,34.0,34.17,28542809
2025-09-23,DIS,Communication Services,33.79,34.51,33.51,34.04,19184830
2025-09-24,DIS,Communication Services,33.99,34.31,33.26,33.78,20500675
2025-09-25,DIS,Communication Services,32.94,32.97,32.41,32.8,31253791
2025-09-26,DIS,Communication Services,32.68,32.77,32.66,32.73,17803316
2025-09-29,DIS,Communication Services,32.84,33.03,32.53,32.65,27439166
2025-09-30,DIS,Communication Services,31.95,32.28,31.92,32.15,43016246
2025-10-01,DIS,Communication Services,32.44,32.88,32.03,32.69,23361915
2025-10-02,DIS,Communication Services,32.29,32.94,32.01,32.63,23878772
2025-10-03,DIS,Communication Services,32.63,33.23,32.45,32.83,30827740
2025-10-06,DIS,Communication Services,32.06,32.71,31.68,32.22,25299152
2025-10-07,DIS,Communication Services,31.64,31.88,31.24,31.73,19478693
2025-10-08,DIS,Communication Services,31.68,31.69,31.33,31.51,18029578
2025-10-09,DIS,Communication Services,30.63,30.7,30.48,30.7,36350179
2025-10-10,DIS,Communication Services,29.38,29.65,29.06,29.52,35603970
2025-10-13,DIS,Communication Services,30.57,31.04,30.23,30.28,26091043
2025-10-14,DIS,Communication Services,29.79,29.97,29.71,29.89,26725839
2025-10-15,DIS,Communication Services,30.37,30.45,29.68,29.77,32561416
2025-10-16,DIS,Communication Services,29.94,30.2,29.51,29.9,25032570
2025-10-17,DIS,Communication Services,29.69,30.21,29.31,29.74,26239066
2025-10-20,DIS,Communication Services,29.28,29.81,28.69,29.03,20996750
2025-10-21,DIS,Communication Services,29.83,29.88,29.5,29.6,29315312
2025-10-22,DIS,Communication Services,29.21,29.44,29.13,29.29,12262297
2025-10-23,DIS,Communication Services,29.55,29.8,29.19,29.63,29352042
2025-10-24,DIS,Communication Services,30.47,30.53,30.3,30.47,23186286
2025-10-27,DIS,Communication Services,29.51,29.75,28.82,29.67,24334985
2025-10-28,DIS,Communication Services,30.3,30.55,30.03,30.16,5450761
2025-10-29,DIS,Communication Services,29.75,30.38,29.67,30.23,43149294
2025-10-30,DIS,Communication Services,29.43,29.76,29.04,29.68,27119491
2025-10-31,DIS,Communication Services,29.66,30.61,29.28,29.94,23280243
2025-11-03,DIS,Communication Services,30.16,30.36,29.86,30.01,13060446
2025-11-04,DIS,Communication Services,29.71,30.06,29.54,29.65,28807499
2025-11-05,DIS,Communication Services,30.69,31.01,30.31,30.79,31997049
2025-11-06,DIS,Communication Services,30.99,31.37,30.75,31.04,20096433
2025-11-07,DIS,Communication Services,30.21,30.49,30.16,30.37,29346339
2025-11-10,DIS,Communication Services,30.41,30.82,30.3,30.57,20735986
2025-11-11,DIS,Communication Services,30.44,30.57,30.43,30.47,38746012
2025-11-12,DIS,Communication Services,29.71,29.83,29.54,29.79,30000805
2025-11-13,DIS,Communication Services,29.71,30.02,29.46,29.66,31404935
2025-11-14,DIS,Communication Services,30.12,30.23,29.86,29.9,26980301
2025-11-17,DIS,Communication Services,29.31,29.39,29.15,29.35,24282925
2025-11-18,DIS,Communication Services,28.52,28.6,28.42,28.54,22196144
2025-11-19,DIS,Communication Services,27.61,27.77,27.51,27.76,22909414
2025-11-20,DIS,Communication Services,26.91,27.05,26.82,27.03,26424662
2025-11-21,DIS,Communication Services,27.69,27.84,27.29,27.33,32190317
2025-11-24,DIS,Communication Services,27.44,27.98,27.44,27.56,30259188
2025-11-25,DIS,Communication Services,27.06,27.28,26.83,27.06,39206090
2025-11-26,DIS,Communication Services,26.99,27.13,26.79,26.95,28277185
2025-11-27,DIS,Communication Services,26.1,26.5,25.83,26.25,26656625
2025-11-28,DIS,Communication Services,25.86,26.24,25.66,25.92,29271730
2025-12-01,DIS,Communication Services,25.44,25.72,25.37,25.58,33390174
2025-12-02,DIS,Communication Services,25.84,25.85,25.69,25.74,26343014
2025-12-03,DIS,Communication Services,26.19,26.41,25.97,26.35,30729524
2025-12-04,DIS,Communication Services,25.8,26.25,25.58,25.78,20670755
2025-12-05,DIS,Communication Services,25.27,25.56,25.24,25.36,30580241
2025-12-08,DIS,Communication Services,25.41,25.67,25.37,25.51,28876242
2025-12-09,DIS,Communication Services,24.75,25.1,24.38,24.78,5784222
2025-12-10,DIS,Communication Services,24.47,24.68,24.23,24.33,9555602
2025-12-11,DIS,Communication Services,24.82,24.98,24.67,24.76,21466896
2025-12-12,DIS,Communication Services,25.26,25.51,25.18,25.37,23929237
2025-12-15,DIS,Communication Services,24.95,25.32,24.72,24.9,26413503
2025-12-16,DIS,Communication Services,24.61,24.75,24.06,24.5,8390643
2025-12-17,DIS,Communication Services,24.5,25.14,24.38,24.83,31983867
2025-12-18,DIS,Communication Services,25.47,25.58,24.85,25.32,28261460
2025-12-19,DIS,Communication Services,25.16,25.39,25.02,25.17,37109886
2025-12-22,DIS,Communication Services,25.03,25.1,24.78,24.82,17243524
2025-12-23,DIS,Communication Services,24.83,25.25,24.64,25.08,7744772
2025-12-24,DIS,Communication Services,25.14,25.25,25.1,25.24,43394515
2025-12-25,DIS,Communication Services,25.12,25.25,24.99,25.21,22191808
2025-12-26,DIS,Communication Services,26.05,26.25,26.0,26.12,23736620
2025-12-29,DIS,Communication Services,26.35,26.42,25.63,26.24,9787081
2025-12-30,DIS,Communication Services,25.55,25.83,25.42,25.63,28607796
2025-12-31,DIS,Communication Services,25.92,26.04,25.72,25.83,15128815
2024-01-26,GOOGL,Technology,119.19,120.16,118.61,120.0,12157542
2024-01-29,GOOGL,Technology,117.08,118.13,116.15,118.06,12307064
2024-01-30,GOOGL,Technology,120.8,121.76,120.24,120.27,9716359
2024-01-31,GOOGL,Technology,118.9,118.93,117.77,118.39,17167901
2024-02-01,GOOGL,Technology,119.21,119.46,117.84,118.74,12422088
2024-02-02,GOOGL,Technology,121.82,122.52,121.48,122.2,8169602
2024-02-05,GOOGL,Technology,119.69,121.65,119.51,121.04,6566981
2024-02-06,GOOGL,Technology,121.07,122.82,120.12,121.06,19586864
2024-02-07,GOOGL,Technology,117.23,118.27,116.32,116.96,9630060
2024-02-08,GOOGL,Technology,113.73,116.58,112.4,115.54,10026800
2024-02-09,GOOGL,Technology,111.24,112.04,110.92,111.4,17329891
2024-02-12,GOOGL,Technology,111.24,112.71,111.01,112.36,12927702
2024-02-13,GOOGL,Technology,114.48,114.64,114.09,114.18,11503434
2024-02-14,GOOGL,Technology,114.38,114.74,113.56,113.75,6903063
2024-02-15,GOOGL,Technology,114.17,115.2,114.13,114.41,15304477
2024-02-16,GOOGL,Technology,114.9,115.81,113.67,113.75,10210401
2024-02-19,GOOGL,Technology,113.72,115.55,113.44,115.4,14133077
2024-02-20,GOOGL,Technology,115.63,116.02,114.07,115.74,8343497
2024-02-21,GOOGL,Technology,111.72,113.18,111.34,111.42,13860838
2024-02-22,GOOGL,Technology,114.07,114.77,113.14,113.45,9211619
2024-02-23,GOOGL,Technology,113.22,113.35,112.41,112.66,9028364
2024-02-26,GOOGL,Technology,110.43,112.18,109.15,109.99,10955590
2024-02-27,GOOGL,Technology,109.26,109.92,108.66,109.12,104937
2024-02-28,GOOGL,Technology,106.04,106.65,103.83,105.22,9790089
2024-02-29,GOOGL,Technology,103.69,104.83,102.04,102.77,11667776
2024-03-01,GOOGL,Technology,103.14,103.24,102.21,103.09,8622569
2024-03-04,GOOGL,Technology,103.1,104.37,103.07,103.58,18433268
2024-03-05,GOOGL,Technology,103.83,104.27,103.1,104.23,12466255
2024-03-06,GOOGL,Technology,103.4,104.66,102.27,104.28,15454149
2024-03-07,GOOGL,Technology,103.37,104.73,101.9,102.95,23302900
2024-03-08,GOOGL,Technology,102.91,103.41,100.68,102.88,6694095
2024-03-11,GOOGL,Technology,102.09,102.22,101.03,102.07,13999788
2024-03-12,GOOGL,Technology,98.68,99.68,98.43,98.96,8052090
2024-03-13,GOOGL,Technology,97.58,98.0,96.45,97.55,17896576
2024-03-14,GOOGL,Technology,98.96,100.2,98.84,99.24,12731764
2024-03-15,GOOGL,Technology,101.26,102.54,100.46,102.28,19880567
2024-03-18,GOOGL,Technology,103.9,104.21,103.0,103.59,11977396
2024-03-19,GOOGL,Technology,107.04,107.06,106.5,106.67,12688239
2024-03-20,GOOGL,Technology,106.52,107.17,104.83,106.89,16671845
2024-03-21,GOOGL,Technology,110.66,111.31,108.88,110.47,12812906
2024-03-22,GOOGL,Technology,114.15,115.58,113.81,114.83,14151415
2024-03-25,GOOGL,Technology,110.83,111.48,110.61,111.1,14853656
2024-03-26,GOOGL,Technology,110.4,111.98,108.96,111.61,9095955
2024-03-27,GOOGL,Technology,111.46,112.22,110.43,111.84,2823831
2024-03-28,GOOGL,Technology,110.84,111.1,110.8,110.99,11803705
2024-03-29,GOOGL,Technology,112.1,112.97,111.91,112.07,9935820
2024-04-01,GOOGL,Technology,112.03,112.7,110.83,112.21,9700547
2024-04-02,GOOGL,Technology,110.75,111.04,109.85,110.69,12523068
2024-04-03,GOOGL,Technology,109.75,112.17,109.45,110.68,10763600
2024-04-04,GOOGL,Technology,113.39,113.41,112.42,113.26,12237267
2024-04-05,GOOGL,Technology,112.9,114.9,111.74,113.7,11582160
2024-04-08,GOOGL,Technology,114.42,115.6,114.13,115.1,10176988
2024-04-09,GOOGL,Technology,115.1,115.13,114.1,114.55,8163507
2024-04-10,GOOGL,Technology,114.65,115.67,114.37,115.58,15160441
2024-04-11,GOOGL,Technology,112.92,113.15,111.53,112.97,20652643
2024-04-12,GOOGL,Technology,111.84,112.54,111.13,111.95,13774664
2024-04-15,GOOGL,Technology,110.95,112.16,110.64,111.78,12561249
2024-04-16,GOOGL,Technology,109.55,110.57,108.54,109.11,14424477
2024-04-17,GOOGL,Technology,108.72,108.84,106.95,107.44,11968676
2024-04-18,GOOGL,Technology,109.32,110.77,108.04,108.12,5359886
2024-04-19,GOOGL,Technology,106.88,108.68,106.77,108.43,11194610
2024-04-22,GOOGL,Technology,110.07,112.73,109.86,110.14,14654261
2024-04-23,GOOGL,Technology,108.53,109.18,108.33,108.93,10647647
2024-04-24,GOOGL,Technology,110.23,111.21,108.98,109.1,2406341
2024-04-25,GOOGL,Technology,107.53,109.96,107.34,107.75,17235388
2024-04-26,GOOGL,Technology,110.14,110.32,108.54,109.24,1835795
2024-04-29,GOOGL,Technology,112.19,112.89,111.61,111.76,6995026
2024-04-30,GOOGL,Technology,112.66,112.86,112.43,112.83,7582535
2024-05-01,GOOGL,Technology,115.94,116.47,113.69,115.15,11959746
2024-05-02,GOOGL,Technology,115.3,115.44,114.08,115.27,11405194
2024-05-03,GOOGL,Technology,117.01,118.07,116.28,117.09,13236321
2024-05-06,GOOGL,Technology,117.02,119.0,115.74,117.31,7091381
2024-05-07,GOOGL,Technology,114.68,115.38,113.64,115.07,5934496
2024-05-08,GOOGL,Technology,114.26,116.29,113.78,115.66,25173618
2024-05-09,GOOGL,Technology,112.88,114.32,112.39,113.52,13492329
2024-05-10,GOOGL,Technology,118.3,119.17,117.42,118.61,6421561
2024-05-13,GOOGL,Technology,116.7,119.9,116.24,117.91,11124354
2024-05-14,GOOGL,Technology,118.98,120.53,117.87,119.41,10977159
2024-05-15,GOOGL,Technology,118.21,119.94,117.67,119.43,9574378
2024-05-16,GOOGL,Technology,116.22,117.26,115.87,116.68,9668354
2024-05-17,GOOGL,Technology,112.65,112.96,111.74,112.52,17965857
2024-05-20,GOOGL,Technology,113.53,115.57,113.2,114.17,8876873
2024-05-21,GOOGL,Technology,117.79,119.94,116.33,117.58,15360017
2024-05-22,GOOGL,Technology,114.99,117.29,113.53,115.99,9225154
2024-05-23,GOOGL,Technology,111.85,114.32,111.55,112.38,11443183
2024-05-24,GOOGL,Technology,112.19,113.39,110.45,111.74,14396791
2024-05-27,GOOGL,Technology,110.43,111.74,108.89,109.8,12597594
2024-05-28,GOOGL,Technology,109.16,109.22,106.41,108.48,11772855
2024-05-29,GOOGL,Technology,110.45,111.2,109.47,109.79,11667684
2024-05-30,GOOGL,Technology,107.92,111.12,107.18,109.73,14635161
2024-05-31,GOOGL,Technology,107.99,109.08,107.66,108.05,11411828
2024-06-03,GOOGL,Technology,108.74,109.96,107.2,109.3,15245112
2024-06-04,GOOGL,Technology,110.04,111.79,109.9,110.73,15237423
2024-06-05,GOOGL,Technology,110.12,111.59,109.35,110.07,15360434
2024-06-06,GOOGL,Technology,110.51,111.5,110.07,110.4,8227151
2024-06-07,GOOGL,Technology,111.04,111.63,109.08,111.54,19716990
2024-06-10,GOOGL,Technology,112.78,113.83,111.14,112.49,17850529
2024-06-11,GOOGL,Technology,114.06,115.21,111.97,112.63,12439043
2024-06-12,GOOGL,Technology,114.72,116.17,114.0,115.74,9818125
2024-06-13,GOOGL,Technology,117.85,119.34,115.74,117.07,13028681
2024-06-14,GOOGL,Technology,116.14,116.77,115.4,116.12,14744651
2024-06-17,GOOGL,Technology,115.75,115.86,114.66,115.19,10494754
2024-06-18,GOOGL,Technology,115.35,116.06,112.19,114.01,12586044
2024-06-19,GOOGL,Technology,114.53,116.63,114.42,115.43,16138283
2024-06-20,GOOGL,Technology,114.91,115.21,113.6,114.11,16680493
2024-06-21,GOOGL,Technology,113.24,113.83,111.39,113.24,14379466
2024-06-24,GOOGL,Technology,115.14,117.02,114.6,115.57,13478068
2024-06-25,GOOGL,Technology,116.36,117.24,114.6,116.04,21100607
2024-06-26,GOOGL,Technology,118.99,120.43,118.21,118.73,8965195
2024-06-27,GOOGL,Technology,120.61,121.0,120.22,120.58,14774566
2024-06-28,GOOGL,Technology,118.14,119.03,117.47,117.93,16192266
2024-07-01,GOOGL,Technology,117.87,118.9,116.66,117.75,14470721
2024-07-02,GOOGL,Technology,119.22,121.03,118.65,120.02,8334391
2024-07-03,GOOGL,Technology,116.92,117.47,116.17,117.28,11036537
2024-07-04,GOOGL,Technology,117.2,119.29,116.45,118.27,12178663
2024-07-05,GOOGL,Technology,118.53,118.71,117.25,118.23,14518822
2024-07-08,GOOGL,Technology,113.78,116.23,113.61,114.34,11792992
2024-07-09,GOOGL,Technology,115.27,115.49,114.3,114.65,23280135
2024-07-10,GOOGL,Technology,112.69,113.14,112.59,112.87,17097423
2024-07-11,GOOGL,Technology,109.46,112.06,108.98,110.41,5323422
2024-07-12,GOOGL,Technology,110.21,110.9,109.47,110.48,6224700
2024-07-15,GOOGL,Technology,106.51,107.21,105.1,106.47,16003844
2024-07-16,GOOGL,Technology,105.64,106.41,104.18,105.15,22017322
2024-07-17,GOOGL,Technology,110.07,110.39,109.72,110.29,12442816
2024-07-18,GOOGL,Technology,112.68,113.83,110.97,111.7,18427669
2024-07-19,GOOGL,Technology,110.52,110.82,109.17,109.88,13919176
2024-07-22,GOOGL,Technology,113.82,113.89,111.98,112.86,23932182
2024-07-23,GOOGL,Technology,111.16,111.2,110.17,110.78,10844520
2024-07-24,GOOGL,Technology,111.15,111.31,109.43,109.66,8797315
2024-07-25,GOOGL,Technology,107.98,108.7,106.91,107.31,14942915
2024-07-26,GOOGL,Technology,106.95,108.03,106.59,107.88,19864469
2024-07-29,GOOGL,Technology,110.25,111.81,109.5,110.73,6617501
2024-07-30,GOOGL,Technology,109.5,110.79,108.41,108.68,17749258
2024-07-31,GOOGL,Technology,104.55,104.62,104.2,104.47,11083399
2024-08-01,GOOGL,Technology,105.74,106.89,105.7,106.68,15678004
2024-08-02,GOOGL,Technology,109.93,110.07,109.14,109.87,12748222
2024-08-05,GOOGL,Technology,106.2,107.12,105.68,105.75,13448410
2024-08-06,GOOGL,Technology,106.29,107.2,106.1,106.72,7501593
2024-08-07,GOOGL,Technology,107.44,108.17,106.36,107.23,22608380
2024-08-08,GOOGL,Technology,105.15,106.1,104.57,105.67,16964419
2024-08-09,GOOGL,Technology,102.17,103.29,101.49,102.91,11533421
2024-08-12,GOOGL,Technology,104.28,105.55,103.62,104.9,14836347
2024-08-13,GOOGL,Technology,105.09,105.39,104.97,105.3,9118771
2024-08-14,GOOGL,Technology,105.98,107.21,105.23,105.85,17533901
2024-08-15,GOOGL,Technology,105.54,106.19,103.49,104.65,13748339
2024-08-16,GOOGL,Technology,102.77,104.56,102.75,103.1,8943061
2024-08-19,GOOGL,Technology,97.69,99.14,97.26,98.33,12624955
2024-08-20,GOOGL,Technology,98.48,98.84,97.91,97.95,12362108
2024-08-21,GOOGL,Technology,101.06,101.51,100.5,100.66,12711212
2024-08-22,GOOGL,Technology,98.79,100.12,98.6,99.0,20668984
2024-08-23,GOOGL,Technology,95.7,96.75,95.06,96.18,15587618
2024-08-26,GOOGL,Technology,97.27,97.38,96.34,97.02,12836234
2024-08-27,GOOGL,Technology,97.33,98.31,96.68,98.2,6989026
2024-08-28,GOOGL,Technology,96.3,98.32,95.86,97.15,17377829
2024-08-29,GOOGL,Technology,96.46,96.67,96.14,96.55,8587072
2024-08-30,GOOGL,Technology,97.15,97.43,96.1,97.07,13902926
2024-09-02,GOOGL,Technology,96.68,96.94,95.79,96.83,19359947
2024-09-03,GOOGL,Technology,99.2,99.93,98.48,98.71,4908853
2024-09-04,GOOGL,Technology,104.47,104.52,102.73,103.32,14248123
2024-09-05,GOOGL,Technology,100.68,100.69,99.04,100.01,17147401
2024-09-06,GOOGL,Technology,101.76,102.91,101.02,102.39,628992
2024-09-09,GOOGL,Technology,102.55,103.75,102.18,102.64,11133755
2024-09-10,GOOGL,Technology,105.17,105.83,104.3,105.39,22408553
2024-09-11,GOOGL,Technology,108.02,108.97,105.6,106.88,10695749
2024-09-12,GOOGL,Technology,107.13,107.18,106.52,107.05,16715913
2024-09-13,GOOGL,Technology,108.72,109.12,107.57,108.64,8545310
2024-09-16,GOOGL,Technology,106.87,107.89,105.89,107.88,11278500
2024-09-17,GOOGL,Technology,107.16,108.14,106.31,106.33,12055222
2024-09-18,GOOGL,Technology,109.18,109.61,107.75,108.02,6228218
2024-09-19,GOOGL,Technology,106.57,107.24,105.82,106.33,13701520
2024-09-20,GOOGL,Technology,107.45,107.82,105.42,107.67,11469026
2024-09-23,GOOGL,Technology,108.38,108.9,107.74,107.78,9144335
2024-09-24,GOOGL,Technology,103.27,103.44,102.32,103.06,18233443
2024-09-25,GOOGL,Technology,102.52,102.99,101.59,101.98,14773016
2024-09-26,GOOGL,Technology,103.04,104.37,101.88,102.67,9954897
2024-09-27,GOOGL,Technology,101.71,103.96,101.48,101.92,10752947
2024-09-30,GOOGL,Technology,95.81,98.06,94.83,97.03,8067272
2024-10-01,GOOGL,Technology,99.32,100.58,98.73,99.51,11747308
2024-10-02,GOOGL,Technology,100.04,100.5,99.76,99.87,12753373
2024-10-03,GOOGL,Technology,101.31,102.05,100.37,100.75,10857285
2024-10-04,GOOGL,Technology,100.31,100.38,99.07,99.89,10679115
2024-10-07,GOOGL,Technology,100.99,101.69,100.8,100.94,7171811
2024-10-08,GOOGL,Technology,104.54,104.63,104.35,104.5,16437470
2024-10-09,GOOGL,Technology,103.69,104.15,102.6,103.09,7907294
2024-10-10,GOOGL,Technology,106.82,108.0,106.14,106.4,11383513
2024-10-11,GOOGL,Technology,108.14,108.56,106.89,107.25,7251374
2024-10-14,GOOGL,Technology,105.93,106.68,104.61,105.52,10925072
2024-10-15,GOOGL,Technology,109.63,110.19,108.43,110.0,16606957
2024-10-16,GOOGL,Technology,111.58,113.23,110.04,110.87,8906813
2024-10-17,GOOGL,Technology,112.89,112.94,112.31,112.34,11628673
2024-10-18,GOOGL,Technology,112.58,113.64,111.29,111.81,17227174
2024-10-21,GOOGL,Technology,110.62,112.57,109.72,110.17,16600379
2024-10-22,GOOGL,Technology,110.5,111.6,110.49,110.56,10746187
2024-10-23,GOOGL,Technology,114.78,115.21,112.71,113.93,10184908
2024-10-24,GOOGL,Technology,113.71,114.91,113.21,113.31,18170973
2024-10-25,GOOGL,Technology,112.42,113.68,112.18,113.3,11935653
2024-10-28,GOOGL,Technology,116.54,117.15,116.09,116.48,13039262
2024-10-29,GOOGL,Technology,115.84,116.68,115.74,115.87,11809010
2024-10-30,GOOGL,Technology,116.93,117.07,116.86,117.04,10552875
2024-10-31,GOOGL,Technology,119.9,120.97,118.39,119.04,24532544
2024-11-01,GOOGL,Technology,117.94,119.87,117.29,118.65,3394640
2024-11-04,GOOGL,Technology,119.23,121.34,117.83,119.39,3808754
2024-11-05,GOOGL,Technology,119.91,121.77,118.89,120.94,10203439
2024-11-06,GOOGL,Technology,120.54,121.82,118.44,120.07,11362168
2024-11-07,GOOGL,Technology,120.39,122.75,120.0,121.99,11307318
2024-11-08,GOOGL,Technology,120.64,121.8,119.47,120.77,11687093
2024-11-11,GOOGL,Technology,120.02,120.35,119.21,119.27,16379470
2024-11-12,GOOGL,Technology,115.91,117.72,114.6,115.86,10192202
2024-11-13,GOOGL,Technology,114.72,115.19,113.61,114.8,12328031
2024-11-14,GOOGL,Technology,112.16,113.8,111.51,113.07,3983293
2024-11-15,GOOGL,Technology,112.26,113.62,111.69,112.26,8505211
2024-11-18,GOOGL,Technology,114.14,114.24,112.5,113.61,16264238
2024-11-19,GOOGL,Technology,109.04,110.21,108.36,109.94,10842795
2024-11-20,GOOGL,Technology,106.16,106.58,104.78,105.86,12076247
2024-11-21,GOOGL,Technology,104.58,104.93,104.25,104.4,14346845
2024-11-22,GOOGL,Technology,105.3,106.8,105.03,105.35,14020775
2024-11-25,GOOGL,Technology,105.57,107.01,104.38,105.98,14572971
2024-11-26,GOOGL,Technology,104.34,105.38,103.69,104.48,18103053
2024-11-27,GOOGL,Technology,106.93,107.38,106.43,106.85,8889973
2024-11-28,GOOGL,Technology,106.46,107.55,105.18,105.56,9698256
2024-11-29,GOOGL,Technology,104.94,107.73,103.87,106.53,13022558
2024-12-02,GOOGL,Technology,105.64,106.92,105.42,105.84,14633427
2024-12-03,GOOGL,Technology,104.45,105.96,104.03,104.14,6413949
2024-12-04,GOOGL,Technology,103.51,104.13,102.28,102.98,9100404
2024-12-05,GOOGL,Technology,104.19,106.25,103.92,104.46,11246800
2024-12-06,GOOGL,Technology,105.81,106.69,104.73,105.22,5877853
2024-12-09,GOOGL,Technology,106.59,108.17,105.78,107.2,9395395
2024-12-10,GOOGL,Technology,108.06,108.37,106.94,107.98,11701774
2024-12-11,GOOGL,Technology,105.08,106.05,104.08,104.72,8736249
2024-12-12,GOOGL,Technology,108.68,109.41,108.13,108.98,12597738
2024-12-13,GOOGL,Technology,109.6,109.91,107.62,109.8,4471484
2024-12-16,GOOGL,Technology,111.31,112.19,110.15,110.92,11372208
2024-12-17,GOOGL,Technology,110.36,110.94,108.47,110.17,8578188
2024-12-18,GOOGL,Technology,112.33,113.15,110.2,112.55,11441938
2024-12-19,GOOGL,Technology,109.37,110.6,108.28,110.26,12904288
2024-12-20,GOOGL,Technology,111.01,112.39,110.45,111.58,7968735
2024-12-23,GOOGL,Technology,107.45,108.27,106.26,107.22,12145029
2024-12-24,GOOGL,Technology,108.42,109.66,107.43,108.65,14342899
2024-12-25,GOOGL,Technology,105.63,107.32,105.42,106.46,17955055
2024-12-26,GOOGL,Technology,107.37,108.37,105.91,107.07,19185193
2024-12-27,GOOGL,Technology,110.43,111.07,109.62,109.87,13067108
2024-12-30,GOOGL,Technology,111.19,113.07,111.07,111.64,669311
2024-12-31,GOOGL,Technology,114.5,114.81,114.22,114.28,10829991
2025-01-01,GOOGL,Technology,117.3,118.3,116.51,116.77,10957539
2025-01-02,GOOGL,Technology,115.62,115.67,114.92,115.65,14953696
2025-01-03,GOOGL,Technology,117.32,118.7,115.9,117.02,9450173
2025-01-06,GOOGL,Technology,113.76,114.58,112.63,113.23,10185921
2025-01-07,GOOGL,Technology,111.15,112.04,108.89,111.8,4814012
2025-01-08,GOOGL,Technology,114.69,114.88,114.37,114.81,5560546
2025-01-09,GOOGL,Technology,113.48,114.35,112.98,114.01,12363610
2025-01-10,GOOGL,Technology,110.74,111.08,109.39,110.02,11213475
2025-01-13,GOOGL,Technology,113.36,114.37,112.4,114.27,15416578
2025-01-14,GOOGL,Technology,116.46,116.73,114.36,115.54,11592958
2025-01-15,GOOGL,Technology,118.25,118.27,116.64,117.27,18853865
2025-01-16,GOOGL,Technology,115.01,115.32,113.88,115.13,11855386
2025-01-17,GOOGL,Technology,114.93,117.69,114.52,115.8,13125115
2025-01-20,GOOGL,Technology,117.19,117.73,115.53,116.42,13538471
2025-01-21,GOOGL,Technology,113.48,114.9,113.27,114.65,11259389
2025-01-22,GOOGL,Technology,113.32,115.71,113.23,114.33,18662551
2025-01-23,GOOGL,Technology,110.95,111.86,110.73,111.12,11495113
2025-01-24,GOOGL,Technology,109.69,111.67,109.17,110.43,4425420
2025-01-27,GOOGL,Technology,113.37,113.81,112.0,112.52,4751291
2025-01-28,GOOGL,Technology,112.07,113.17,110.92,110.97,16405913
2025-01-29,GOOGL,Technology,115.32,115.37,113.55,115.04,8910311
2025-01-30,GOOGL,Technology,112.07,112.74,111.78,111.95,15401143
2025-01-31,GOOGL,Technology,112.06,113.1,109.59,111.45,15774264
2025-02-03,GOOGL,Technology,110.1,111.01,108.12,110.1,6172939
2025-02-04,GOOGL,Technology,109.63,111.76,109.47,109.77,14024399
2025-02-05,GOOGL,Technology,112.65,113.24,110.9,112.68,14059822
2025-02-06,GOOGL,Technology,111.54,112.04,110.25,110.62,5609689
2025-02-07,GOOGL,Technology,110.0,110.33,109.08,109.72,9125130
2025-02-10,GOOGL,Technology,110.88,111.45,109.77,111.13,10705977
2025-02-11,GOOGL,Technology,111.35,112.3,109.83,111.37,8719822
2025-02-12,GOOGL,Technology,111.36,112.62,109.84,111.79,14840442
2025-02-13,GOOGL,Technology,109.2,110.71,109.03,109.79,13553773
2025-02-14,GOOGL,Technology,109.47,110.31,109.19,109.68,10062007
2025-02-17,GOOGL,Technology,113.25,114.34,110.78,112.09,11949756
2025-02-18,GOOGL,Technology,108.89,109.58,108.19,108.71,16195400
2025-02-19,GOOGL,Technology,105.66,107.9,104.92,107.31,6978986
2025-02-20,GOOGL,Technology,103.53,103.96,102.98,103.66,13482502
2025-02-21,GOOGL,Technology,104.36,105.05,104.26,104.76,16507906
2025-02-24,GOOGL,Technology,107.72,107.74,106.51,107.24,9592590
2025-02-25,GOOGL,Technology,106.58,107.17,106.36,106.91,15546634
2025-02-26,GOOGL,Technology,104.89,104.93,104.77,104.92,10189006
2025-02-27,GOOGL,Technology,102.47,104.39,101.93,103.02,14493330
2025-02-28,GOOGL,Technology,102.07,102.66,101.7,102.48,14700240
2025-03-03,GOOGL,Technology,101.31,102.71,100.44,101.93,7517135
2025-03-04,GOOGL,Technology,103.26,104.68,103.14,103.74,2773795
2025-03-05,GOOGL,Technology,101.65,102.66,100.75,102.47,10635003
2025-03-06,GOOGL,Technology,103.38,104.53,103.13,103.36,17101888
2025-03-07,GOOGL,Technology,103.64,104.77,102.58,102.8,3890028
2025-03-10,GOOGL,Technology,101.66,102.47,101.33,101.39,20026598
2025-03-11,GOOGL,Technology,101.29,101.73,99.97,100.8,13885030
2025-03-12,GOOGL,Technology,100.04,101.87,99.13,101.49,8919596
2025-03-13,GOOGL,Technology,103.16,104.11,101.76,103.29,19752025
2025-03-14,GOOGL,Technology,102.32,102.96,101.79,102.84,15110436
2025-03-17,GOOGL,Technology,100.83,101.45,100.28,100.53,25209026
2025-03-18,GOOGL,Technology,101.88,103.82,101.58,102.49,5610368
2025-03-19,GOOGL,Technology,99.92,101.55,99.22,100.78,8279739
2025-03-20,GOOGL,Technology,101.62,102.01,101.18,101.32,16325891
2025-03-21,GOOGL,Technology,100.87,101.52,100.59,101.32,3984559
2025-03-24,GOOGL,Technology,99.68,101.32,99.31,101.05,21417647
2025-03-25,GOOGL,Technology,100.25,100.88,100.01,100.16,13727738
2025-03-26,GOOGL,Technology,102.35,104.0,101.07,101.38,21728232
2025-03-27,GOOGL,Technology,94.68,95.87,94.08,94.53,12294743
2025-03-28,GOOGL,Technology,96.63,98.26,95.75,96.61,7660640
2025-03-31,GOOGL,Technology,95.42,96.05,94.74,94.97,16020688
2025-04-01,GOOGL,Technology,95.66,96.63,95.65,95.75,12686036
2025-04-02,GOOGL,Technology,96.29,96.94,95.98,96.44,16683618
2025-04-03,GOOGL,Technology,98.18,99.64,97.66,98.81,12048871
2025-04-04,GOOGL,Technology,98.97,99.9,98.51,99.23,11562942
2025-04-07,GOOGL,Technology,98.49,99.64,96.54,97.71,11206409
2025-04-08,GOOGL,Technology,95.43,96.12,94.11,94.77,2205089
2025-04-09,GOOGL,Technology,95.08,95.7,94.09,94.18,8472504
2025-04-10,GOOGL,Technology,91.08,91.34,89.82,90.72,14356317
2025-04-11,GOOGL,Technology,88.94,90.24,87.51,89.67,6237183
2025-04-14,GOOGL,Technology,89.3,90.63,88.21,89.21,12423903
2025-04-15,GOOGL,Technology,87.81,89.41,86.58,88.08,8657036
2025-04-16,GOOGL,Technology,88.47,88.97,87.79,88.19,5925654
2025-04-17,GOOGL,Technology,87.82,87.94,87.53,87.83,14359165
2025-04-18,GOOGL,Technology,86.94,88.08,86.87,87.32,14113945
2025-04-21,GOOGL,Technology,82.77,83.92,81.66,83.33,9918278
2025-04-22,GOOGL,Technology,81.2,81.71,80.85,81.32,20577082
2025-04-23,GOOGL,Technology,81.95,83.87,81.67,82.35,12834834
2025-04-24,GOOGL,Technology,83.87,85.48,83.01,83.64,7558182
2025-04-25,GOOGL,Technology,80.4,80.77,79.35,80.75,12531433
2025-04-28,GOOGL,Technology,80.3,80.4,79.36,79.54,9743994
2025-04-29,GOOGL,Technology,81.61,82.12,80.05,81.19,20848146
2025-04-30,GOOGL,Technology,80.23,80.24,79.49,80.12,17198748
2025-05-01,GOOGL,Technology,79.61,80.3,78.81,79.98,14214453
2025-05-02,GOOGL,Technology,82.52,83.36,81.92,82.21,6570998
2025-05-05,GOOGL,Technology,81.26,82.02,80.8,81.68,11125026
2025-05-06,GOOGL,Technology,80.18,81.04,80.15,80.93,9261801
2025-05-07,GOOGL,Technology,80.63,80.83,80.13,80.72,6009556
2025-05-08,GOOGL,Technology,84.46,84.86,83.53,83.6,16833362
2025-05-09,GOOGL,Technology,86.04,86.85,84.05,84.34,9354963
2025-05-12,GOOGL,Technology,84.15,84.87,83.43,84.41,12254514
2025-05-13,GOOGL,Technology,82.9,84.2,82.86,83.6,14272639
2025-05-14,GOOGL,Technology,84.27,84.73,84.08,84.49,7368294
2025-05-15,GOOGL,Technology,85.41,86.15,84.83,85.59,3252250
2025-05-16,GOOGL,Technology,84.52,84.96,83.14,83.88,17085570
2025-05-19,GOOGL,Technology,84.39,85.71,82.74,85.01,20054198
2025-05-20,GOOGL,Technology,84.78,84.97,84.38,84.8,14315801
2025-05-21,GOOGL,Technology,84.53,86.19,83.68,84.88,12526008
2025-05-22,GOOGL,Technology,82.95,83.53,82.27,83.49,9029428
2025-05-23,GOOGL,Technology,83.29,83.45,82.88,82.89,16259442
2025-05-26,GOOGL,Technology,81.52,82.42,81.02,81.3,10564452
2025-05-27,GOOGL,Technology,79.08,79.93,78.5,79.67,18091725
2025-05-28,GOOGL,Technology,80.71,81.81,79.61,80.27,4433026
2025-05-29,GOOGL,Technology,80.17,80.4,79.34,79.76,6635431
2025-05-30,GOOGL,Technology,78.35,79.22,77.43,77.83,8090530
2025-06-02,GOOGL,Technology,80.27,81.14,79.17,81.08,24040517
2025-06-03,GOOGL,Technology,79.43,80.1,79.24,79.38,14605340
2025-06-04,GOOGL,Technology,80.91,81.18,80.58,81.06,9916771
2025-06-05,GOOGL,Technology,78.79,78.86,78.29,78.82,7794868
2025-06-06,GOOGL,Technology,79.52,80.7,78.81,79.54,18305806
2025-06-09,GOOGL,Technology,79.21,79.4,78.59,79.2,19224405
2025-06-10,GOOGL,Technology,77.41,79.07,76.64,78.28,11229197
2025-06-11,GOOGL,Technology,78.31,79.36,77.98,78.61,6331137
2025-06-12,GOOGL,Technology,79.67,79.69,78.7,78.73,14993508
2025-06-13,GOOGL,Technology,77.98,78.54,76.92,77.55,9688789
2025-06-16,GOOGL,Technology,76.19,76.77,75.89,76.32,12411989
2025-06-17,GOOGL,Technology,74.24,74.68,73.07,74.07,15544768
2025-06-18,GOOGL,Technology,74.43,74.93,73.99,74.53,19431819
2025-06-19,GOOGL,Technology,73.35,74.1,71.99,72.79,13702287
2025-06-20,GOOGL,Technology,72.84,73.32,72.42,72.83,11089164
2025-06-23,GOOGL,Technology,73.85,73.87,73.2,73.68,18050265
2025-06-24,GOOGL,Technology,74.02,75.17,73.08,74.0,10011126
2025-06-25,GOOGL,Technology,73.03,73.66,72.79,73.01,13785382
2025-06-26,GOOGL,Technology,73.83,74.96,73.65,74.3,6497658
2025-06-27,GOOGL,Technology,73.54,74.04,72.99,73.76,19420681
2025-06-30,GOOGL,Technology,72.42,73.29,71.41,71.92,2486568
2025-07-01,GOOGL,Technology,71.24,71.98,71.02,71.56,14439591
2025-07-02,GOOGL,Technology,71.76,72.83,71.46,72.39,12487175
2025-07-03,GOOGL,Technology,71.46,72.19,70.83,71.5,16646030
2025-07-04,GOOGL,Technology,72.88,73.47,72.54,72.72,13056504
2025-07-07,GOOGL,Technology,70.98,71.83,70.96,71.68,20934086
2025-07-08,GOOGL,Technology,71.13,71.96,70.53,70.85,9338639
2025-07-09,GOOGL,Technology,69.52,69.64,68.98,69.47,10761369
2025-07-10,GOOGL,Technology,70.32,71.26,69.21,70.4,17681904
2025-07-11,GOOGL,Technology,69.99,71.1,69.36,70.36,15619415
2025-07-14,GOOGL,Technology,69.58,70.0,68.0,69.08,14865765
2025-07-15,GOOGL,Technology,68.53,68.77,67.88,68.59,9042391
2025-07-16,GOOGL,Technology,64.38,64.77,63.35,64.62,13035127
2025-07-17,GOOGL,Technology,64.9,65.63,64.47,65.6,10358859
2025-07-18,GOOGL,Technology,66.04,66.77,64.82,65.42,15372392
2025-07-21,GOOGL,Technology,61.84,63.74,61.81,62.45,8615425
2025-07-22,GOOGL,Technology,60.26,60.85,60.21,60.75,12880924
2025-07-23,GOOGL,Technology,60.19,60.58,60.01,60.29,4013298
2025-07-24,GOOGL,Technology,58.76,59.87,58.6,58.81,8172323
2025-07-25,GOOGL,Technology,59.78,60.37,59.29,59.72,17052773
2025-07-28,GOOGL,Technology,60.07,61.02,59.91,60.22,8776409
2025-07-29,GOOGL,Technology,60.9,61.1,60.27,60.66,10354666
2025-07-30,GOOGL,Technology,57.67,58.27,56.82,57.68,12534659
2025-07-31,GOOGL,Technology,57.33,57.42,56.56,57.13,12110664
2025-08-01,GOOGL,Technology,56.34,56.65,56.3,56.4,10735164
2025-08-04,GOOGL,Technology,55.56,55.84,55.14,55.4,10136396
2025-08-05,GOOGL,Technology,55.41,56.77,54.82,54.99,12583363
2025-08-06,GOOGL,Technology,53.32,53.96,53.12,53.83,15000308
2025-08-07,GOOGL,Technology,53.26,54.64,52.96,54.08,15422138
2025-08-08,GOOGL,Technology,55.12,55.49,54.61,54.89,10756556
2025-08-11,GOOGL,Technology,54.96,56.11,54.64,55.62,8715479
2025-08-12,GOOGL,Technology,55.37,55.61,55.35,55.5,14819386
2025-08-13,GOOGL,Technology,57.19,57.95,57.14,57.63,20693770
2025-08-14,GOOGL,Technology,58.86,59.39,58.85,58.9,10329343
2025-08-15,GOOGL,Technology,58.73,58.89,58.46,58.81,18416486
2025-08-18,GOOGL,Technology,58.42,58.94,57.87,58.3,10629751
2025-08-19,GOOGL,Technology,59.56,59.95,59.4,59.8,15610166
2025-08-20,GOOGL,Technology,60.65,60.99,60.33,60.98,3446067
2025-08-21,GOOGL,Technology,60.08,60.21,58.45,59.37,13122234
2025-08-22,GOOGL,Technology,60.63,60.67,60.16,60.62,15687074
2025-08-25,GOOGL,Technology,60.57,60.77,60.42,60.46,20161104
2025-08-26,GOOGL,Technology,59.0,59.56,58.97,59.5,15973589
2025-08-27,GOOGL,Technology,57.01,58.05,56.95,57.29,13658121
2025-08-28,GOOGL,Technology,57.5,58.06,56.52,57.02,22737140
2025-08-29,GOOGL,Technology,56.91,57.59,56.73,57.03,12495162
2025-09-01,GOOGL,Technology,58.96,59.23,58.08,58.78,7583796
2025-09-02,GOOGL,Technology,59.28,60.37,58.25,59.87,11545845
2025-09-03,GOOGL,Technology,60.28,60.29,58.73,59.23,12184421
2025-09-04,GOOGL,Technology,59.68,59.77,59.38,59.69,7912027
2025-09-05,GOOGL,Technology,61.24,61.35,60.32,60.66,9700523
2025-09-08,GOOGL,Technology,61.23,61.35,60.65,60.78,8373359
2025-09-09,GOOGL,Technology,59.79,60.44,59.59,60.13,8718396
2025-09-10,GOOGL,Technology,59.33,59.86,59.04,59.55,11922182
2025-09-11,GOOGL,Technology,60.01,60.89,59.34,60.01,13897686
2025-09-12,GOOGL,Technology,60.25,60.99,59.81,60.5,15564017
2025-09-15,GOOGL,Technology,60.82,60.86,59.9,60.19,9890915
2025-09-16,GOOGL,Technology,58.02,58.9,57.22,57.22,14116626
2025-09-17,GOOGL,Technology,56.28,56.34,55.57,55.84,16237794
2025-09-18,GOOGL,Technology,56.55,56.63,56.17,56.53,4958947
2025-09-19,GOOGL,Technology,54.33,54.71,54.17,54.26,18685518
2025-09-22,GOOGL,Technology,55.28,55.95,55.25,55.5,12074772
2025-09-23,GOOGL,Technology,56.87,57.2,56.03,56.62,20994186
2025-09-24,GOOGL,Technology,56.68,57.23,56.22,56.69,17113550
2025-09-25,GOOGL,Technology,57.7,58.08,57.35,57.36,100000
2025-09-26,GOOGL,Technology,57.75,58.23,57.32,57.96,12966211
2025-09-29,GOOGL,Technology,57.71,58.22,57.25,57.85,9320318
2025-09-30,GOOGL,Technology,56.73,57.01,56.15,56.37,10446676
2025-10-01,GOOGL,Technology,57.54,57.74,56.1,57.43,16880343
2025-10-02,GOOGL,Technology,59.47,59.94,58.55,58.99,10474722
2025-10-03,GOOGL,Technology,57.41,57.76,56.56,57.66,7569020
2025-10-06,GOOGL,Technology,56.63,57.03,55.61,56.14,13980636
2025-10-07,GOOGL,Technology,55.44,56.28,55.39,56.01,10452032
2025-10-08,GOOGL,Technology,55.45,55.65,55.07,55.37,17561939
2025-10-09,GOOGL,Technology,55.68,56.26,55.35,55.55,25242285
2025-10-10,GOOGL,Technology,57.08,58.11,56.24,56.85,13486529
2025-10-13,GOOGL,Technology,54.54,54.55,53.72,54.44,12512754
2025-10-14,GOOGL,Technology,56.49,56.75,55.93,56.1,16140316
2025-10-15,GOOGL,Technology,55.4,55.88,54.98,55.69,8856169
2025-10-16,GOOGL,Technology,55.84,56.64,55.24,56.26,8450080
2025-10-17,GOOGL,Technology,56.98,57.2,56.43,56.94,18140358
2025-10-20,GOOGL,Technology,58.05,58.18,57.66,57.76,7247204
2025-10-21,GOOGL,Technology,58.5,58.83,57.56,57.85,17045415
2025-10-22,GOOGL,Technology,58.02,58.66,57.68,58.2,19954268
2025-10-23,GOOGL,Technology,58.39,59.12,58.17,58.55,13343138
2025-10-24,GOOGL,Technology,57.89,58.06,57.03,57.87,14481743
2025-10-27,GOOGL,Technology,56.59,56.79,55.7,55.96,14925480
2025-10-28,GOOGL,Technology,54.81,55.2,54.53,54.69,11073450
2025-10-29,GOOGL,Technology,54.36,54.71,54.23,54.61,11058628
2025-10-30,GOOGL,Technology,53.91,54.09,53.47,53.81,18016904
2025-10-31,GOOGL,Technology,53.06,53.58,52.89,53.03,12625972
2025-11-03,GOOGL,Technology,54.29,55.45,54.24,54.87,14093851
2025-11-04,GOOGL,Technology,56.22,56.49,55.54,55.79,11956087
2025-11-05,GOOGL,Technology,55.49,55.87,54.78,55.54,10800046
2025-11-06,GOOGL,Technology,56.5,57.31,55.77,56.28,17013409
2025-11-07,GOOGL,Technology,55.88,55.98,55.68,55.85,22394972
2025-11-10,GOOGL,Technology,55.43,56.32,55.04,55.99,12347529
2025-11-11,GOOGL,Technology,56.41,56.67,56.4,56.49,7498329
2025-11-12,GOOGL,Technology,56.39,57.16,55.83,56.06,11013137
2025-11-13,GOOGL,Technology,54.99,55.44,54.33,55.35,12607046
2025-11-14,GOOGL,Technology,56.21,56.86,55.81,56.67,10471498
2025-11-17,GOOGL,Technology,57.45,57.78,57.33,57.35,5846061
2025-11-18,GOOGL,Technology,55.12,55.85,53.75,54.92,12830974
2025-11-19,GOOGL,Technology,54.49,55.23,53.62,54.24,15812340
2025-11-20,GOOGL,Technology,53.31,53.96,53.21,53.46,10440899
2025-11-21,GOOGL,Technology,53.0,53.42,52.44,52.85,7838572
2025-11-24,GOOGL,Technology,53.42,54.11,53.11,53.74,9750022
2025-11-25,GOOGL,Technology,53.37,54.03,53.36,53.78,7294651
2025-11-26,GOOGL,Technology,52.04,53.23,51.7,52.39,11028341
2025-11-27,GOOGL,Technology,51.92,52.19,51.67,52.03,16560507
2025-11-28,GOOGL,Technology,52.49,53.08,51.98,52.59,12019291
2025-12-01,GOOGL,Technology,52.9,53.81,52.31,52.39,20783939
2025-12-02,GOOGL,Technology,51.66,51.86,51.55,51.77,10002348
2025-12-03,GOOGL,Technology,52.02,52.25,51.78,52.12,17782165
2025-12-04,GOOGL,Technology,53.88,53.98,53.41,53.74,11283743
2025-12-05,GOOGL,Technology,53.99,54.48,53.99,54.23,7824550
2025-12-08,GOOGL,Technology,55.44,55.82,54.54,55.6,362640
2025-12-09,GOOGL,Technology,54.95,55.73,54.9,55.01,15713067
2025-12-10,GOOGL,Technology,55.06,55.34,54.09,55.03,13328351
2025-12-11,GOOGL,Technology,54.78,55.35,54.57,55.02,20027806
2025-12-12,GOOGL,Technology,55.92,56.01,54.97,55.17,7310953
2025-12-15,GOOGL,Technology,55.8,56.56,55.55,55.65,2080882
2025-12-16,GOOGL,Technology,54.91,55.32,54.04,54.7,13202268
2025-12-17,GOOGL,Technology,55.54,55.57,55.07,55.4,16855546
2025-12-18,GOOGL,Technology,53.59,54.32,52.75,53.71,17921398
2025-12-19,GOOGL,Technology,52.55,52.59,52.19,52.37,10132025
2025-12-22,GOOGL,Technology,54.18,54.69,53.31,54.52,9230882
2025-12-23,GOOGL,Technology,53.91,54.26,53.9,54.01,15893698
2025-12-24,GOOGL,Technology,55.2,55.65,54.59,54.78,12485839
2025-12-25,GOOGL,Technology,56.26,56.89,55.54,56.57,13923050
2025-12-26,GOOGL,Technology,54.7,55.33,53.63,54.11,16156028
2025-12-29,GOOGL,Technology,55.37,55.93,55.28,55.29,8656806
2025-12-30,GOOGL,Technology,55.93,56.65,55.45,55.99,16666265
2025-12-31,GOOGL,Technology,58.05,58.21,57.01,57.76,10874450
2024-01-26,HD,Consumer Discretionary,311.18,312.09,303.38,310.0,40613170
2024-01-29,HD,Consumer Discretionary,309.14,311.68,308.8,310.67,32017182
2024-01-30,HD,Consumer Discretionary,316.38,318.19,313.76,315.41,30502013
2024-01-31,HD,Consumer Discretionary,322.74,325.0,320.55,322.1,36803656
2024-02-01,HD,Consumer Discretionary,320.05,321.54,317.72,318.77,36951082
2024-02-02,HD,Consumer Discretionary,319.91,323.93,319.38,321.71,44538932
2024-02-05,HD,Consumer Discretionary,322.77,328.82,322.03,325.15,24299687
2024-02-06,HD,Consumer Discretionary,326.26,327.71,325.8,325.95,20787160
2024-02-07,HD,Consumer Discretionary,332.94,335.1,331.02,334.06,20487364
2024-02-08,HD,Consumer Discretionary,340.07,343.43,337.22,342.33,19724935
2024-02-09,HD,Consumer Discretionary,336.63,338.24,335.83,337.82,49874056
2024-02-12,HD,Consumer Discretionary,344.24,345.25,342.16,344.51,37089228
2024-02-13,HD,Consumer Discretionary,347.85,348.21,342.96,347.46,27043031
2024-02-14,HD,Consumer Discretionary,348.24,350.42,344.39,348.98,36079427
2024-02-15,HD,Consumer Discretionary,343.92,347.86,343.47,347.84,49989890
2024-02-16,HD,Consumer Discretionary,336.77,341.72,336.48,339.76,26084161
2024-02-19,HD,Consumer Discretionary,340.55,341.63,337.81,341.45,31524599
2024-02-20,HD,Consumer Discretionary,339.47,343.35,338.16,343.29,37988674
2024-02-21,HD,Consumer Discretionary,357.39,358.15,351.25,354.41,24921119
2024-02-22,HD,Consumer Discretionary,349.12,354.67,347.96,350.75,28064961
2024-02-23,HD,Consumer Discretionary,343.02,343.62,341.74,341.89,15012419
2024-02-26,HD,Consumer Discretionary,335.16,336.94,334.9,335.6,36870990
2024-02-27,HD,Consumer Discretionary,344.93,346.87,341.39,344.3,26479902
2024-02-28,HD,Consumer Discretionary,341.13,342.73,339.57,341.99,21985969
2024-02-29,HD,Consumer Discretionary,351.38,351.72,348.04,349.61,28194452
2024-03-01,HD,Consumer Discretionary,352.13,352.79,348.48,349.81,20643889
2024-03-04,HD,Consumer Discretionary,346.22,351.35,342.77,344.52,16430004
2024-03-05,HD,Consumer Discretionary,356.01,358.01,355.5,355.71,17692107
2024-03-06,HD,Consumer Discretionary,363.19,364.77,362.24,363.38,33977084
2024-03-07,HD,Consumer Discretionary,364.53,365.09,362.44,362.5,36155221
2024-03-08,HD,Consumer Discretionary,366.94,370.7,366.31,368.45,23197322
2024-03-11,HD,Consumer Discretionary,367.92,373.67,362.81,369.35,24552467
2024-03-12,HD,Consumer Discretionary,372.27,372.71,369.47,372.1,40826549
2024-03-13,HD,Consumer Discretionary,379.5,383.93,376.33,382.77,45265685
2024-03-14,HD,Consumer Discretionary,374.43,376.4,373.06,373.64,25187285
2024-03-15,HD,Consumer Discretionary,372.61,375.09,368.94,371.67,46055016
2024-03-18,HD,Consumer Discretionary,374.88,376.98,371.84,372.01,44800186
2024-03-19,HD,Consumer Discretionary,376.39,377.2,372.23,374.18,57416454
2024-03-20,HD,Consumer Discretionary,367.06,368.55,366.47,366.88,30439490
2024-03-21,HD,Consumer Discretionary,371.49,373.48,368.51,372.43,21494206
2024-03-22,HD,Consumer Discretionary,367.06,371.18,363.61,365.72,8288921
2024-03-25,HD,Consumer Discretionary,355.6,359.73,354.95,358.58,41018953
2024-03-26,HD,Consumer Discretionary,357.41,357.97,355.98,357.31,19480089
2024-03-27,HD,Consumer Discretionary,368.56,371.39,368.12,368.31,26748060
2024-03-28,HD,Consumer Discretionary,381.98,383.86,381.59,383.46,39549696
2024-03-29,HD,Consumer Discretionary,383.65,386.82,381.79,386.63,36551622
2024-04-01,HD,Consumer Discretionary,386.73,387.99,383.6,385.34,36705683
2024-04-02,HD,Consumer Discretionary,383.64,390.78,380.51,386.48,27693126
2024-04-03,HD,Consumer Discretionary,389.99,397.42,385.44,388.73,29307313
2024-04-04,HD,Consumer Discretionary,395.04,398.29,392.28,398.03,33900448
2024-04-05,HD,Consumer Discretionary,392.52,395.95,389.43,390.46,18952510
2024-04-08,HD,Consumer Discretionary,401.39,403.03,390.85,398.1,23435349
2024-04-09,HD,Consumer Discretionary,387.85,389.56,384.43,389.2,24430711
2024-04-10,HD,Consumer Discretionary,386.62,386.86,386.29,386.39,21623031
2024-04-11,HD,Consumer Discretionary,386.3,387.0,386.28,386.55,37274972
2024-04-12,HD,Consumer Discretionary,392.56,394.67,388.3,389.27,19930125
2024-04-15,HD,Consumer Discretionary,389.78,391.12,388.83,389.43,38845251
2024-04-16,HD,Consumer Discretionary,385.97,391.93,384.83,390.7,32537021
2024-04-17,HD,Consumer Discretionary,389.45,394.13,387.18,391.14,33595544
2024-04-18,HD,Consumer Discretionary,383.25,385.08,380.29,381.8,35400948
2024-04-19,HD,Consumer Discretionary,384.07,389.06,383.27,385.49,32943759
2024-04-22,HD,Consumer Discretionary,394.61,396.39,390.5,390.67,38360332
2024-04-23,HD,Consumer Discretionary,401.07,401.91,397.93,399.25,25734949
2024-04-24,HD,Consumer Discretionary,414.09,414.83,411.03,411.23,23835721
2024-04-25,HD,Consumer Discretionary,415.53,415.94,411.47,414.13,18519687
2024-04-26,HD,Consumer Discretionary,419.61,425.92,417.47,423.67,41004212
2024-04-29,HD,Consumer Discretionary,425.38,426.89,423.65,423.99,35621405
2024-04-30,HD,Consumer Discretionary,414.92,419.71,414.09,414.35,41192982
2024-05-01,HD,Consumer Discretionary,422.68,424.67,415.49,420.91,37134457
2024-05-02,HD,Consumer Discretionary,425.83,427.3,421.78,426.09,27966634
2024-05-03,HD,Consumer Discretionary,426.36,429.91,422.27,426.29,32793951
2024-05-06,HD,Consumer Discretionary,427.84,428.36,422.92,426.06,27174209
2024-05-07,HD,Consumer Discretionary,429.4,432.04,425.12,429.52,46211030
2024-05-08,HD,Consumer Discretionary,429.72,433.55,426.97,427.4,27040226
2024-05-09,HD,Consumer Discretionary,430.05,431.75,429.0,430.62,36045687
2024-05-10,HD,Consumer Discretionary,425.28,425.61,424.04,424.46,37209237
2024-05-13,HD,Consumer Discretionary,420.09,420.29,419.07,419.16,31407671
2024-05-14,HD,Consumer Discretionary,409.58,412.66,406.76,410.5,23986070
2024-05-15,HD,Consumer Discretionary,426.68,429.77,421.15,425.43,28640064
2024-05-16,HD,Consumer Discretionary,422.65,429.67,420.61,426.12,26012998
2024-05-17,HD,Consumer Discretionary,437.24,440.61,434.3,434.56,31940356
2024-05-20,HD,Consumer Discretionary,424.73,429.96,423.35,427.13,12238346
2024-05-21,HD,Consumer Discretionary,426.01,427.14,424.41,426.09,13507654
2024-05-22,HD,Consumer Discretionary,430.62,436.72,428.98,430.05,43411764
2024-05-23,HD,Consumer Discretionary,438.78,440.98,436.61,440.37,27938913
2024-05-24,HD,Consumer Discretionary,435.71,438.36,430.43,436.33,30969436
2024-05-27,HD,Consumer Discretionary,432.65,434.25,425.67,433.72,29344531
2024-05-28,HD,Consumer Discretionary,427.21,431.57,422.21,428.43,31587283
2024-05-29,HD,Consumer Discretionary,429.14,430.23,427.76,427.8,16542126
2024-05-30,HD,Consumer Discretionary,421.29,422.58,419.58,421.02,44600545
2024-05-31,HD,Consumer Discretionary,409.88,412.28,407.66,411.53,27263413
2024-06-03,HD,Consumer Discretionary,413.06,417.21,409.47,413.43,26355202
2024-06-04,HD,Consumer Discretionary,419.14,420.94,416.38,418.06,26084168
2024-06-05,HD,Consumer Discretionary,413.26,416.22,405.04,410.63,20716089
2024-06-06,HD,Consumer Discretionary,404.09,406.73,398.38,406.39,9279630
2024-06-07,HD,Consumer Discretionary,405.65,407.17,405.57,405.93,31767127
2024-06-10,HD,Consumer Discretionary,415.76,418.8,415.37,417.2,16940052
2024-06-11,HD,Consumer Discretionary,398.4,399.48,397.2,398.49,31164797
2024-06-12,HD,Consumer Discretionary,398.0,402.1,392.1,401.51,17369408
2024-06-13,HD,Consumer Discretionary,408.57,408.71,404.49,406.06,15069236
2024-06-14,HD,Consumer Discretionary,401.89,405.63,400.62,401.62,27227401
2024-06-17,HD,Consumer Discretionary,401.5,402.38,395.54,399.56,28991266
2024-06-18,HD,Consumer Discretionary,404.79,404.89,394.83,401.88,31828849
2024-06-19,HD,Consumer Discretionary,401.49,406.58,397.18,401.87,37584794
2024-06-20,HD,Consumer Discretionary,411.53,415.38,411.44,412.98,21703408
2024-06-21,HD,Consumer Discretionary,414.05,414.59,410.68,413.85,23007857
2024-06-24,HD,Consumer Discretionary,420.64,420.75,419.53,419.75,47022327
2024-06-25,HD,Consumer Discretionary,424.45,426.77,422.52,422.97,30180504
2024-06-26,HD,Consumer Discretionary,426.98,429.99,426.67,427.86,30202400
2024-06-27,HD,Consumer Discretionary,423.06,423.11,414.79,422.74,21483561
2024-06-28,HD,Consumer Discretionary,422.92,426.18,421.31,424.3,25163462
2024-07-01,HD,Consumer Discretionary,421.84,425.38,420.47,424.05,24930183
2024-07-02,HD,Consumer Discretionary,420.82,425.83,417.49,419.38,26354359
2024-07-03,HD,Consumer Discretionary,423.39,430.55,422.56,425.79,34828032
2024-07-04,HD,Consumer Discretionary,414.79,416.24,410.32,412.25,34264316
2024-07-05,HD,Consumer Discretionary,423.79,424.74,416.48,421.33,28709778
2024-07-08,HD,Consumer Discretionary,404.59,408.45,403.81,406.57,24697397
2024-07-09,HD,Consumer Discretionary,406.03,407.86,404.8,405.76,31902233
2024-07-10,HD,Consumer Discretionary,412.08,414.55,411.56,412.05,27247356
2024-07-11,HD,Consumer Discretionary,403.68,404.83,401.66,404.41,19365356
2024-07-12,HD,Consumer Discretionary,408.86,411.69,406.51,407.34,37979405
2024-07-15,HD,Consumer Discretionary,408.89,411.76,407.35,409.59,17712142
2024-07-16,HD,Consumer Discretionary,408.76,415.38,405.79,411.92,35349463
2024-07-17,HD,Consumer Discretionary,407.84,413.26,402.08,409.81,11480785
2024-07-18,HD,Consumer Discretionary,404.83,408.96,403.5,406.95,35641091
2024-07-19,HD,Consumer Discretionary,395.82,401.96,395.52,396.91,16086069
2024-07-22,HD,Consumer Discretionary,395.96,399.49,391.92,396.44,21545231
2024-07-23,HD,Consumer Discretionary,403.39,404.61,400.86,402.44,9286611
2024-07-24,HD,Consumer Discretionary,400.84,404.17,397.35,399.69,12866594
2024-07-25,HD,Consumer Discretionary,398.81,403.01,394.18,397.28,19151574
2024-07-26,HD,Consumer Discretionary,405.41,408.22,402.72,407.57,21086437
2024-07-29,HD,Consumer Discretionary,407.38,413.71,402.42,406.69,28449430
2024-07-30,HD,Consumer Discretionary,406.63,411.83,404.05,409.17,33916257
2024-07-31,HD,Consumer Discretionary,415.62,417.43,412.08,412.87,32204995
2024-08-01,HD,Consumer Discretionary,413.35,416.33,410.08,411.97,26901705
2024-08-02,HD,Consumer Discretionary,415.44,416.8,413.58,416.66,11799476
2024-08-05,HD,Consumer Discretionary,425.7,428.8,422.61,423.45,40221391
2024-08-06,HD,Consumer Discretionary,430.44,431.38,426.52,429.76,17781556
2024-08-07,HD,Consumer Discretionary,438.92,440.57,435.56,436.94,37475382
2024-08-08,HD,Consumer Discretionary,420.46,423.31,420.34,422.59,27995090
2024-08-09,HD,Consumer Discretionary,413.83,416.4,410.97,414.86,32755167
2024-08-12,HD,Consumer Discretionary,410.32,414.19,409.73,411.64,17640676
2024-08-13,HD,Consumer Discretionary,406.12,407.65,403.5,406.58,24402460
2024-08-14,HD,Consumer Discretionary,401.56,405.72,400.25,402.09,44328420
2024-08-15,HD,Consumer Discretionary,410.46,412.79,405.41,408.0,42980843
2024-08-16,HD,Consumer Discretionary,411.89,414.5,406.35,408.89,25053081
2024-08-19,HD,Consumer Discretionary,406.54,409.1,402.21,408.18,41190896
2024-08-20,HD,Consumer Discretionary,406.34,410.26,403.14,406.9,38639274
2024-08-21,HD,Consumer Discretionary,403.52,407.8,399.32,404.48,38881390
2024-08-22,HD,Consumer Discretionary,403.51,403.6,401.97,403.1,29930250
2024-08-23,HD,Consumer Discretionary,410.67,413.33,405.52,412.24,54228609
2024-08-26,HD,Consumer Discretionary,403.8,405.04,399.93,400.79,20193221
2024-08-27,HD,Consumer Discretionary,407.71,410.6,402.1,409.15,45736544
2024-08-28,HD,Consumer Discretionary,425.88,428.49,421.93,424.36,25681193
2024-08-29,HD,Consumer Discretionary,428.68,433.95,426.37,433.15,20096445
2024-08-30,HD,Consumer Discretionary,425.98,427.86,425.89,426.5,27213973
2024-09-02,HD,Consumer Discretionary,419.56,427.49,416.92,423.37,18680782
2024-09-03,HD,Consumer Discretionary,429.89,430.87,425.88,430.57,30663800
2024-09-04,HD,Consumer Discretionary,430.22,430.98,428.42,429.06,31059102
2024-09-05,HD,Consumer Discretionary,421.83,426.46,418.69,425.78,66685844
2024-09-06,HD,Consumer Discretionary,422.83,426.44,421.29,425.29,48103777
2024-09-09,HD,Consumer Discretionary,415.14,419.52,411.4,417.85,24897087
2024-09-10,HD,Consumer Discretionary,417.11,420.03,414.23,417.18,34527559
2024-09-11,HD,Consumer Discretionary,409.36,410.07,406.81,409.32,15442754
2024-09-12,HD,Consumer Discretionary,415.85,417.37,411.33,414.24,31302604
2024-09-13,HD,Consumer Discretionary,408.43,410.38,406.27,408.84,40388214
2024-09-16,HD,Consumer Discretionary,408.32,412.33,406.5,409.36,13814962
2024-09-17,HD,Consumer Discretionary,404.09,409.41,403.02,406.64,14915354
2024-09-18,HD,Consumer Discretionary,405.51,412.29,403.84,409.32,15550761
2024-09-19,HD,Consumer Discretionary,414.21,420.06,414.08,414.89,31380803
2024-09-20,HD,Consumer Discretionary,415.09,422.76,413.65,416.99,25784293
2024-09-23,HD,Consumer Discretionary,415.11,415.6,412.38,412.51,25258771
2024-09-24,HD,Consumer Discretionary,408.44,409.95,407.0,408.98,21712770
2024-09-25,HD,Consumer Discretionary,423.05,426.27,419.26,424.61,12423284
2024-09-26,HD,Consumer Discretionary,431.87,434.46,428.85,431.25,4660049
2024-09-27,HD,Consumer Discretionary,429.58,433.12,429.19,430.09,23923625
2024-09-30,HD,Consumer Discretionary,427.55,427.6,421.16,426.34,18536735
2024-10-01,HD,Consumer Discretionary,416.73,416.97,412.97,416.72,12952600
2024-10-02,HD,Consumer Discretionary,424.55,428.36,419.9,424.44,23655714
2024-10-03,HD,Consumer Discretionary,418.82,422.16,416.93,419.8,28157124
2024-10-04,HD,Consumer Discretionary,425.6,427.27,424.56,427.08,29665659
2024-10-07,HD,Consumer Discretionary,434.75,437.09,429.36,432.93,36241556
2024-10-08,HD,Consumer Discretionary,443.01,444.24,441.4,442.5,19412628
2024-10-09,HD,Consumer Discretionary,448.09,450.09,446.0,448.08,27656416
2024-10-10,HD,Consumer Discretionary,445.33,447.38,443.76,446.78,20768679
2024-10-11,HD,Consumer Discretionary,445.64,448.54,445.37,447.1,23819683
2024-10-14,HD,Consumer Discretionary,448.05,449.24,444.26,447.49,18470237
2024-10-15,HD,Consumer Discretionary,445.37,449.78,444.38,445.77,11548404
2024-10-16,HD,Consumer Discretionary,435.96,438.09,432.22,434.4,28304597
2024-10-17,HD,Consumer Discretionary,417.85,421.77,413.76,419.62,42101834
2024-10-18,HD,Consumer Discretionary,425.16,426.56,421.19,424.91,21210090
2024-10-21,HD,Consumer Discretionary,424.34,428.02,421.61,423.88,36154041
2024-10-22,HD,Consumer Discretionary,431.66,431.77,427.85,430.59,20916486
2024-10-23,HD,Consumer Discretionary,428.77,432.67,427.81,428.17,33327788
2024-10-24,HD,Consumer Discretionary,430.39,434.24,424.75,428.36,44648708
2024-10-25,HD,Consumer Discretionary,435.79,438.68,434.02,434.93,27554620
2024-10-28,HD,Consumer Discretionary,446.54,446.6,445.15,445.96,27131431
2024-10-29,HD,Consumer Discretionary,444.47,445.78,442.95,443.91,22372063
2024-10-30,HD,Consumer Discretionary,441.03,445.16,435.46,437.01,41019399
2024-10-31,HD,Consumer Discretionary,447.4,447.92,441.4,445.69,25450257
2024-11-01,HD,Consumer Discretionary,443.14,447.07,438.93,443.85,32853775
2024-11-04,HD,Consumer Discretionary,441.3,444.6,438.51,440.61,39410118
2024-11-05,HD,Consumer Discretionary,436.15,438.48,435.62,438.0,32987590
2024-11-06,HD,Consumer Discretionary,431.39,433.42,430.92,433.17,30278928
2024-11-07,HD,Consumer Discretionary,438.9,439.86,432.58,438.73,53141359
2024-11-08,HD,Consumer Discretionary,428.22,435.91,426.59,429.54,29848101
2024-11-11,HD,Consumer Discretionary,432.63,433.42,430.28,430.44,39093182
2024-11-12,HD,Consumer Discretionary,434.99,438.85,430.1,432.36,26985827
2024-11-13,HD,Consumer Discretionary,428.62,429.24,427.23,428.42,37790728
2024-11-14,HD,Consumer Discretionary,443.13,444.77,437.1,439.5,26576037
2024-11-15,HD,Consumer Discretionary,445.86,447.49,444.75,446.02,48130696
2024-11-18,HD,Consumer Discretionary,442.0,444.07,435.34,442.98,22282013
2024-11-19,HD,Consumer Discretionary,442.74,445.42,442.2,442.43,20369450
2024-11-20,HD,Consumer Discretionary,451.23,451.65,446.28,448.97,36265298
2024-11-21,HD,Consumer Discretionary,450.14,452.89,446.45,449.75,31638675
2024-11-22,HD,Consumer Discretionary,461.76,463.01,456.34,460.05,27613364
2024-11-25,HD,Consumer Discretionary,467.17,470.53,463.16,464.43,15437569
2024-11-26,HD,Consumer Discretionary,465.56,467.92,464.23,466.52,26991627
2024-11-27,HD,Consumer Discretionary,466.87,471.88,466.45,468.56,32291769
2024-11-28,HD,Consumer Discretionary,488.31,500.03,483.82,492.39,23308500
2024-11-29,HD,Consumer Discretionary,485.93,493.22,479.65,484.59,29694256
2024-12-02,HD,Consumer Discretionary,479.44,482.16,474.8,476.33,28856989
2024-12-03,HD,Consumer Discretionary,476.58,477.29,473.28,474.71,38831211
2024-12-04,HD,Consumer Discretionary,484.08,486.36,478.24,485.6,34911229
2024-12-05,HD,Consumer Discretionary,471.06,474.81,466.41,466.68,36656751
2024-12-06,HD,Consumer Discretionary,452.75,453.23,451.55,452.68,23822326
2024-12-09,HD,Consumer Discretionary,449.81,450.12,446.41,450.0,27373919
2024-12-10,HD,Consumer Discretionary,468.98,470.24,461.79,465.47,26536417
2024-12-11,HD,Consumer Discretionary,464.28,469.87,463.87,465.88,21055338
2024-12-12,HD,Consumer Discretionary,456.06,457.88,451.58,457.43,10940984
2024-12-13,HD,Consumer Discretionary,465.15,470.9,460.76,463.66,10369502
2024-12-16,HD,Consumer Discretionary,475.09,477.51,474.75,476.2,51479729
2024-12-17,HD,Consumer Discretionary,474.02,476.84,467.94,471.56,54567273
2024-12-18,HD,Consumer Discretionary,477.63,479.43,474.98,475.2,30703993
2024-12-19,HD,Consumer Discretionary,473.23,477.1,473.01,476.62,19154088
2024-12-20,HD,Consumer Discretionary,479.96,485.87,479.57,481.2,48334444
2024-12-23,HD,Consumer Discretionary,473.9,479.49,469.21,477.89,16160018
2024-12-24,HD,Consumer Discretionary,481.0,483.89,480.18,482.92,21359290
2024-12-25,HD,Consumer Discretionary,484.39,494.25,483.5,489.62,17073413
2024-12-26,HD,Consumer Discretionary,496.1,496.75,494.42,495.44,29478148
2024-12-27,HD,Consumer Discretionary,480.14,485.16,477.07,482.81,22082305
2024-12-30,HD,Consumer Discretionary,473.43,477.08,467.17,471.96,38376172
2024-12-31,HD,Consumer Discretionary,466.25,471.58,462.06,466.98,41464532
2025-01-01,HD,Consumer Discretionary,467.68,471.96,466.68,469.19,42745204
2025-01-02,HD,Consumer Discretionary,472.44,479.6,470.06,473.61,45650852
2025-01-03,HD,Consumer Discretionary,464.8,467.05,461.92,465.84,36298855
2025-01-06,HD,Consumer Discretionary,470.49,477.71,467.03,468.47,35122984
2025-01-07,HD,Consumer Discretionary,474.7,477.43,473.55,475.78,29157734
2025-01-08,HD,Consumer Discretionary,481.49,482.57,480.89,481.08,24340722
2025-01-09,HD,Consumer Discretionary,476.9,481.06,476.36,477.77,31425282
2025-01-10,HD,Consumer Discretionary,471.85,476.46,470.25,475.17,24114724
2025-01-13,HD,Consumer Discretionary,470.19,477.08,463.19,465.53,35012263
2025-01-14,HD,Consumer Discretionary,479.95,480.49,477.02,478.71,36536061
2025-01-15,HD,Consumer Discretionary,480.88,483.48,480.31,482.56,17294296
2025-01-16,HD,Consumer Discretionary,471.95,473.66,465.83,470.33,22734102
2025-01-17,HD,Consumer Discretionary,477.94,482.94,477.48,479.78,41579149
2025-01-20,HD,Consumer Discretionary,483.51,487.78,474.72,485.06,31513218
2025-01-21,HD,Consumer Discretionary,496.6,498.81,490.05,494.56,33766833
2025-01-22,HD,Consumer Discretionary,491.09,491.9,487.59,490.36,34827671
2025-01-23,HD,Consumer Discretionary,485.03,493.96,484.68,487.3,16023845
2025-01-24,HD,Consumer Discretionary,480.01,482.05,472.6,481.19,19345823
2025-01-27,HD,Consumer Discretionary,497.44,499.43,495.85,497.72,22903058
2025-01-28,HD,Consumer Discretionary,491.26,494.58,490.32,493.96,22212993
2025-01-29,HD,Consumer Discretionary,485.38,490.33,484.39,486.64,16898472
2025-01-30,HD,Consumer Discretionary,480.76,481.99,476.65,481.83,43968210
2025-01-31,HD,Consumer Discretionary,481.54,485.95,478.34,479.54,7487491
2025-02-03,HD,Consumer Discretionary,495.33,498.07,489.24,491.7,29554589
2025-02-04,HD,Consumer Discretionary,497.38,500.73,491.25,494.11,24963186
2025-02-05,HD,Consumer Discretionary,503.3,505.21,502.88,504.09,36743416
2025-02-06,HD,Consumer Discretionary,508.65,510.57,498.44,506.63,29276676
2025-02-07,HD,Consumer Discretionary,505.14,505.94,502.7,505.4,15028591
2025-02-10,HD,Consumer Discretionary,498.31,499.45,495.38,497.21,21441437
2025-02-11,HD,Consumer Discretionary,513.58,516.87,509.15,510.12,25929604
2025-02-12,HD,Consumer Discretionary,520.56,521.87,517.65,518.44,38249333
2025-02-13,HD,Consumer Discretionary,531.27,535.53,524.11,527.66,20369022
2025-02-14,HD,Consumer Discretionary,531.85,535.93,529.81,535.71,27811370
2025-02-17,HD,Consumer Discretionary,528.52,533.69,528.04,529.87,31385235
2025-02-18,HD,Consumer Discretionary,535.32,535.74,525.35,532.37,23629484
2025-02-19,HD,Consumer Discretionary,547.07,550.48,540.08,541.87,21719795
2025-02-20,HD,Consumer Discretionary,553.27,554.96,549.29,550.31,21641239
2025-02-21,HD,Consumer Discretionary,554.43,556.75,546.0,551.94,18253188
2025-02-24,HD,Consumer Discretionary,565.96,573.11,563.82,569.64,27950450
2025-02-25,HD,Consumer Discretionary,573.87,579.59,573.59,574.76,40427093
2025-02-26,HD,Consumer Discretionary,590.01,590.89,583.01,587.19,17630201
2025-02-27,HD,Consumer Discretionary,588.42,590.83,587.93,589.34,25600710
2025-02-28,HD,Consumer Discretionary,582.73,593.92,579.68,586.11,30406826
2025-03-03,HD,Consumer Discretionary,598.05,599.72,592.75,595.47,28085649
2025-03-04,HD,Consumer Discretionary,605.21,606.1,599.64,602.73,18152063
2025-03-05,HD,Consumer Discretionary,605.89,606.63,601.13,606.36,30057736
2025-03-06,HD,Consumer Discretionary,603.44,608.65,597.93,598.43,29780876
2025-03-07,HD,Consumer Discretionary,610.2,613.37,601.83,608.38,28148574
2025-03-10,HD,Consumer Discretionary,597.81,601.0,596.61,600.94,55318010
2025-03-11,HD,Consumer Discretionary,611.76,611.96,608.26,608.7,37348921
2025-03-12,HD,Consumer Discretionary,601.16,612.37,595.83,598.29,28295712
2025-03-13,HD,Consumer Discretionary,586.75,593.79,578.31,590.46,33482206
2025-03-14,HD,Consumer Discretionary,596.63,603.52,590.34,593.5,9803297
2025-03-17,HD,Consumer Discretionary,601.16,602.11,594.0,599.27,27254778
2025-03-18,HD,Consumer Discretionary,603.73,604.3,598.6,601.63,25829384
2025-03-19,HD,Consumer Discretionary,596.77,604.2,596.23,596.83,14836810
2025-03-20,HD,Consumer Discretionary,609.66,615.75,603.8,607.74,24008543
2025-03-21,HD,Consumer Discretionary,607.78,610.52,604.41,609.37,30755229
2025-03-24,HD,Consumer Discretionary,609.39,613.72,607.81,611.54,16854799
2025-03-25,HD,Consumer Discretionary,606.58,611.25,606.47,610.28,29675884
2025-03-26,HD,Consumer Discretionary,604.46,604.68,601.16,603.51,28977036
2025-03-27,HD,Consumer Discretionary,608.74,621.54,601.23,614.67,28022135
2025-03-28,HD,Consumer Discretionary,611.41,612.76,608.4,608.63,23575056
2025-03-31,HD,Consumer Discretionary,632.84,633.87,623.3,625.44,11823953
2025-04-01,HD,Consumer Discretionary,623.33,623.98,614.53,617.48,36416624
2025-04-02,HD,Consumer Discretionary,619.57,623.63,617.18,620.95,18307823
2025-04-03,HD,Consumer Discretionary,625.41,626.04,619.87,621.93,32051538
2025-04-04,HD,Consumer Discretionary,623.0,629.21,618.77,621.1,24839139
2025-04-07,HD,Consumer Discretionary,625.66,629.89,620.9,628.16,41214329
2025-04-08,HD,Consumer Discretionary,635.36,637.58,633.55,636.39,34114399
2025-04-09,HD,Consumer Discretionary,639.44,649.63,635.65,642.15,37364539
2025-04-10,HD,Consumer Discretionary,635.16,637.33,627.36,631.51,26658455
2025-04-11,HD,Consumer Discretionary,615.06,621.62,614.39,619.97,27624006
2025-04-14,HD,Consumer Discretionary,611.56,613.35,607.06,608.04,28236933
2025-04-15,HD,Consumer Discretionary,600.6,606.98,591.04,605.95,22278927
2025-04-16,HD,Consumer Discretionary,629.31,631.11,624.35,626.74,28421558
2025-04-17,HD,Consumer Discretionary,623.3,626.55,611.62,626.54,46124127
2025-04-18,HD,Consumer Discretionary,648.05,648.72,643.83,647.89,20157883
2025-04-21,HD,Consumer Discretionary,648.97,651.15,644.09,647.84,43416123
2025-04-22,HD,Consumer Discretionary,650.84,651.26,642.81,649.8,35353618
2025-04-23,HD,Consumer Discretionary,652.69,658.05,648.69,656.3,38120784
2025-04-24,HD,Consumer Discretionary,652.08,655.26,649.16,653.55,16273478
2025-04-25,HD,Consumer Discretionary,654.23,663.0,651.37,656.23,31890720
2025-04-28,HD,Consumer Discretionary,640.37,644.28,633.77,638.65,28546271
2025-04-29,HD,Consumer Discretionary,630.06,630.65,628.69,629.86,44799864
2025-04-30,HD,Consumer Discretionary,614.46,622.21,608.22,613.21,44726260
2025-05-01,HD,Consumer Discretionary,617.4,622.96,615.7,620.6,11707764
2025-05-02,HD,Consumer Discretionary,611.72,612.87,603.25,607.36,23955594
2025-05-05,HD,Consumer Discretionary,618.98,624.11,618.1,621.36,44996401
2025-05-06,HD,Consumer Discretionary,623.18,631.82,619.8,625.18,31907863
2025-05-07,HD,Consumer Discretionary,637.35,637.41,629.84,635.07,33582089
2025-05-08,HD,Consumer Discretionary,623.77,629.99,620.64,628.79,25187050
2025-05-09,HD,Consumer Discretionary,618.16,620.58,612.34,617.78,12816108
2025-05-12,HD,Consumer Discretionary,610.1,617.26,600.37,614.63,21484928
2025-05-13,HD,Consumer Discretionary,623.08,626.51,615.68,625.38,31982563
2025-05-14,HD,Consumer Discretionary,642.88,651.52,640.32,646.84,27083705
2025-05-15,HD,Consumer Discretionary,652.41,653.43,652.24,652.4,23832543
2025-05-16,HD,Consumer Discretionary,640.02,641.93,635.84,638.97,32203032
2025-05-19,HD,Consumer Discretionary,632.93,635.79,625.57,629.33,29707544
2025-05-20,HD,Consumer Discretionary,611.87,617.82,610.62,614.63,37267586
2025-05-21,HD,Consumer Discretionary,621.85,625.76,609.05,613.65,20496404
2025-05-22,HD,Consumer Discretionary,617.89,618.74,611.02,611.21,18602140
2025-05-23,HD,Consumer Discretionary,614.74,616.71,607.13,610.16,18274488
2025-05-26,HD,Consumer Discretionary,600.85,601.02,596.77,599.96,33385823
2025-05-27,HD,Consumer Discretionary,588.23,591.02,587.62,588.97,22620627
2025-05-28,HD,Consumer Discretionary,589.76,590.2,586.38,590.13,34206823
2025-05-29,HD,Consumer Discretionary,593.92,598.19,592.59,594.98,30397377
2025-05-30,HD,Consumer Discretionary,584.21,585.79,580.62,583.98,40819632
2025-06-02,HD,Consumer Discretionary,589.48,593.52,587.66,588.67,18171577
2025-06-03,HD,Consumer Discretionary,602.73,610.4,595.38,597.86,36440765
2025-06-04,HD,Consumer Discretionary,576.54,577.89,569.96,575.85,27296338
2025-06-05,HD,Consumer Discretionary,588.13,591.69,587.91,590.63,47114887
2025-06-06,HD,Consumer Discretionary,600.17,601.26,596.52,597.54,44459011
2025-06-09,HD,Consumer Discretionary,606.87,608.25,606.71,606.96,24057690
2025-06-10,HD,Consumer Discretionary,597.43,604.93,591.41,597.33,31450432
2025-06-11,HD,Consumer Discretionary,609.68,611.04,602.34,605.13,13870641
2025-06-12,HD,Consumer Discretionary,616.45,618.69,611.61,614.14,31845033
2025-06-13,HD,Consumer Discretionary,609.42,609.55,606.53,608.02,26849881
2025-06-16,HD,Consumer Discretionary,614.01,619.69,604.64,615.89,26245198
2025-06-17,HD,Consumer Discretionary,619.3,622.19,613.92,614.82,20822675
2025-06-18,HD,Consumer Discretionary,611.94,612.41,602.89,609.03,18399416
2025-06-19,HD,Consumer Discretionary,605.21,610.69,599.47,607.4,18831363
2025-06-20,HD,Consumer Discretionary,609.61,612.39,594.27,609.31,38557366
2025-06-23,HD,Consumer Discretionary,601.74,608.93,601.62,606.65,48787565
2025-06-24,HD,Consumer Discretionary,602.11,604.05,596.55,599.24,42759432
2025-06-25,HD,Consumer Discretionary,599.01,604.02,598.51,603.29,24655240
2025-06-26,HD,Consumer Discretionary,610.0,610.74,607.19,608.97,29384434
2025-06-27,HD,Consumer Discretionary,611.9,612.27,608.1,610.68,28060672
2025-06-30,HD,Consumer Discretionary,593.11,598.13,591.84,595.15,26850187
2025-07-01,HD,Consumer Discretionary,589.96,593.42,587.98,589.86,29952055
2025-07-02,HD,Consumer Discretionary,582.5,584.77,581.9,582.17,37855621
2025-07-03,HD,Consumer Discretionary,599.1,599.97,595.86,598.57,47331014
2025-07-04,HD,Consumer Discretionary,598.1,606.38,594.81,599.97,26895362
2025-07-07,HD,Consumer Discretionary,596.69,599.65,589.54,597.56,31499074
2025-07-08,HD,Consumer Discretionary,594.06,594.68,591.47,592.5,41738441
2025-07-09,HD,Consumer Discretionary,590.87,597.1,587.59,591.59,32892831
2025-07-10,HD,Consumer Discretionary,599.28,601.09,597.55,598.97,28224372
2025-07-11,HD,Consumer Discretionary,581.35,583.92,576.92,581.72,14170702
2025-07-14,HD,Consumer Discretionary,590.75,594.06,577.48,584.13,25822918
2025-07-15,HD,Consumer Discretionary,579.21,581.14,575.55,579.68,28335518
2025-07-16,HD,Consumer Discretionary,583.61,586.7,580.33,583.95,37032607
2025-07-17,HD,Consumer Discretionary,586.86,593.49,583.87,591.68,25877919
2025-07-18,HD,Consumer Discretionary,585.52,589.88,582.73,585.37,22120723
2025-07-21,HD,Consumer Discretionary,571.46,577.09,566.73,572.82,14331235
2025-07-22,HD,Consumer Discretionary,573.05,576.05,564.63,570.3,31798377
2025-07-23,HD,Consumer Discretionary,582.18,586.57,579.58,582.3,50038272
2025-07-24,HD,Consumer Discretionary,593.08,593.66,585.92,590.36,22324084
2025-07-25,HD,Consumer Discretionary,583.02,587.88,579.57,587.07,27985426
2025-07-28,HD,Consumer Discretionary,584.23,585.49,579.88,581.38,28880814
2025-07-29,HD,Consumer Discretionary,577.75,578.26,575.89,576.44,20478970
2025-07-30,HD,Consumer Discretionary,563.57,572.91,559.14,564.74,13566734
2025-07-31,HD,Consumer Discretionary,565.6,572.37,562.36,572.1,22922100
2025-08-01,HD,Consumer Discretionary,584.07,584.29,580.61,581.22,35437030
2025-08-04,HD,Consumer Discretionary,576.41,578.95,573.94,577.89,27713514
2025-08-05,HD,Consumer Discretionary,578.78,581.35,571.22,573.52,27535913
2025-08-06,HD,Consumer Discretionary,569.76,570.94,566.36,567.38,19034885
2025-08-07,HD,Consumer Discretionary,566.37,567.42,556.41,563.56,51483898
2025-08-08,HD,Consumer Discretionary,559.23,559.48,553.82,557.19,36894764
2025-08-11,HD,Consumer Discretionary,556.63,558.54,549.91,556.06,19935898
2025-08-12,HD,Consumer Discretionary,560.82,564.17,557.87,563.32,33463291
2025-08-13,HD,Consumer Discretionary,567.29,572.5,562.93,569.74,19805278
2025-08-14,HD,Consumer Discretionary,562.05,564.35,558.85,562.36,30830087
2025-08-15,HD,Consumer Discretionary,568.76,569.66,563.54,563.98,39892258
2025-08-18,HD,Consumer Discretionary,569.83,575.53,567.86,570.08,4946475
2025-08-19,HD,Consumer Discretionary,564.94,568.24,558.35,561.77,9279508
2025-08-20,HD,Consumer Discretionary,561.51,565.42,558.49,563.3,45105336
2025-08-21,HD,Consumer Discretionary,574.47,574.64,572.44,574.5,33604856
2025-08-22,HD,Consumer Discretionary,563.35,574.88,558.26,572.52,31947432
2025-08-25,HD,Consumer Discretionary,553.53,554.35,546.17,554.3,24982554
2025-08-26,HD,Consumer Discretionary,535.08,539.91,529.78,532.23,14923853
2025-08-27,HD,Consumer Discretionary,538.36,540.85,534.72,535.12,8160885
2025-08-28,HD,Consumer Discretionary,538.74,540.78,535.1,536.28,28692203
2025-08-29,HD,Consumer Discretionary,542.12,542.55,538.09,538.14,43503701
2025-09-01,HD,Consumer Discretionary,540.89,545.43,540.2,542.61,18188999
2025-09-02,HD,Consumer Discretionary,530.02,532.36,525.42,530.01,42484492
2025-09-03,HD,Consumer Discretionary,522.68,526.72,521.61,523.42,16433566
2025-09-04,HD,Consumer Discretionary,526.65,528.36,524.2,527.2,6386719
2025-09-05,HD,Consumer Discretionary,531.78,536.13,527.74,533.65,17097400
2025-09-08,HD,Consumer Discretionary,532.29,532.72,528.16,531.71,33865051
2025-09-09,HD,Consumer Discretionary,520.07,521.92,513.61,519.77,30444723
2025-09-10,HD,Consumer Discretionary,524.17,529.45,518.71,522.84,30496156
2025-09-11,HD,Consumer Discretionary,524.36,527.69,521.59,523.51,10010064
2025-09-12,HD,Consumer Discretionary,518.29,522.6,513.1,514.89,27678553
2025-09-15,HD,Consumer Discretionary,501.87,504.42,498.59,498.78,11364107
2025-09-16,HD,Consumer Discretionary,498.89,505.5,493.19,503.58,25783186
2025-09-17,HD,Consumer Discretionary,501.26,503.65,496.71,498.83,12442184
2025-09-18,HD,Consumer Discretionary,501.78,506.09,498.43,500.56,20142938
2025-09-19,HD,Consumer Discretionary,500.72,503.82,496.78,501.99,15863985
2025-09-22,HD,Consumer Discretionary,489.46,500.39,488.91,493.01,30501676
2025-09-23,HD,Consumer Discretionary,494.88,498.09,491.84,496.53,30961681
2025-09-24,HD,Consumer Discretionary,494.02,495.06,489.11,489.93,30290948
2025-09-25,HD,Consumer Discretionary,479.5,480.2,474.5,478.44,31086422
2025-09-26,HD,Consumer Discretionary,465.39,467.96,465.3,466.23,18591295
2025-09-29,HD,Consumer Discretionary,463.88,474.23,458.69,466.42,33471765
2025-09-30,HD,Consumer Discretionary,478.27,480.58,469.46,478.53,20876382
2025-10-01,HD,Consumer Discretionary,480.72,483.62,477.1,479.07,29574859
2025-10-02,HD,Consumer Discretionary,496.05,497.09,489.54,492.96,24249637
2025-10-03,HD,Consumer Discretionary,502.48,507.87,499.06,504.62,34485240
2025-10-06,HD,Consumer Discretionary,507.21,512.39,504.89,509.02,31238000
2025-10-07,HD,Consumer Discretionary,524.49,526.21,519.56,522.08,28767804
2025-10-08,HD,Consumer Discretionary,534.85,538.0,530.75,534.53,21345252
2025-10-09,HD,Consumer Discretionary,550.18,551.64,540.56,544.86,23425042
2025-10-10,HD,Consumer Discretionary,530.94,534.01,525.46,528.68,31825047
2025-10-13,HD,Consumer Discretionary,530.41,531.69,521.15,526.93,12134065
2025-10-14,HD,Consumer Discretionary,522.19,523.14,518.2,521.32,33705702
2025-10-15,HD,Consumer Discretionary,527.53,533.56,520.78,531.33,43307660
2025-10-16,HD,Consumer Discretionary,528.38,536.3,525.66,528.97,32416153
2025-10-17,HD,Consumer Discretionary,542.51,547.69,540.7,544.04,27320056
2025-10-20,HD,Consumer Discretionary,541.67,550.47,538.35,545.18,45880567
2025-10-21,HD,Consumer Discretionary,550.98,551.7,544.67,545.19,24722968
2025-10-22,HD,Consumer Discretionary,539.71,546.91,533.23,542.14,19259222
2025-10-23,HD,Consumer Discretionary,540.57,542.34,539.12,540.79,39652226
2025-10-24,HD,Consumer Discretionary,539.94,544.99,537.43,543.36,26627282
2025-10-27,HD,Consumer Discretionary,545.37,545.88,538.81,543.04,13092400
2025-10-28,HD,Consumer Discretionary,538.35,539.5,529.14,539.25,17370948
2025-10-29,HD,Consumer Discretionary,533.91,539.26,531.5,536.0,19998120
2025-10-30,HD,Consumer Discretionary,554.04,559.77,544.55,551.87,24475113
2025-10-31,HD,Consumer Discretionary,565.8,574.9,563.73,569.76,36612544
2025-11-03,HD,Consumer Discretionary,567.88,571.91,561.24,565.74,7145280
2025-11-04,HD,Consumer Discretionary,574.92,576.87,570.94,573.68,33517697
2025-11-05,HD,Consumer Discretionary,561.65,572.7,559.37,566.35,32805391
2025-11-06,HD,Consumer Discretionary,564.02,567.2,560.97,563.65,34693501
2025-11-07,HD,Consumer Discretionary,554.33,558.51,552.6,554.11,36238484
2025-11-10,HD,Consumer Discretionary,566.99,568.18,562.5,563.4,26435664
2025-11-11,HD,Consumer Discretionary,568.78,570.9,557.51,568.03,39719512
2025-11-12,HD,Consumer Discretionary,579.38,581.66,570.51,574.44,26676816
2025-11-13,HD,Consumer Discretionary,582.34,586.58,582.14,582.87,20247781
2025-11-14,HD,Consumer Discretionary,571.39,578.21,569.2,575.03,38422871
2025-11-17,HD,Consumer Discretionary,569.65,579.04,563.29,572.31,34980842
2025-11-18,HD,Consumer Discretionary,571.37,579.57,565.66,576.65,36175035
2025-11-19,HD,Consumer Discretionary,572.23,575.64,571.86,573.73,33063868
2025-11-20,HD,Consumer Discretionary,578.09,579.77,568.71,574.63,29560900
2025-11-21,HD,Consumer Discretionary,566.3,572.27,565.22,567.55,25931317
2025-11-24,HD,Consumer Discretionary,580.74,584.06,578.08,579.89,15103988
2025-11-25,HD,Consumer Discretionary,586.52,589.78,579.98,588.86,35718605
2025-11-26,HD,Consumer Discretionary,603.9,609.37,586.94,600.79,28429315
2025-11-27,HD,Consumer Discretionary,611.55,615.51,603.53,607.41,45422286
2025-11-28,HD,Consumer Discretionary,595.85,598.96,594.64,597.06,26229602
2025-12-01,HD,Consumer Discretionary,593.66,599.6,590.94,592.75,25033291
2025-12-02,HD,Consumer Discretionary,586.86,587.72,579.19,586.37,22331828
2025-12-03,HD,Consumer Discretionary,586.16,591.55,579.91,584.23,16651767
2025-12-04,HD,Consumer Discretionary,594.48,602.37,592.7,594.39,10995196
2025-12-05,HD,Consumer Discretionary,584.47,587.35,574.52,580.66,38942291
2025-12-08,HD,Consumer Discretionary,573.72,579.45,573.01,575.51,26995108
2025-12-09,HD,Consumer Discretionary,573.09,575.94,569.41,572.14,30623635
2025-12-10,HD,Consumer Discretionary,559.46,562.93,558.8,560.38,20009670
2025-12-11,HD,Consumer Discretionary,562.63,562.94,561.53,562.47,45343853
2025-12-12,HD,Consumer Discretionary,559.3,563.25,558.48,559.66,25684849
2025-12-15,HD,Consumer Discretionary,569.54,570.09,568.53,569.87,18612891
2025-12-16,HD,Consumer Discretionary,563.63,570.0,560.39,567.63,35334254
2025-12-17,HD,Consumer Discretionary,572.48,575.29,569.45,572.06,35746105
2025-12-18,HD,Consumer Discretionary,571.01,577.4,569.59,573.38,27850935
2025-12-19,HD,Consumer Discretionary,550.24,557.49,544.17,550.88,25333724
2025-12-22,HD,Consumer Discretionary,538.93,543.22,530.4,538.48,23002992
2025-12-23,HD,Consumer Discretionary,541.03,543.2,540.43,542.04,42214205
2025-12-24,HD,Consumer Discretionary,546.98,550.34,545.05,545.22,14297078
2025-12-25,HD,Consumer Discretionary,539.43,550.21,538.19,544.87,28333011
2025-12-26,HD,Consumer Discretionary,556.16,558.03,549.0,556.72,19950802
2025-12-29,HD,Consumer Discretionary,564.02,564.03,561.3,561.52,39561303
2025-12-30,HD,Consumer Discretionary,579.93,580.82,572.95,575.89,31590295
2025-12-31,HD,Consumer Discretionary,553.51,554.24,551.06,553.49,25019360
2024-01-26,JNJ,Healthcare,160.59,160.69,159.33,160.0,12565943
2024-01-29,JNJ,Healthcare,158.35,158.58,157.35,158.06,9211198
2024-01-30,JNJ,Healthcare,158.83,159.9,158.52,159.75,4605713
2024-01-31,JNJ,Healthcare,159.71,161.05,159.16,160.18,16684221
2024-02-01,JNJ,Healthcare,157.84,158.32,157.49,157.95,16245697
2024-02-02,JNJ,Healthcare,158.85,159.35,158.61,159.19,10800571
2024-02-05,JNJ,Healthcare,161.17,161.19,159.25,159.85,6270923
2024-02-06,JNJ,Healthcare,162.24,162.85,161.1,161.57,8019655
2024-02-07,JNJ,Healthcare,159.88,160.98,159.43,160.55,12089853
2024-02-08,JNJ,Healthcare,158.69,159.07,158.24,158.43,13050236
2024-02-09,JNJ,Healthcare,159.18,161.39,158.68,159.67,11132868
2024-02-12,JNJ,Healthcare,160.84,162.21,159.4,161.16,10713563
2024-02-13,JNJ,Healthcare,160.12,160.22,159.0,159.26,10433242
2024-02-14,JNJ,Healthcare,160.87,161.4,159.07,159.72,10626498
2024-02-15,JNJ,Healthcare,158.87,159.6,158.16,158.69,7510962
2024-02-16,JNJ,Healthcare,159.64,160.49,159.58,160.44,10519226
2024-02-19,JNJ,Healthcare,161.25,162.1,160.45,161.65,12147529
2024-02-20,JNJ,Healthcare,163.36,165.28,162.7,163.87,11102330
2024-02-21,JNJ,Healthcare,162.07,162.91,161.65,162.41,10255205
2024-02-22,JNJ,Healthcare,161.64,161.64,161.18,161.23,9694819
2024-02-23,JNJ,Healthcare,160.35,161.25,159.83,160.62,18055852
2024-02-26,JNJ,Healthcare,160.05,160.41,159.1,159.73,14032732
2024-02-27,JNJ,Healthcare,160.0,161.0,159.46,160.43,11808957
2024-02-28,JNJ,Healthcare,158.03,159.12,157.17,158.58,11528305
2024-02-29,JNJ,Healthcare,161.18,161.36,160.9,161.28,8978836
2024-03-01,JNJ,Healthcare,164.51,165.24,163.7,164.43,9202436
2024-03-04,JNJ,Healthcare,166.27,167.22,165.59,166.49,9291109
2024-03-05,JNJ,Healthcare,167.33,168.43,165.8,167.45,19461993
2024-03-06,JNJ,Healthcare,166.85,168.18,166.78,167.28,16429748
2024-03-07,JNJ,Healthcare,167.86,167.94,165.83,167.68,7287043
2024-03-08,JNJ,Healthcare,166.35,166.49,165.45,166.34,7838890
2024-03-11,JNJ,Healthcare,166.98,168.0,166.58,166.68,15082431
2024-03-12,JNJ,Healthcare,167.56,167.8,165.86,167.34,7495847
2024-03-13,JNJ,Healthcare,167.0,167.44,164.95,165.88,8273235
2024-03-14,JNJ,Healthcare,168.73,169.27,168.66,168.89,11928118
2024-03-15,JNJ,Healthcare,168.33,169.63,167.67,168.78,8562437
2024-03-18,JNJ,Healthcare,166.8,167.69,166.74,166.93,12307784
2024-03-19,JNJ,Healthcare,166.68,167.5,166.59,166.6,11004667
2024-03-20,JNJ,Healthcare,165.96,166.74,164.06,165.55,11172178
2024-03-21,JNJ,Healthcare,164.26,164.39,164.05,164.07,13759550
2024-03-22,JNJ,Healthcare,166.7,167.16,166.65,166.96,6030356
2024-03-25,JNJ,Healthcare,166.94,167.07,165.74,167.03,9425016
2024-03-26,JNJ,Healthcare,169.08,169.77,168.35,168.97,15589906
2024-03-27,JNJ,Healthcare,170.78,170.8,169.39,169.79,16515747
2024-03-28,JNJ,Healthcare,171.18,171.24,169.66,170.73,15388266
2024-03-29,JNJ,Healthcare,170.57,170.95,170.14,170.76,10628804
2024-04-01,JNJ,Healthcare,169.22,170.7,168.21,170.0,12338453
2024-04-02,JNJ,Healthcare,171.81,172.63,170.43,172.49,15781534
2024-04-03,JNJ,Healthcare,172.73,174.76,172.14,173.78,6217421
2024-04-04,JNJ,Healthcare,172.54,173.5,172.01,173.49,14036742
2024-04-05,JNJ,Healthcare,175.17,175.65,174.89,175.44,10123433
2024-04-08,JNJ,Healthcare,178.89,179.23,178.12,178.41,3684912
2024-04-09,JNJ,Healthcare,180.07,180.62,178.9,179.19,3464093
2024-04-10,JNJ,Healthcare,182.29,182.38,182.17,182.3,21622931
2024-04-11,JNJ,Healthcare,181.02,182.06,180.61,181.4,8023531
2024-04-12,JNJ,Healthcare,180.14,180.27,178.97,179.66,17745307
2024-04-15,JNJ,Healthcare,179.13,179.35,178.21,179.04,15666929
2024-04-16,JNJ,Healthcare,178.66,179.53,178.12,179.18,10036710
2024-04-17,JNJ,Healthcare,181.72,182.73,181.19,182.3,9291432
2024-04-18,JNJ,Healthcare,181.63,182.09,180.72,181.59,8692278
2024-04-19,JNJ,Healthcare,182.46,183.65,182.08,182.42,10846473
2024-04-22,JNJ,Healthcare,185.41,185.67,183.67,184.68,9750802
2024-04-23,JNJ,Healthcare,185.34,186.14,185.07,185.69,539847
2024-04-24,JNJ,Healthcare,186.99,187.11,184.67,184.74,4845905
2024-04-25,JNJ,Healthcare,181.32,182.27,181.05,182.2,13108909
2024-04-26,JNJ,Healthcare,184.84,185.81,182.66,184.7,10153866
2024-04-29,JNJ,Healthcare,182.3,183.63,181.63,182.62,4720067
2024-04-30,JNJ,Healthcare,182.29,183.42,181.81,181.91,13962861
2024-05-01,JNJ,Healthcare,181.84,183.39,180.3,182.04,11396517
2024-05-02,JNJ,Healthcare,184.96,185.82,184.18,184.63,12133377
2024-05-03,JNJ,Healthcare,186.39,188.1,185.25,186.71,19297360
2024-05-06,JNJ,Healthcare,187.27,187.48,186.03,187.07,7762701
2024-05-07,JNJ,Healthcare,189.99,190.06,189.24,189.63,9283977
2024-05-08,JNJ,Healthcare,192.06,193.37,191.4,192.68,10512050
2024-05-09,JNJ,Healthcare,190.74,192.78,190.63,191.73,10052757
2024-05-10,JNJ,Healthcare,191.08,191.11,188.84,190.96,10989774
2024-05-13,JNJ,Healthcare,192.35,192.68,191.49,192.59,10340206
2024-05-14,JNJ,Healthcare,196.69,197.03,195.99,196.25,10931351
2024-05-15,JNJ,Healthcare,195.83,196.04,193.96,194.81,9346218
2024-05-16,JNJ,Healthcare,189.59,191.04,188.49,190.92,5582530
2024-05-17,JNJ,Healthcare,192.44,193.27,191.42,192.34,15236558
2024-05-20,JNJ,Healthcare,194.09,195.72,192.8,195.29,6846086
2024-05-21,JNJ,Healthcare,196.16,196.3,195.0,195.63,7101010
2024-05-22,JNJ,Healthcare,202.34,202.95,200.57,201.36,6544685
2024-05-23,JNJ,Healthcare,200.34,200.62,199.03,199.57,12826601
2024-05-24,JNJ,Healthcare,198.38,199.12,196.21,198.0,17205328
2024-05-27,JNJ,Healthcare,196.81,197.18,196.13,196.42,4814280
2024-05-28,JNJ,Healthcare,196.74,196.83,196.17,196.67,9383643
2024-05-29,JNJ,Healthcare,195.42,197.92,194.63,196.97,16899069
2024-05-30,JNJ,Healthcare,194.75,195.52,193.81,195.36,8607014
2024-05-31,JNJ,Healthcare,198.28,198.31,196.8,197.83,5799664
2024-06-03,JNJ,Healthcare,197.76,198.72,197.67,198.48,10315547
2024-06-04,JNJ,Healthcare,196.66,197.46,195.1,196.28,8681069
2024-06-05,JNJ,Healthcare,197.42,197.92,196.31,197.67,13360473
2024-06-06,JNJ,Healthcare,197.16,197.36,196.44,196.82,7377870
2024-06-07,JNJ,Healthcare,196.32,197.7,196.28,197.1,6269129
2024-06-10,JNJ,Healthcare,199.19,199.37,198.74,199.08,14800970
2024-06-11,JNJ,Healthcare,199.7,201.67,197.63,201.33,11401628
2024-06-12,JNJ,Healthcare,203.94,205.15,202.33,203.43,4268072
2024-06-13,JNJ,Healthcare,203.64,203.95,203.35,203.6,9167733
2024-06-14,JNJ,Healthcare,200.83,202.49,200.59,201.48,6159819
2024-06-17,JNJ,Healthcare,200.37,201.61,199.13,200.84,13142444
2024-06-18,JNJ,Healthcare,200.87,202.46,199.59,200.95,9673271
2024-06-19,JNJ,Healthcare,204.16,204.76,203.3,204.43,16909299
2024-06-20,JNJ,Healthcare,202.64,204.09,202.02,203.31,9400154
2024-06-21,JNJ,Healthcare,205.05,206.45,203.76,203.83,8721832
2024-06-24,JNJ,Healthcare,201.77,202.08,199.6,201.13,15088051
2024-06-25,JNJ,Healthcare,202.27,203.19,201.63,201.94,5735453
2024-06-26,JNJ,Healthcare,201.79,202.04,201.5,201.91,8863908
2024-06-27,JNJ,Healthcare,200.61,201.98,198.91,201.68,10637457
2024-06-28,JNJ,Healthcare,202.42,203.67,202.41,203.62,12008528
2024-07-01,JNJ,Healthcare,202.73,203.66,200.72,202.15,10308614
2024-07-02,JNJ,Healthcare,206.69,206.8,204.58,205.33,10229447
2024-07-03,JNJ,Healthcare,203.42,204.73,202.64,203.68,12675188
2024-07-04,JNJ,Healthcare,205.89,206.89,205.38,206.8,4624250
2024-07-05,JNJ,Healthcare,202.29,204.37,202.24,203.24,8836328
2024-07-08,JNJ,Healthcare,203.34,204.34,202.67,203.98,11836718
2024-07-09,JNJ,Healthcare,206.1,206.3,203.97,205.42,11804985
2024-07-10,JNJ,Healthcare,204.34,204.75,203.22,204.67,9395296
2024-07-11,JNJ,Healthcare,205.65,206.2,204.99,205.36,20592036
2024-07-12,JNJ,Healthcare,204.48,206.11,203.39,204.6,12759068
2024-07-15,JNJ,Healthcare,205.83,206.25,205.32,205.67,16485902
2024-07-16,JNJ,Healthcare,206.44,207.78,203.17,206.3,11939341
2024-07-17,JNJ,Healthcare,210.71,211.49,209.96,211.4,7278561
2024-07-18,JNJ,Healthcare,207.73,208.88,207.02,208.26,12635747
2024-07-19,JNJ,Healthcare,207.95,209.77,207.61,208.78,14399405
2024-07-22,JNJ,Healthcare,208.6,209.52,206.98,207.88,3980906
2024-07-23,JNJ,Healthcare,208.09,208.68,206.19,208.23,18231080
2024-07-24,JNJ,Healthcare,208.9,209.49,207.1,207.99,10272161
2024-07-25,JNJ,Healthcare,207.8,208.82,207.09,207.26,13875976
2024-07-26,JNJ,Healthcare,205.11,206.43,203.53,206.13,7046758
2024-07-29,JNJ,Healthcare,207.47,208.28,206.83,207.81,10985391
2024-07-30,JNJ,Healthcare,206.55,207.51,205.42,207.02,6286646
2024-07-31,JNJ,Healthcare,207.56,207.56,206.51,207.04,6038797
2024-08-01,JNJ,Healthcare,206.74,208.2,206.61,207.53,12745744
2024-08-02,JNJ,Healthcare,205.73,206.15,205.66,205.94,12278985
2024-08-05,JNJ,Healthcare,207.82,209.09,207.12,207.38,15043576
2024-08-06,JNJ,Healthcare,204.37,205.33,204.22,205.26,8435897
2024-08-07,JNJ,Healthcare,207.52,207.56,205.07,206.44,10543715
2024-08-08,JNJ,Healthcare,207.73,208.26,206.9,207.42,12030636
2024-08-09,JNJ,Healthcare,207.47,208.02,206.83,207.18,5600889
2024-08-12,JNJ,Healthcare,204.2,205.51,202.44,204.75,11600676
2024-08-13,JNJ,Healthcare,204.75,205.59,204.37,204.83,8077520
2024-08-14,JNJ,Healthcare,202.09,203.03,201.57,202.56,2043830
2024-08-15,JNJ,Healthcare,202.48,203.27,202.21,202.38,11791791
2024-08-16,JNJ,Healthcare,203.08,204.4,202.94,204.2,10846914
2024-08-19,JNJ,Healthcare,204.14,205.32,203.18,204.23,5447577
2024-08-20,JNJ,Healthcare,207.49,207.59,207.06,207.11,4241578
2024-08-21,JNJ,Healthcare,207.82,208.42,206.14,207.84,8551064
2024-08-22,JNJ,Healthcare,208.59,210.07,207.76,209.68,11925895
2024-08-23,JNJ,Healthcare,211.51,212.72,211.35,211.4,11769656
2024-08-26,JNJ,Healthcare,214.34,215.78,213.55,214.73,15101956
2024-08-27,JNJ,Healthcare,212.21,212.33,210.81,211.72,14727660
2024-08-28,JNJ,Healthcare,210.97,212.85,209.5,210.57,13699863
2024-08-29,JNJ,Healthcare,211.08,211.4,209.43,210.7,12004846
2024-08-30,JNJ,Healthcare,211.96,212.73,211.08,212.62,8797425
2024-09-02,JNJ,Healthcare,213.57,214.5,212.87,213.08,7760429
2024-09-03,JNJ,Healthcare,213.4,214.08,211.28,213.13,10951987
2024-09-04,JNJ,Healthcare,215.48,216.52,215.11,215.61,12306880
2024-09-05,JNJ,Healthcare,214.54,214.88,213.65,214.88,10284035
2024-09-06,JNJ,Healthcare,214.16,215.61,213.97,214.04,3112700
2024-09-09,JNJ,Healthcare,214.96,215.39,214.24,215.33,6843037
2024-09-10,JNJ,Healthcare,221.34,222.77,220.45,221.07,4825122
2024-09-11,JNJ,Healthcare,221.3,222.46,220.29,221.09,13923683
2024-09-12,JNJ,Healthcare,220.95,221.92,218.88,219.59,8902932
2024-09-13,JNJ,Healthcare,217.89,220.14,217.38,218.29,9094882
2024-09-16,JNJ,Healthcare,218.64,219.19,216.53,217.48,7185734
2024-09-17,JNJ,Healthcare,220.33,221.73,219.55,220.72,15035618
2024-09-18,JNJ,Healthcare,219.46,220.25,219.15,219.9,4824492
2024-09-19,JNJ,Healthcare,220.21,221.45,219.36,220.7,10865447
2024-09-20,JNJ,Healthcare,219.6,220.69,219.05,220.55,6023517
2024-09-23,JNJ,Healthcare,218.0,218.81,216.5,217.43,9726776
2024-09-24,JNJ,Healthcare,216.75,218.48,215.38,216.72,15260436
2024-09-25,JNJ,Healthcare,210.14,212.05,208.9,210.89,12949484
2024-09-26,JNJ,Healthcare,211.14,211.52,209.42,211.36,5903762
2024-09-27,JNJ,Healthcare,212.98,213.5,209.42,212.56,6555867
2024-09-30,JNJ,Healthcare,210.22,211.41,210.03,210.65,8817552
2024-10-01,JNJ,Healthcare,210.12,210.37,208.64,209.46,13197656
2024-10-02,JNJ,Healthcare,206.69,206.98,206.11,206.44,7153346
2024-10-03,JNJ,Healthcare,201.95,202.27,200.79,201.47,5788230
2024-10-04,JNJ,Healthcare,198.45,198.9,196.44,198.19,6091295
2024-10-07,JNJ,Healthcare,199.52,199.86,199.31,199.68,9113281
2024-10-08,JNJ,Healthcare,198.08,199.82,197.05,199.05,14339467
2024-10-09,JNJ,Healthcare,199.95,200.38,198.78,199.57,6395051
2024-10-10,JNJ,Healthcare,204.14,205.14,203.12,204.11,11878590
2024-10-11,JNJ,Healthcare,207.06,207.24,204.92,206.42,11303002
2024-10-14,JNJ,Healthcare,207.18,208.7,206.25,207.71,10996111
2024-10-15,JNJ,Healthcare,207.13,209.55,206.44,206.67,8638102
2024-10-16,JNJ,Healthcare,209.31,210.33,208.3,210.28,18869615
2024-10-17,JNJ,Healthcare,213.37,214.03,212.48,213.2,14070252
2024-10-18,JNJ,Healthcare,214.65,215.95,214.37,215.36,11197361
2024-10-21,JNJ,Healthcare,214.3,215.75,212.93,215.42,8356447
2024-10-22,JNJ,Healthcare,213.94,215.1,213.09,213.29,8422399
2024-10-23,JNJ,Healthcare,218.06,218.62,215.83,216.92,13088169
2024-10-24,JNJ,Healthcare,219.39,219.92,218.97,219.06,12151486
2024-10-25,JNJ,Healthcare,218.79,219.23,218.16,218.64,12461175
2024-10-28,JNJ,Healthcare,218.06,218.51,217.81,218.04,10162413
2024-10-29,JNJ,Healthcare,214.16,215.79,214.1,215.18,5547227
2024-10-30,JNJ,Healthcare,216.61,219.33,215.53,217.05,9109385
2024-10-31,JNJ,Healthcare,216.93,217.64,216.15,217.52,9627114
2024-11-01,JNJ,Healthcare,218.03,219.56,217.95,218.54,6828995
2024-11-04,JNJ,Healthcare,221.46,222.4,219.33,220.85,10511784
2024-11-05,JNJ,Healthcare,224.07,225.88,221.37,222.67,13294577
2024-11-06,JNJ,Healthcare,220.13,221.19,219.32,220.6,11045843
2024-11-07,JNJ,Healthcare,221.99,223.16,219.73,220.72,13026382
2024-11-08,JNJ,Healthcare,220.7,222.34,220.63,221.79,10858494
2024-11-11,JNJ,Healthcare,223.3,223.65,222.98,223.05,11412271
2024-11-12,JNJ,Healthcare,219.76,221.24,217.98,219.22,6268002
2024-11-13,JNJ,Healthcare,217.41,217.49,215.64,216.86,12468174
2024-11-14,JNJ,Healthcare,217.82,219.53,217.14,218.5,5016886
2024-11-15,JNJ,Healthcare,221.23,221.4,219.27,220.11,7386979
2024-11-18,JNJ,Healthcare,222.68,225.73,222.67,224.08,12332662
2024-11-19,JNJ,Healthcare,220.8,221.13,220.11,220.33,16393592
2024-11-20,JNJ,Healthcare,222.55,223.49,220.6,222.57,14661853
2024-11-21,JNJ,Healthcare,222.44,224.56,222.06,223.56,10169710
2024-11-22,JNJ,Healthcare,220.98,221.29,220.18,221.05,9764370
2024-11-25,JNJ,Healthcare,218.4,219.65,215.99,216.82,11508895
2024-11-26,JNJ,Healthcare,219.2,219.34,218.16,219.13,12165253
2024-11-27,JNJ,Healthcare,217.43,218.23,214.96,216.83,16128599
2024-11-28,JNJ,Healthcare,214.15,215.31,213.39,213.76,11561528
2024-11-29,JNJ,Healthcare,215.26,216.77,214.73,214.9,18065231
2024-12-02,JNJ,Healthcare,215.23,215.5,212.67,214.94,13579521
2024-12-03,JNJ,Healthcare,216.04,216.45,215.44,216.37,9967362
2024-12-04,JNJ,Healthcare,217.55,218.34,215.85,217.46,10914937
2024-12-05,JNJ,Healthcare,225.63,226.16,224.96,225.53,5585666
2024-12-06,JNJ,Healthcare,226.67,228.45,226.01,227.39,8894785
2024-12-09,JNJ,Healthcare,228.88,229.74,228.18,229.12,7314601
2024-12-10,JNJ,Healthcare,228.01,228.69,225.72,226.96,15860976
2024-12-11,JNJ,Healthcare,229.14,231.28,228.55,230.94,14636252
2024-12-12,JNJ,Healthcare,229.16,230.79,227.72,229.72,9408224
2024-12-13,JNJ,Healthcare,228.18,228.44,226.29,227.49,18451334
2024-12-16,JNJ,Healthcare,227.52,228.3,225.75,227.04,4481999
2024-12-17,JNJ,Healthcare,227.52,229.03,226.71,228.21,9510103
2024-12-18,JNJ,Healthcare,227.06,228.4,226.7,227.12,13891148
2024-12-19,JNJ,Healthcare,225.54,226.65,224.0,225.0,12017843
2024-12-20,JNJ,Healthcare,223.09,223.34,222.23,222.85,6729656
2024-12-23,JNJ,Healthcare,222.91,223.74,222.27,223.42,12047152
2024-12-24,JNJ,Healthcare,225.02,225.33,224.52,224.87,14926676
2024-12-25,JNJ,Healthcare,226.52,227.53,226.01,226.53,14683483
2024-12-26,JNJ,Healthcare,223.91,224.48,222.62,222.72,10881379
2024-12-27,JNJ,Healthcare,220.42,221.25,219.54,220.76,6973747
2024-12-30,JNJ,Healthcare,224.28,224.43,220.28,223.09,7970214
2024-12-31,JNJ,Healthcare,222.3,222.64,221.34,222.12,14441016
2025-01-01,JNJ,Healthcare,221.87,223.34,221.3,222.68,13266716
2025-01-02,JNJ,Healthcare,228.13,229.77,228.0,229.18,7142972
2025-01-03,JNJ,Healthcare,222.99,225.57,221.31,223.57,14262831
2025-01-06,JNJ,Healthcare,222.37,224.11,221.81,223.32,13892280
2025-01-07,JNJ,Healthcare,224.76,225.49,224.48,225.13,8101920
2025-01-08,JNJ,Healthcare,223.8,224.69,222.66,222.77,14296522
2025-01-09,JNJ,Healthcare,221.32,223.71,220.85,222.51,13232006
2025-01-10,JNJ,Healthcare,219.85,221.67,218.62,219.64,12057317
2025-01-13,JNJ,Healthcare,222.88,224.07,219.57,221.11,11774215
2025-01-14,JNJ,Healthcare,219.79,220.79,218.63,219.55,10253458
2025-01-15,JNJ,Healthcare,219.07,219.1,218.31,218.57,10199883
2025-01-16,JNJ,Healthcare,220.96,221.93,219.57,220.8,5024487
2025-01-17,JNJ,Healthcare,222.53,223.94,220.56,222.22,6013430
2025-01-20,JNJ,Healthcare,224.37,226.13,223.82,224.67,14658492
2025-01-21,JNJ,Healthcare,229.07,229.46,228.52,229.08,7594776
2025-01-22,JNJ,Healthcare,230.54,230.55,228.93,229.34,12684383
2025-01-23,JNJ,Healthcare,235.48,237.13,234.53,234.75,14522987
2025-01-24,JNJ,Healthcare,235.4,236.03,234.52,235.32,6482749
2025-01-27,JNJ,Healthcare,238.22,239.98,237.48,238.81,5951550
2025-01-28,JNJ,Healthcare,237.43,239.97,236.62,238.81,9406048
2025-01-29,JNJ,Healthcare,242.02,242.6,239.31,241.09,4334735
2025-01-30,JNJ,Healthcare,239.76,240.86,238.86,240.03,9286540
2025-01-31,JNJ,Healthcare,244.45,245.32,242.91,243.64,11682886
2025-02-03,JNJ,Healthcare,247.38,248.04,244.96,246.8,7446313
2025-02-04,JNJ,Healthcare,246.42,247.77,246.19,246.3,6592910
2025-02-05,JNJ,Healthcare,246.56,248.52,245.69,246.8,11835186
2025-02-06,JNJ,Healthcare,245.19,245.57,243.1,244.32,10667659
2025-02-07,JNJ,Healthcare,246.98,249.28,246.36,246.89,15043779
2025-02-10,JNJ,Healthcare,249.65,250.27,247.81,249.25,6718090
2025-02-11,JNJ,Healthcare,246.87,248.75,245.85,245.95,11052913
2025-02-12,JNJ,Healthcare,252.55,252.63,250.68,251.9,11597048
2025-02-13,JNJ,Healthcare,253.19,253.97,252.03,253.08,100000
2025-02-14,JNJ,Healthcare,253.54,253.71,252.07,252.51,3334761
2025-02-17,JNJ,Healthcare,255.38,256.79,254.49,255.92,11748841
2025-02-18,JNJ,Healthcare,254.64,256.16,253.08,254.53,5736213
2025-02-19,JNJ,Healthcare,259.82,261.52,257.3,258.27,3243101
2025-02-20,JNJ,Healthcare,255.12,255.17,254.66,255.01,13253505
2025-02-21,JNJ,Healthcare,254.85,256.1,254.14,254.47,13667662
2025-02-24,JNJ,Healthcare,253.7,254.64,253.08,254.3,17874976
2025-02-25,JNJ,Healthcare,251.75,254.15,249.9,252.86,17126887
2025-02-26,JNJ,Healthcare,249.95,251.1,248.15,250.89,5550947
2025-02-27,JNJ,Healthcare,250.37,251.5,249.36,249.63,13252428
2025-02-28,JNJ,Healthcare,249.1,249.85,246.71,248.24,10472520
2025-03-03,JNJ,Healthcare,246.57,247.46,245.97,247.04,8012438
2025-03-04,JNJ,Healthcare,251.6,252.32,250.21,251.01,9021072
2025-03-05,JNJ,Healthcare,252.94,253.52,251.58,252.29,16702364
2025-03-06,JNJ,Healthcare,252.4,253.07,250.89,252.12,14677232
2025-03-07,JNJ,Healthcare,254.62,256.49,252.05,254.32,13877019
2025-03-10,JNJ,Healthcare,253.92,254.53,253.06,254.14,13836152
2025-03-11,JNJ,Healthcare,252.51,253.78,251.81,252.0,13123642
2025-03-12,JNJ,Healthcare,247.77,248.98,247.31,247.62,2220085
2025-03-13,JNJ,Healthcare,250.55,250.75,250.05,250.39,14600046
2025-03-14,JNJ,Healthcare,242.77,244.6,241.78,244.34,6073758
2025-03-17,JNJ,Healthcare,240.31,241.11,239.99,240.36,7990813
2025-03-18,JNJ,Healthcare,241.66,242.76,240.93,241.77,8487112
2025-03-19,JNJ,Healthcare,241.31,243.63,240.85,241.8,4129998
2025-03-20,JNJ,Healthcare,247.44,248.37,244.56,245.76,17219160
2025-03-21,JNJ,Healthcare,244.27,244.38,242.67,244.1,8664524
2025-03-24,JNJ,Healthcare,247.54,247.92,246.21,246.24,15355601
2025-03-25,JNJ,Healthcare,246.4,246.56,245.6,245.84,7694171
2025-03-26,JNJ,Healthcare,246.94,247.62,246.33,247.4,5928894
2025-03-27,JNJ,Healthcare,248.0,248.43,246.96,247.94,9106890
2025-03-28,JNJ,Healthcare,247.48,250.22,246.28,249.39,9492046
2025-03-31,JNJ,Healthcare,248.18,250.27,247.18,250.06,10090982
2025-04-01,JNJ,Healthcare,251.36,251.92,249.23,250.94,10529219
2025-04-02,JNJ,Healthcare,248.57,250.02,247.51,248.02,9612849
2025-04-03,JNJ,Healthcare,250.64,250.88,246.22,248.3,2593940
2025-04-04,JNJ,Healthcare,250.63,253.37,249.72,250.03,9267736
2025-04-07,JNJ,Healthcare,250.32,251.2,247.16,249.96,14343283
2025-04-08,JNJ,Healthcare,249.25,250.91,248.42,249.76,10971508
2025-04-09,JNJ,Healthcare,245.35,246.51,244.41,244.66,11197868
2025-04-10,JNJ,Healthcare,249.38,249.89,247.46,248.87,5837851
2025-04-11,JNJ,Healthcare,243.5,246.03,243.07,245.2,13543815
2025-04-14,JNJ,Healthcare,243.94,245.01,243.48,243.61,8847859
2025-04-15,JNJ,Healthcare,241.09,242.55,238.43,241.58,14634020
2025-04-16,JNJ,Healthcare,242.42,243.78,240.59,242.44,5394823
2025-04-17,JNJ,Healthcare,244.41,245.24,242.16,243.43,13518366
2025-04-18,JNJ,Healthcare,245.09,247.46,244.72,245.27,8923343
2025-04-21,JNJ,Healthcare,247.66,248.72,247.14,247.25,11970930
2025-04-22,JNJ,Healthcare,252.08,252.82,251.1,252.01,5356352
2025-04-23,JNJ,Healthcare,252.5,252.75,247.45,251.24,11983440
2025-04-24,JNJ,Healthcare,249.33,251.38,248.11,249.02,7295577
2025-04-25,JNJ,Healthcare,247.85,249.78,247.69,248.46,8949464
2025-04-28,JNJ,Healthcare,246.42,246.96,243.63,245.52,8251936
2025-04-29,JNJ,Healthcare,244.92,245.93,242.48,244.66,10938728
2025-04-30,JNJ,Healthcare,239.96,241.75,238.98,240.56,8136884
2025-05-01,JNJ,Healthcare,238.72,239.93,238.35,238.43,8180993
2025-05-02,JNJ,Healthcare,233.83,234.89,232.78,234.07,8714599
2025-05-05,JNJ,Healthcare,237.15,237.36,235.47,237.26,13802038
2025-05-06,JNJ,Healthcare,238.24,239.9,236.94,237.62,14900728
2025-05-07,JNJ,Healthcare,241.68,242.7,240.54,242.61,6969192
2025-05-08,JNJ,Healthcare,247.02,247.8,244.59,245.65,13409547
2025-05-09,JNJ,Healthcare,248.88,249.75,248.44,249.0,9816484
2025-05-12,JNJ,Healthcare,250.15,251.62,248.09,248.69,7160503
2025-05-13,JNJ,Healthcare,250.98,253.03,249.77,250.11,11963120
2025-05-14,JNJ,Healthcare,247.8,248.27,246.88,247.72,12090644
2025-05-15,JNJ,Healthcare,246.75,247.6,244.42,246.35,10530389
2025-05-16,JNJ,Healthcare,246.71,247.16,246.28,246.46,11115045
2025-05-19,JNJ,Healthcare,241.25,243.71,240.21,241.83,6345046
2025-05-20,JNJ,Healthcare,240.43,241.35,238.75,240.55,10229655
2025-05-21,JNJ,Healthcare,242.48,243.53,240.18,242.73,12017164
2025-05-22,JNJ,Healthcare,241.19,242.24,239.53,241.5,10693991
2025-05-23,JNJ,Healthcare,241.19,241.36,239.5,239.61,10598995
2025-05-26,JNJ,Healthcare,238.37,239.01,237.55,238.68,9300881
2025-05-27,JNJ,Healthcare,238.74,241.21,236.5,240.72,9137202
2025-05-28,JNJ,Healthcare,240.57,242.47,238.73,241.75,12472698
2025-05-29,JNJ,Healthcare,242.6,243.44,240.47,241.22,8615169
2025-05-30,JNJ,Healthcare,241.57,241.6,241.28,241.34,9587993
2025-06-02,JNJ,Healthcare,243.88,245.27,242.83,243.7,7290213
2025-06-03,JNJ,Healthcare,247.07,247.64,246.06,247.28,3280415
2025-06-04,JNJ,Healthcare,245.75,247.61,244.98,246.06,6274583
2025-06-05,JNJ,Healthcare,247.12,247.13,245.85,245.92,3228232
2025-06-06,JNJ,Healthcare,249.48,249.57,247.94,249.36,10844403
2025-06-09,JNJ,Healthcare,250.54,251.11,250.51,250.87,8786602
2025-06-10,JNJ,Healthcare,247.28,247.37,246.57,247.08,8575857
2025-06-11,JNJ,Healthcare,243.87,245.49,242.32,244.73,14043859
2025-06-12,JNJ,Healthcare,243.46,244.83,241.99,242.49,11612479
2025-06-13,JNJ,Healthcare,241.51,242.21,241.14,241.45,10865418
2025-06-16,JNJ,Healthcare,242.57,243.14,241.81,242.51,10867985
2025-06-17,JNJ,Healthcare,247.72,247.96,245.82,247.61,4151327
2025-06-18,JNJ,Healthcare,246.67,248.2,246.38,247.47,11490709
2025-06-19,JNJ,Healthcare,249.89,250.12,248.73,249.34,12838923
2025-06-20,JNJ,Healthcare,252.54,253.04,251.76,252.53,12920778
2025-06-23,JNJ,Healthcare,256.92,258.86,255.24,256.74,14212877
2025-06-24,JNJ,Healthcare,262.22,262.39,259.49,260.02,13691748
2025-06-25,JNJ,Healthcare,257.75,257.98,256.63,257.97,12757345
2025-06-26,JNJ,Healthcare,252.7,254.04,252.68,253.93,8917039
2025-06-27,JNJ,Healthcare,250.79,254.21,249.97,252.25,12508338
2025-06-30,JNJ,Healthcare,253.04,253.06,251.82,252.8,11779396
2025-07-01,JNJ,Healthcare,249.32,253.46,249.06,250.81,8511857
2025-07-02,JNJ,Healthcare,247.23,247.4,244.62,246.41,8503888
2025-07-03,JNJ,Healthcare,243.58,243.85,241.71,243.19,9771463
2025-07-04,JNJ,Healthcare,252.02,253.21,250.85,251.31,10213454
2025-07-07,JNJ,Healthcare,251.83,254.26,250.41,250.78,9173227
2025-07-08,JNJ,Healthcare,254.07,256.35,252.35,255.83,1939048
2025-07-09,JNJ,Healthcare,255.02,255.58,254.75,255.25,11454279
2025-07-10,JNJ,Healthcare,256.8,259.58,256.77,257.55,15260974
2025-07-11,JNJ,Healthcare,255.8,258.17,255.03,257.23,9688543
2025-07-14,JNJ,Healthcare,256.42,259.41,255.59,257.33,12922872
2025-07-15,JNJ,Healthcare,259.82,260.39,258.34,259.61,10327857
2025-07-16,JNJ,Healthcare,257.42,259.4,255.99,258.54,3706276
2025-07-17,JNJ,Healthcare,255.8,257.48,254.31,255.23,11989627
2025-07-18,JNJ,Healthcare,252.66,253.77,250.16,253.05,10659287
2025-07-21,JNJ,Healthcare,250.54,251.64,250.51,250.87,10752700
2025-07-22,JNJ,Healthcare,250.65,252.96,249.85,251.18,13824026
2025-07-23,JNJ,Healthcare,245.93,246.57,244.97,246.02,12976851
2025-07-24,JNJ,Healthcare,246.76,248.03,246.73,246.92,9447341
2025-07-25,JNJ,Healthcare,252.36,252.84,248.7,250.44,14689573
2025-07-28,JNJ,Healthcare,249.15,249.63,247.21,249.12,7315264
2025-07-29,JNJ,Healthcare,247.94,248.27,246.99,247.4,3045392
2025-07-30,JNJ,Healthcare,253.21,254.43,250.86,252.83,11891477
2025-07-31,JNJ,Healthcare,258.14,260.05,256.44,257.01,13395510
2025-08-01,JNJ,Healthcare,259.51,259.97,256.83,258.29,10390910
2025-08-04,JNJ,Healthcare,256.58,257.29,256.07,256.25,12120387
2025-08-05,JNJ,Healthcare,257.38,258.23,256.52,257.98,18082655
2025-08-06,JNJ,Healthcare,253.47,257.42,253.18,255.2,14076761
2025-08-07,JNJ,Healthcare,252.53,254.26,250.76,251.56,9693305
2025-08-08,JNJ,Healthcare,252.85,253.29,251.38,252.89,10240030
2025-08-11,JNJ,Healthcare,250.3,252.34,248.56,251.64,9682008
2025-08-12,JNJ,Healthcare,246.66,247.38,245.68,246.12,9511017
2025-08-13,JNJ,Healthcare,247.9,248.46,246.9,247.78,18830164
2025-08-14,JNJ,Healthcare,251.94,252.76,250.08,251.84,9126441
2025-08-15,JNJ,Healthcare,253.52,254.88,252.92,253.75,10127119
2025-08-18,JNJ,Healthcare,252.01,255.32,251.45,252.43,17892850
2025-08-19,JNJ,Healthcare,247.78,248.48,246.53,246.57,8921511
2025-08-20,JNJ,Healthcare,246.91,248.11,246.43,247.04,11847115
2025-08-21,JNJ,Healthcare,245.61,245.88,245.27,245.34,13693145
2025-08-22,JNJ,Healthcare,242.77,244.47,240.8,242.98,12942056
2025-08-25,JNJ,Healthcare,238.24,238.94,237.48,237.85,12234837
2025-08-26,JNJ,Healthcare,243.57,245.45,242.17,242.84,8837439
2025-08-27,JNJ,Healthcare,240.88,242.82,237.4,239.98,7259295
2025-08-28,JNJ,Healthcare,236.36,236.43,234.4,235.25,11499417
2025-08-29,JNJ,Healthcare,240.52,242.17,238.97,239.71,10478136
2025-09-01,JNJ,Healthcare,240.32,240.33,239.26,239.87,6423305
2025-09-02,JNJ,Healthcare,240.15,240.85,238.92,239.61,12097847
2025-09-03,JNJ,Healthcare,241.25,242.75,238.52,240.5,1898041
2025-09-04,JNJ,Healthcare,243.1,244.54,240.58,241.73,9463693
2025-09-05,JNJ,Healthcare,241.05,242.78,240.05,242.37,9663585
2025-09-08,JNJ,Healthcare,238.65,239.01,238.02,238.43,11473201
2025-09-09,JNJ,Healthcare,235.16,236.82,234.13,234.35,17244142
2025-09-10,JNJ,Healthcare,233.22,234.48,231.26,232.55,8396812
2025-09-11,JNJ,Healthcare,232.42,232.93,229.39,231.31,9679999
2025-09-12,JNJ,Healthcare,228.96,231.54,228.37,230.47,11074228
2025-09-15,JNJ,Healthcare,231.9,232.61,229.92,231.12,9153956
2025-09-16,JNJ,Healthcare,230.54,230.81,230.21,230.48,4178046
2025-09-17,JNJ,Healthcare,227.96,229.24,224.86,228.83,12882513
2025-09-18,JNJ,Healthcare,228.85,230.59,228.25,229.9,8520543
2025-09-19,JNJ,Healthcare,232.54,233.3,231.46,231.77,8969630
2025-09-22,JNJ,Healthcare,230.61,230.85,228.73,229.78,1724287
2025-09-23,JNJ,Healthcare,226.47,228.04,226.37,226.4,13152023
2025-09-24,JNJ,Healthcare,228.22,229.16,226.39,226.92,10171138
2025-09-25,JNJ,Healthcare,225.21,226.91,225.14,225.94,10972163
2025-09-26,JNJ,Healthcare,228.55,228.63,227.27,228.09,10290884
2025-09-29,JNJ,Healthcare,225.05,225.79,224.06,225.69,6195490
2025-09-30,JNJ,Healthcare,221.64,222.81,220.89,222.76,10639909
2025-10-01,JNJ,Healthcare,221.51,223.6,220.61,221.28,6215046
2025-10-02,JNJ,Healthcare,222.6,223.26,222.06,222.62,16761916
2025-10-03,JNJ,Healthcare,222.06,222.94,221.68,221.82,12806529
2025-10-06,JNJ,Healthcare,221.98,222.23,220.6,221.68,11099407
2025-10-07,JNJ,Healthcare,222.2,223.14,219.43,220.54,9872749
2025-10-08,JNJ,Healthcare,223.36,223.41,222.4,223.07,13458440
2025-10-09,JNJ,Healthcare,223.32,225.59,222.83,224.33,8328246
2025-10-10,JNJ,Healthcare,220.2,221.42,219.94,220.64,8079098
2025-10-13,JNJ,Healthcare,222.58,224.66,221.76,222.9,5957546
2025-10-14,JNJ,Healthcare,224.21,225.07,223.67,224.41,15151661
2025-10-15,JNJ,Healthcare,227.94,228.47,227.14,227.16,10403084
2025-10-16,JNJ,Healthcare,224.31,227.12,224.14,225.91,9886204
2025-10-17,JNJ,Healthcare,224.03,224.48,221.91,223.65,12433006
2025-10-20,JNJ,Healthcare,223.65,224.26,222.47,223.51,9996745
2025-10-21,JNJ,Healthcare,224.91,225.79,223.05,223.99,12102178
2025-10-22,JNJ,Healthcare,226.7,227.24,224.71,226.98,11972251
2025-10-23,JNJ,Healthcare,228.8,229.67,226.93,228.64,10255797
2025-10-24,JNJ,Healthcare,229.89,230.22,228.68,229.08,15776846
2025-10-27,JNJ,Healthcare,229.89,230.32,228.66,228.83,4929794
2025-10-28,JNJ,Healthcare,228.47,229.23,227.61,228.94,11438055
2025-10-29,JNJ,Healthcare,229.46,230.99,227.78,228.02,13393682
2025-10-30,JNJ,Healthcare,229.24,231.28,227.67,229.8,13884979
2025-10-31,JNJ,Healthcare,226.57,227.32,225.99,226.2,6345484
2025-11-03,JNJ,Healthcare,225.47,227.87,224.71,226.29,14962332
2025-11-04,JNJ,Healthcare,227.33,230.81,227.31,228.96,11590533
2025-11-05,JNJ,Healthcare,225.07,227.48,224.87,226.17,14717340
2025-11-06,JNJ,Healthcare,232.01,233.37,230.42,231.08,9757056
2025-11-07,JNJ,Healthcare,227.95,229.31,227.62,228.41,14460701
2025-11-10,JNJ,Healthcare,228.05,229.78,225.87,227.22,14025055
2025-11-11,JNJ,Healthcare,229.57,230.2,229.45,229.85,12791952
2025-11-12,JNJ,Healthcare,233.31,234.09,233.24,233.59,8931200
2025-11-13,JNJ,Healthcare,234.73,237.53,233.88,234.59,9602436
2025-11-14,JNJ,Healthcare,234.99,236.1,234.15,235.51,13159619
2025-11-17,JNJ,Healthcare,240.21,241.3,239.38,240.22,9925106
2025-11-18,JNJ,Healthcare,235.48,237.54,235.31,236.68,10604840
2025-11-19,JNJ,Healthcare,231.91,233.02,231.55,232.26,9650741
2025-11-20,JNJ,Healthcare,226.5,228.49,225.9,227.42,11463651
2025-11-21,JNJ,Healthcare,223.38,225.4,223.15,225.36,8245042
2025-11-24,JNJ,Healthcare,224.21,224.92,223.23,223.66,14345591
2025-11-25,JNJ,Healthcare,223.9,225.11,223.83,224.66,8232128
2025-11-26,JNJ,Healthcare,227.77,228.29,225.92,227.22,7093487
2025-11-27,JNJ,Healthcare,231.18,233.24,229.47,229.56,14744389
2025-11-28,JNJ,Healthcare,231.55,232.89,231.37,231.86,5788655
2025-12-01,JNJ,Healthcare,226.81,229.76,226.53,229.49,15422608
2025-12-02,JNJ,Healthcare,230.56,231.57,230.07,230.53,9280776
2025-12-03,JNJ,Healthcare,229.54,232.03,228.73,228.74,9049914
2025-12-04,JNJ,Healthcare,231.36,231.9,229.8,230.32,13916980
2025-12-05,JNJ,Healthcare,229.37,230.65,228.93,230.5,14008232
2025-12-08,JNJ,Healthcare,233.34,233.58,231.75,232.82,14346533
2025-12-09,JNJ,Healthcare,238.93,240.68,237.31,238.98,12134814
2025-12-10,JNJ,Healthcare,237.96,240.92,236.98,238.97,10521661
2025-12-11,JNJ,Healthcare,236.27,237.02,233.81,236.14,11226066
2025-12-12,JNJ,Healthcare,231.4,232.1,231.28,231.98,11492704
2025-12-15,JNJ,Healthcare,230.95,231.5,229.29,229.76,4387781
2025-12-16,JNJ,Healthcare,232.38,232.95,231.89,232.53,12056723
2025-12-17,JNJ,Healthcare,233.71,235.18,233.38,233.84,9764901
2025-12-18,JNJ,Healthcare,234.6,235.19,233.83,234.51,11102741
2025-12-19,JNJ,Healthcare,235.39,237.35,234.56,235.57,12530266
2025-12-22,JNJ,Healthcare,237.36,239.62,236.52,237.5,8138978
2025-12-23,JNJ,Healthcare,233.3,233.54,232.62,233.51,11528998
2025-12-24,JNJ,Healthcare,237.02,237.34,235.85,236.12,11789384
2025-12-25,JNJ,Healthcare,237.39,238.73,236.36,237.2,5663566
2025-12-26,JNJ,Healthcare,233.43,233.53,231.22,233.52,9308354
2025-12-29,JNJ,Healthcare,233.69,234.9,233.18,234.45,10251281
2025-12-30,JNJ,Healthcare,231.0,232.13,230.13,231.16,9267243
2025-12-31,JNJ,Healthcare,232.13,233.65,231.84,232.53,6600567
2024-01-26,JPM,Financials,145.5,146.18,144.41,145.0,27021890
2024-01-29,JPM,Financials,143.73,144.8,142.11,143.05,62374701
2024-01-30,JPM,Financials,145.24,145.98,144.24,144.37,31812304
2024-01-31,JPM,Financials,139.87,140.86,138.35,138.52,47586404
2024-02-01,JPM,Financials,133.69,134.7,132.88,134.48,14887908
2024-02-02,JPM,Financials,141.9,142.72,140.95,141.37,34070312
2024-02-05,JPM,Financials,139.09,140.98,138.22,139.94,33424289
2024-02-06,JPM,Financials,144.04,145.02,141.79,143.3,27569269
2024-02-07,JPM,Financials,142.73,145.55,142.22,143.23,33265205
2024-02-08,JPM,Financials,141.94,143.24,141.86,142.02,30913684
2024-02-09,JPM,Financials,143.98,144.95,143.31,143.58,45182016
2024-02-12,JPM,Financials,143.74,143.92,143.64,143.84,26806271
2024-02-13,JPM,Financials,143.12,144.77,141.28,143.51,56686785
2024-02-14,JPM,Financials,142.57,144.79,141.49,143.48,38113564
2024-02-15,JPM,Financials,142.52,145.01,141.23,144.46,48918155
2024-02-16,JPM,Financials,142.6,143.34,142.08,142.95,48317185
2024-02-19,JPM,Financials,141.56,142.13,141.05,141.92,19439356
2024-02-20,JPM,Financials,139.63,140.04,138.5,139.78,44632790
2024-02-21,JPM,Financials,137.47,138.08,136.48,137.15,11129674
2024-02-22,JPM,Financials,141.6,142.2,140.48,141.28,20385929
2024-02-23,JPM,Financials,139.12,140.71,138.67,139.31,22516776
2024-02-26,JPM,Financials,142.05,142.21,139.69,141.61,44840019
2024-02-27,JPM,Financials,142.31,144.68,139.76,140.87,109769
2024-02-28,JPM,Financials,142.12,143.07,142.02,142.17,54136110
2024-02-29,JPM,Financials,142.8,144.36,141.18,142.24,31267709
2024-03-01,JPM,Financials,138.28,139.05,138.03,138.24,37189168
2024-03-04,JPM,Financials,138.32,139.56,138.02,138.37,24526163
2024-03-05,JPM,Financials,139.2,140.37,137.95,139.79,33838191
2024-03-06,JPM,Financials,138.6,138.86,137.66,137.72,35943886
2024-03-07,JPM,Financials,142.21,143.7,142.03,142.91,39857553
2024-03-08,JPM,Financials,145.5,145.59,143.59,144.84,56852412
2024-03-11,JPM,Financials,147.38,148.54,145.89,146.82,21760043
2024-03-12,JPM,Financials,149.45,150.73,148.8,149.08,46226765
2024-03-13,JPM,Financials,144.56,144.8,142.99,143.59,40484240
2024-03-14,JPM,Financials,144.54,145.45,144.53,145.29,36044872
2024-03-15,JPM,Financials,150.72,151.52,149.95,150.65,26882774
2024-03-18,JPM,Financials,151.38,152.9,150.51,152.56,46546783
2024-03-19,JPM,Financials,151.81,152.79,151.09,152.0,44541595
2024-03-20,JPM,Financials,149.52,151.19,149.34,149.37,33128497
2024-03-21,JPM,Financials,146.27,148.01,145.65,146.55,35057466
2024-03-22,JPM,Financials,143.86,145.55,143.15,143.5,6614023
2024-03-25,JPM,Financials,142.99,143.14,141.99,142.66,41462770
2024-03-26,JPM,Financials,140.83,141.68,140.03,140.3,55215969
2024-03-27,JPM,Financials,139.55,140.09,137.2,140.03,17521963
2024-03-28,JPM,Financials,140.67,141.77,139.34,140.56,37351385
2024-03-29,JPM,Financials,136.52,137.6,135.46,136.77,41880802
2024-04-01,JPM,Financials,134.74,135.36,134.68,135.16,33193613
2024-04-02,JPM,Financials,134.29,134.33,133.87,133.98,31860480
2024-04-03,JPM,Financials,132.8,132.99,131.91,132.75,31948967
2024-04-04,JPM,Financials,132.19,132.89,131.69,132.86,46221557
2024-04-05,JPM,Financials,133.63,134.41,133.19,133.2,44536416
2024-04-08,JPM,Financials,132.25,132.98,131.33,132.36,47285190
2024-04-09,JPM,Financials,131.57,131.75,130.36,131.01,100000
2024-04-10,JPM,Financials,131.87,132.0,130.91,131.03,32317849
2024-04-11,JPM,Financials,135.02,135.94,132.86,134.13,41450088
2024-04-12,JPM,Financials,131.46,131.74,129.98,131.07,48256566
2024-04-15,JPM,Financials,133.71,134.88,133.35,133.51,31060188
2024-04-16,JPM,Financials,130.96,132.56,130.09,130.1,26810902
2024-04-17,JPM,Financials,131.43,131.64,130.41,130.92,33098099
2024-04-18,JPM,Financials,134.18,134.78,132.77,133.18,30175099
2024-04-19,JPM,Financials,130.26,130.78,129.64,130.43,48101799
2024-04-22,JPM,Financials,131.59,131.68,131.12,131.23,47838815
2024-04-23,JPM,Financials,129.68,131.92,128.88,129.11,33544235
2024-04-24,JPM,Financials,132.01,132.07,130.99,131.59,22658734
2024-04-25,JPM,Financials,128.45,129.19,127.08,128.29,68426453
2024-04-26,JPM,Financials,127.25,127.25,125.86,126.53,34170731
2024-04-29,JPM,Financials,126.91,127.27,125.64,126.86,30335674
2024-04-30,JPM,Financials,128.72,129.78,128.03,128.37,41200959
2024-05-01,JPM,Financials,129.06,129.68,128.27,128.63,55009610
2024-05-02,JPM,Financials,130.44,130.61,127.86,129.72,68394463
2024-05-03,JPM,Financials,128.63,128.9,128.2,128.64,41196503
2024-05-06,JPM,Financials,126.7,127.47,125.72,126.47,32420064
2024-05-07,JPM,Financials,130.76,130.95,129.35,129.5,24404729
2024-05-08,JPM,Financials,130.92,131.78,129.87,130.6,33104152
2024-05-09,JPM,Financials,129.87,131.26,128.76,129.65,26410784
2024-05-10,JPM,Financials,124.74,126.53,124.1,126.29,22524147
2024-05-13,JPM,Financials,128.82,129.04,128.73,128.82,29461704
2024-05-14,JPM,Financials,132.31,132.44,130.76,131.5,48090320
2024-05-15,JPM,Financials,130.31,132.19,129.49,131.11,54107821
2024-05-16,JPM,Financials,129.69,130.2,129.62,129.79,35325636
2024-05-17,JPM,Financials,128.92,129.78,128.61,129.32,21494981
2024-05-20,JPM,Financials,129.37,129.42,128.7,128.95,22254945
2024-05-21,JPM,Financials,129.88,132.23,129.36,130.61,44179833
2024-05-22,JPM,Financials,128.4,130.68,126.83,128.3,45116967
2024-05-23,JPM,Financials,126.7,127.19,125.77,127.17,59668347
2024-05-24,JPM,Financials,126.31,127.29,125.72,126.86,37425475
2024-05-27,JPM,Financials,128.29,129.76,127.13,127.45,41220607
2024-05-28,JPM,Financials,129.34,130.15,127.28,129.29,53763627
2024-05-29,JPM,Financials,130.12,131.43,128.99,130.0,37444355
2024-05-30,JPM,Financials,133.92,135.22,132.9,133.71,57725043
2024-05-31,JPM,Financials,131.52,132.95,131.51,131.66,40702671
2024-06-03,JPM,Financials,134.79,135.27,134.55,134.81,53971958
2024-06-04,JPM,Financials,131.35,133.88,130.74,132.82,22662760
2024-06-05,JPM,Financials,133.01,134.08,131.55,132.05,28275465
2024-06-06,JPM,Financials,133.79,135.15,131.12,132.94,27678882
2024-06-07,JPM,Financials,135.35,135.89,134.42,135.52,60928288
2024-06-10,JPM,Financials,135.24,136.3,133.68,134.73,38706639
2024-06-11,JPM,Financials,135.99,136.23,134.64,135.65,50103800
2024-06-12,JPM,Financials,135.12,135.94,133.43,135.04,44130631
2024-06-13,JPM,Financials,131.68,132.53,130.01,130.15,50549682
2024-06-14,JPM,Financials,129.34,130.54,128.63,130.14,48946666
2024-06-17,JPM,Financials,128.43,128.56,126.93,127.62,30760028
2024-06-18,JPM,Financials,129.89,131.1,129.8,130.28,43724973
2024-06-19,JPM,Financials,133.33,133.34,132.97,133.02,35362405
2024-06-20,JPM,Financials,130.49,131.44,130.0,131.31,19235588
2024-06-21,JPM,Financials,129.53,130.03,129.11,129.3,47200724
2024-06-24,JPM,Financials,127.48,128.14,126.0,128.06,55926626
2024-06-25,JPM,Financials,128.38,129.65,127.28,129.22,33413465
2024-06-26,JPM,Financials,129.65,130.99,129.08,130.4,28334297
2024-06-27,JPM,Financials,137.23,137.96,137.05,137.58,12284021
2024-06-28,JPM,Financials,136.85,138.54,136.07,136.97,28967407
2024-07-01,JPM,Financials,136.46,137.78,135.41,137.24,51439230
2024-07-02,JPM,Financials,140.71,142.01,139.42,141.56,42894760
2024-07-03,JPM,Financials,142.61,143.04,142.08,142.28,52152702
2024-07-04,JPM,Financials,140.1,141.22,139.47,139.88,51808217
2024-07-05,JPM,Financials,140.94,141.04,140.22,140.72,51544739
2024-07-08,JPM,Financials,143.51,144.67,141.06,142.38,31831308
2024-07-09,JPM,Financials,141.33,141.82,141.3,141.67,54633296
2024-07-10,JPM,Financials,144.36,144.85,142.24,143.55,14895175
2024-07-11,JPM,Financials,145.42,146.24,145.18,145.25,60798225
2024-07-12,JPM,Financials,143.51,145.38,142.9,144.26,27453791
2024-07-15,JPM,Financials,148.29,148.69,146.45,147.92,47760549
2024-07-16,JPM,Financials,144.91,147.14,143.4,146.14,39040229
2024-07-17,JPM,Financials,147.37,149.18,146.38,147.24,54768682
2024-07-18,JPM,Financials,146.1,147.02,145.78,145.9,43949136
2024-07-19,JPM,Financials,142.5,142.94,141.58,142.03,24514168
2024-07-22,JPM,Financials,142.2,143.93,142.18,142.91,21395189
2024-07-23,JPM,Financials,147.1,148.25,146.13,147.4,29976219
2024-07-24,JPM,Financials,147.4,147.64,146.88,147.35,46426385
2024-07-25,JPM,Financials,144.32,145.37,143.83,143.91,29867838
2024-07-26,JPM,Financials,144.02,144.78,143.67,144.5,29149899
2024-07-29,JPM,Financials,142.37,143.3,142.19,142.68,18404399
2024-07-30,JPM,Financials,145.37,146.0,144.62,145.16,60889096
2024-07-31,JPM,Financials,144.72,146.16,144.44,144.7,37199672
2024-08-01,JPM,Financials,140.98,141.21,139.77,140.68,22450811
2024-08-02,JPM,Financials,141.45,142.4,140.42,141.9,27065002
2024-08-05,JPM,Financials,142.9,144.4,141.76,142.44,53038713
2024-08-06,JPM,Financials,142.5,143.26,141.53,141.84,38196676
2024-08-07,JPM,Financials,139.27,139.75,139.21,139.55,45492585
2024-08-08,JPM,Financials,143.91,144.06,143.57,143.62,41923942
2024-08-09,JPM,Financials,143.12,144.51,141.67,142.66,50509081
2024-08-12,JPM,Financials,144.74,145.17,144.49,144.78,33041667
2024-08-13,JPM,Financials,144.17,145.19,143.76,143.78,39537062
2024-08-14,JPM,Financials,145.7,145.91,144.95,145.43,29104972
2024-08-15,JPM,Financials,144.97,147.92,144.69,145.63,34051361
2024-08-16,JPM,Financials,146.24,147.74,145.26,145.77,23676005
2024-08-19,JPM,Financials,143.06,145.39,142.11,143.92,36050326
2024-08-20,JPM,Financials,144.53,146.56,144.26,145.21,24453539
2024-08-21,JPM,Financials,148.06,150.46,147.65,148.55,48268781
2024-08-22,JPM,Financials,146.75,146.84,145.76,146.17,39572951
2024-08-23,JPM,Financials,144.42,144.94,144.18,144.3,27402415
2024-08-26,JPM,Financials,151.05,151.5,149.82,151.18,6446492
2024-08-27,JPM,Financials,148.16,150.55,147.87,148.83,46287617
2024-08-28,JPM,Financials,146.08,148.54,144.82,147.59,33824000
2024-08-29,JPM,Financials,152.69,153.14,149.3,150.93,33159753
2024-08-30,JPM,Financials,155.44,157.5,154.32,154.43,29530905
2024-09-02,JPM,Financials,147.57,148.8,147.49,148.51,62276748
2024-09-03,JPM,Financials,149.47,150.46,147.74,150.41,30964234
2024-09-04,JPM,Financials,150.24,150.73,149.45,150.02,41464524
2024-09-05,JPM,Financials,150.15,150.2,148.73,149.74,12810383
2024-09-06,JPM,Financials,152.21,152.74,150.99,152.61,35119687
2024-09-09,JPM,Financials,151.69,152.21,151.43,151.84,46728105
2024-09-10,JPM,Financials,152.11,154.24,150.58,150.67,40693576
2024-09-11,JPM,Financials,151.11,151.26,149.33,149.98,21938905
2024-09-12,JPM,Financials,149.0,150.32,148.31,149.22,34769967
2024-09-13,JPM,Financials,148.99,152.05,147.79,150.13,38797883
2024-09-16,JPM,Financials,153.76,154.15,152.03,153.38,29791635
2024-09-17,JPM,Financials,155.06,156.13,153.31,154.51,7615908
2024-09-18,JPM,Financials,154.12,155.57,153.97,154.56,10716187
2024-09-19,JPM,Financials,154.47,158.16,153.85,156.0,37943119
2024-09-20,JPM,Financials,158.3,158.45,157.02,158.03,28343752
2024-09-23,JPM,Financials,159.71,159.95,158.5,159.57,52670793
2024-09-24,JPM,Financials,157.61,158.98,157.5,157.95,57214074
2024-09-25,JPM,Financials,158.31,160.21,157.39,159.11,38099653
2024-09-26,JPM,Financials,154.93,156.51,151.52,153.8,39582794
2024-09-27,JPM,Financials,155.22,158.45,154.11,157.65,35888670
2024-09-30,JPM,Financials,161.66,161.74,160.78,161.6,41901545
2024-10-01,JPM,Financials,163.8,164.96,163.68,163.98,25431545
2024-10-02,JPM,Financials,166.1,169.33,164.71,167.34,30568941
2024-10-03,JPM,Financials,167.5,169.41,166.62,167.22,28407031
2024-10-04,JPM,Financials,165.2,165.34,163.2,165.3,56350725
2024-10-07,JPM,Financials,162.56,164.07,161.89,162.08,40212905
2024-10-08,JPM,Financials,164.54,166.14,163.27,164.78,43175505
2024-10-09,JPM,Financials,162.9,162.9,161.31,162.88,23947886
2024-10-10,JPM,Financials,162.26,162.81,161.77,161.99,35068032
2024-10-11,JPM,Financials,162.13,163.67,160.45,162.66,34534687
2024-10-14,JPM,Financials,163.13,164.85,162.62,162.65,39983305
2024-10-15,JPM,Financials,162.65,164.91,162.25,163.42,35111304
2024-10-16,JPM,Financials,158.66,160.58,157.63,158.78,24227624
2024-10-17,JPM,Financials,158.09,158.88,156.61,158.27,22642534
2024-10-18,JPM,Financials,160.1,161.86,159.62,160.44,44952454
2024-10-21,JPM,Financials,158.61,159.81,158.44,159.42,25471402
2024-10-22,JPM,Financials,156.04,157.82,154.69,157.3,37155301
2024-10-23,JPM,Financials,160.84,161.03,159.01,159.79,52678895
2024-10-24,JPM,Financials,158.95,159.93,157.7,158.79,49635667
2024-10-25,JPM,Financials,160.16,160.45,158.52,159.34,35815227
2024-10-28,JPM,Financials,159.35,159.59,158.28,158.89,49297911
2024-10-29,JPM,Financials,158.48,160.15,158.44,158.97,32200312
2024-10-30,JPM,Financials,163.56,164.68,161.88,162.94,53647084
2024-10-31,JPM,Financials,164.52,164.59,163.71,164.52,29487636
2024-11-01,JPM,Financials,161.08,162.88,161.0,161.39,19556269
2024-11-04,JPM,Financials,160.71,161.56,160.49,160.52,55119902
2024-11-05,JPM,Financials,160.14,161.21,158.98,159.54,39283636
2024-11-06,JPM,Financials,158.9,160.52,157.1,160.18,49440446
2024-11-07,JPM,Financials,163.3,163.83,161.89,162.59,38569869
2024-11-08,JPM,Financials,162.36,163.83,162.01,162.76,45297647
2024-11-11,JPM,Financials,162.88,164.4,162.05,162.85,44793446
2024-11-12,JPM,Financials,155.91,157.41,154.85,157.12,34069855
2024-11-13,JPM,Financials,160.0,160.92,158.91,160.53,42456319
2024-11-14,JPM,Financials,160.96,162.61,160.13,160.19,48717698
2024-11-15,JPM,Financials,162.1,163.7,160.57,160.93,49577957
2024-11-18,JPM,Financials,161.53,162.62,159.93,161.68,24314479
2024-11-19,JPM,Financials,158.48,159.83,157.57,159.77,20335964
2024-11-20,JPM,Financials,159.43,160.29,159.23,159.23,15880366
2024-11-21,JPM,Financials,157.63,157.68,157.18,157.34,29434427
2024-11-22,JPM,Financials,160.97,161.5,158.44,160.9,37832567
2024-11-25,JPM,Financials,156.39,156.75,155.16,155.26,38293970
2024-11-26,JPM,Financials,152.08,153.28,150.14,152.98,25410609
2024-11-27,JPM,Financials,152.35,153.51,150.87,152.27,33387682
2024-11-28,JPM,Financials,156.11,157.1,154.67,156.0,41558084
2024-11-29,JPM,Financials,157.22,158.02,156.76,157.85,41948078
2024-12-02,JPM,Financials,154.2,155.08,153.45,153.79,38588355
2024-12-03,JPM,Financials,154.95,156.47,151.92,153.59,32708928
2024-12-04,JPM,Financials,155.87,156.19,154.74,155.44,42575153
2024-12-05,JPM,Financials,161.87,162.36,160.5,161.06,82411774
2024-12-06,JPM,Financials,161.19,162.16,159.91,160.27,28436483
2024-12-09,JPM,Financials,157.11,158.41,156.11,157.32,22791961
2024-12-10,JPM,Financials,158.62,158.95,157.43,158.21,22498933
2024-12-11,JPM,Financials,159.28,159.64,156.81,158.19,19919978
2024-12-12,JPM,Financials,159.16,160.19,158.56,159.44,50819542
2024-12-13,JPM,Financials,160.13,161.52,158.67,161.29,53381950
2024-12-16,JPM,Financials,162.48,164.92,161.56,162.2,49686506
2024-12-17,JPM,Financials,163.69,164.51,162.74,163.65,38715269
2024-12-18,JPM,Financials,167.85,169.92,166.75,168.02,32344784
2024-12-19,JPM,Financials,167.91,167.93,167.25,167.33,23827651
2024-12-20,JPM,Financials,164.16,165.54,163.97,164.14,17197487
2024-12-23,JPM,Financials,164.06,165.67,163.82,165.05,35451213
2024-12-24,JPM,Financials,161.28,162.27,160.97,161.75,34023858
2024-12-25,JPM,Financials,158.29,159.87,158.06,158.93,44146096
2024-12-26,JPM,Financials,156.03,158.67,154.75,156.93,12069642
2024-12-27,JPM,Financials,153.28,154.34,151.98,153.87,34724829
2024-12-30,JPM,Financials,157.15,157.33,156.29,156.83,27568039
2024-12-31,JPM,Financials,155.34,158.02,154.37,157.03,68298961
2025-01-01,JPM,Financials,157.21,159.66,155.23,158.89,58779988
2025-01-02,JPM,Financials,160.65,161.63,159.47,160.27,29355337
2025-01-03,JPM,Financials,160.05,160.26,158.03,159.82,59524449
2025-01-06,JPM,Financials,161.89,163.46,161.53,162.36,18403139
2025-01-07,JPM,Financials,160.65,163.6,160.28,161.19,49139084
2025-01-08,JPM,Financials,160.68,161.4,160.65,160.84,33011106
2025-01-09,JPM,Financials,157.96,160.13,157.25,159.1,31551216
2025-01-10,JPM,Financials,162.77,163.02,162.43,162.75,51009382
2025-01-13,JPM,Financials,161.7,163.15,160.92,162.56,48961637
2025-01-14,JPM,Financials,163.09,164.47,161.3,164.2,35138558
2025-01-15,JPM,Financials,163.14,163.95,161.69,162.76,59765229
2025-01-16,JPM,Financials,165.45,166.0,163.3,165.05,46524292
2025-01-17,JPM,Financials,167.59,169.33,166.85,167.18,23818150
2025-01-20,JPM,Financials,162.39,163.45,161.22,162.92,52838674
2025-01-21,JPM,Financials,164.05,164.26,162.61,163.02,13271271
2025-01-22,JPM,Financials,163.95,165.69,162.74,163.41,34913510
2025-01-23,JPM,Financials,163.05,164.85,162.5,162.71,38891275
2025-01-24,JPM,Financials,166.54,168.06,164.86,166.4,26107147
2025-01-27,JPM,Financials,164.04,164.39,162.69,163.25,29430129
2025-01-28,JPM,Financials,162.05,163.93,161.9,162.16,26383587
2025-01-29,JPM,Financials,160.06,161.86,159.53,160.04,21354818
2025-01-30,JPM,Financials,162.37,162.9,161.66,162.76,49229593
2025-01-31,JPM,Financials,159.37,161.15,159.04,160.17,45122179
2025-02-03,JPM,Financials,154.62,156.16,154.03,155.56,48399744
2025-02-04,JPM,Financials,157.11,158.02,155.37,156.71,32507270
2025-02-05,JPM,Financials,155.56,157.63,153.73,156.45,30556487
2025-02-06,JPM,Financials,158.84,159.94,158.82,159.13,30154377
2025-02-07,JPM,Financials,161.2,162.36,160.14,161.29,26388452
2025-02-10,JPM,Financials,160.38,162.11,159.79,161.26,14440804
2025-02-11,JPM,Financials,158.27,159.02,157.25,157.62,38784130
2025-02-12,JPM,Financials,155.12,155.56,154.63,154.68,30991237
2025-02-13,JPM,Financials,150.67,150.79,148.64,150.38,43872540
2025-02-14,JPM,Financials,149.46,150.58,149.41,150.12,52956793
2025-02-17,JPM,Financials,149.63,150.01,147.73,148.62,22877401
2025-02-18,JPM,Financials,148.45,150.64,147.76,148.27,16094174
2025-02-19,JPM,Financials,148.24,149.35,147.46,148.76,31459444
2025-02-20,JPM,Financials,153.63,154.3,152.28,153.35,43080000
2025-02-21,JPM,Financials,153.41,155.91,153.25,154.86,38277819
2025-02-24,JPM,Financials,155.76,155.8,155.07,155.12,39431057
2025-02-25,JPM,Financials,151.13,151.4,150.04,151.32,35332336
2025-02-26,JPM,Financials,151.44,151.49,150.18,151.46,22284259
2025-02-27,JPM,Financials,154.99,156.15,153.03,153.68,45889733
2025-02-28,JPM,Financials,155.48,156.88,153.64,154.72,39941256
2025-03-03,JPM,Financials,153.92,155.15,151.96,152.21,5580509
2025-03-04,JPM,Financials,151.43,151.78,151.0,151.37,25562761
2025-03-05,JPM,Financials,151.74,152.66,149.81,151.63,55725475
2025-03-06,JPM,Financials,151.19,151.28,150.08,150.72,36136563
2025-03-07,JPM,Financials,150.48,151.32,149.11,149.31,48173288
2025-03-10,JPM,Financials,144.63,145.0,143.35,144.26,42988588
2025-03-11,JPM,Financials,143.15,143.29,142.33,142.56,29417538
2025-03-12,JPM,Financials,142.75,144.68,141.92,143.21,24414466
2025-03-13,JPM,Financials,144.93,146.74,144.79,145.29,39481631
2025-03-14,JPM,Financials,145.73,147.21,145.01,145.54,33566361
2025-03-17,JPM,Financials,148.01,149.16,146.74,148.08,42447833
2025-03-18,JPM,Financials,148.85,149.02,147.81,147.98,51418925
2025-03-19,JPM,Financials,146.32,147.01,145.04,145.98,33745103
2025-03-20,JPM,Financials,144.72,145.77,144.63,144.95,41356924
2025-03-21,JPM,Financials,146.64,147.38,145.82,146.18,53594351
2025-03-24,JPM,Financials,144.96,146.05,144.19,145.63,49414510
2025-03-25,JPM,Financials,144.91,145.24,142.17,144.21,50500351
2025-03-26,JPM,Financials,141.17,141.76,139.81,140.69,23716429
2025-03-27,JPM,Financials,138.88,139.22,138.4,138.75,42323122
2025-03-28,JPM,Financials,138.76,139.14,137.9,137.95,25946742
2025-03-31,JPM,Financials,135.56,137.42,135.54,136.74,37007587
2025-04-01,JPM,Financials,134.04,134.84,133.1,134.68,36411866
2025-04-02,JPM,Financials,138.12,138.3,137.01,138.1,44363195
2025-04-03,JPM,Financials,138.66,140.34,137.73,139.5,34168950
2025-04-04,JPM,Financials,144.22,144.47,143.39,144.47,49211906
2025-04-07,JPM,Financials,141.4,141.55,140.4,140.83,29020103
2025-04-08,JPM,Financials,141.4,142.88,140.53,141.61,47359758
2025-04-09,JPM,Financials,140.91,142.38,140.43,140.7,31795546
2025-04-10,JPM,Financials,140.55,141.11,139.95,140.82,39853925
2025-04-11,JPM,Financials,145.09,145.56,143.9,145.07,60564799
2025-04-14,JPM,Financials,141.89,142.4,140.42,141.1,60053047
2025-04-15,JPM,Financials,140.4,140.92,139.53,139.89,44380061
2025-04-16,JPM,Financials,137.62,138.54,136.65,138.28,13169209
2025-04-17,JPM,Financials,136.27,137.25,135.96,137.1,19104498
2025-04-18,JPM,Financials,132.46,133.52,132.4,132.54,48365856
2025-04-21,JPM,Financials,134.95,136.04,134.22,135.33,41106026
2025-04-22,JPM,Financials,137.49,138.98,136.11,138.27,24622115
2025-04-23,JPM,Financials,140.26,140.69,139.63,139.63,40154656
2025-04-24,JPM,Financials,135.34,138.0,135.26,136.72,27173368
2025-04-25,JPM,Financials,138.05,139.47,136.9,137.4,18867668
2025-04-28,JPM,Financials,139.14,140.32,137.44,139.37,19335614
2025-04-29,JPM,Financials,140.23,141.86,138.79,140.31,41513937
2025-04-30,JPM,Financials,140.37,141.69,140.14,140.28,39198849
2025-05-01,JPM,Financials,143.61,144.12,143.06,143.52,33671276
2025-05-02,JPM,Financials,142.51,142.77,141.86,141.96,18558059
2025-05-05,JPM,Financials,142.67,143.28,140.76,141.65,38640590
2025-05-06,JPM,Financials,142.26,144.29,142.03,143.15,53414357
2025-05-07,JPM,Financials,143.82,144.6,142.2,143.95,30028406
2025-05-08,JPM,Financials,144.43,145.66,143.99,145.31,28698755
2025-05-09,JPM,Financials,147.24,148.05,145.8,146.63,53088351
2025-05-12,JPM,Financials,148.66,148.99,145.93,147.94,43818495
2025-05-13,JPM,Financials,147.07,148.08,146.54,147.15,54676684
2025-05-14,JPM,Financials,144.79,146.03,144.59,145.59,31848108
2025-05-15,JPM,Financials,146.44,147.97,145.71,145.99,33303157
2025-05-16,JPM,Financials,150.04,150.92,149.47,149.59,32510791
2025-05-19,JPM,Financials,148.02,150.36,146.94,149.61,45123860
2025-05-20,JPM,Financials,150.95,151.4,150.94,151.12,25314926
2025-05-21,JPM,Financials,152.61,153.87,149.91,151.48,45108473
2025-05-22,JPM,Financials,156.46,158.1,155.78,156.48,25301772
2025-05-23,JPM,Financials,155.77,156.74,155.01,156.22,34421874
2025-05-26,JPM,Financials,156.6,158.3,155.08,157.81,24525212
2025-05-27,JPM,Financials,156.99,158.18,155.7,156.08,39913491
2025-05-28,JPM,Financials,152.97,154.12,152.62,153.36,17116705
2025-05-29,JPM,Financials,153.61,153.66,152.51,153.43,56387179
2025-05-30,JPM,Financials,156.86,157.56,155.92,156.41,36384456
2025-06-02,JPM,Financials,158.55,158.71,156.45,158.07,33805048
2025-06-03,JPM,Financials,152.51,153.5,151.28,152.88,48177398
2025-06-04,JPM,Financials,153.79,155.39,153.15,154.75,42473318
2025-06-05,JPM,Financials,151.7,151.85,149.88,151.04,24976045
2025-06-06,JPM,Financials,152.62,155.01,151.52,153.15,37804226
2025-06-09,JPM,Financials,153.73,156.01,153.04,154.57,39593818
2025-06-10,JPM,Financials,153.67,156.27,152.33,154.28,30687414
2025-06-11,JPM,Financials,156.83,157.18,156.01,156.15,10792663
2025-06-12,JPM,Financials,156.53,156.75,155.46,155.58,50829028
2025-06-13,JPM,Financials,156.97,158.13,155.78,156.03,23616618
2025-06-16,JPM,Financials,153.25,154.59,150.62,152.52,36758130
2025-06-17,JPM,Financials,151.2,153.18,149.97,151.98,38189694
2025-06-18,JPM,Financials,154.3,155.52,153.95,154.3,18973234
2025-06-19,JPM,Financials,151.53,151.58,150.73,151.1,19990239
2025-06-20,JPM,Financials,152.94,153.56,152.63,153.16,38529293
2025-06-23,JPM,Financials,148.85,149.32,146.53,148.29,49028411
2025-06-24,JPM,Financials,144.89,146.58,144.85,145.55,40252476
2025-06-25,JPM,Financials,144.52,145.39,144.16,144.89,54448821
2025-06-26,JPM,Financials,145.32,146.22,144.43,145.32,33205014
2025-06-27,JPM,Financials,144.23,144.68,143.95,144.07,25675522
2025-06-30,JPM,Financials,142.47,143.43,141.42,142.76,30467475
2025-07-01,JPM,Financials,145.78,146.6,145.18,145.36,31162425
2025-07-02,JPM,Financials,147.26,148.7,146.02,148.21,69082724
2025-07-03,JPM,Financials,147.55,147.6,146.41,147.28,12463843
2025-07-04,JPM,Financials,146.55,148.75,145.23,146.43,50626979
2025-07-07,JPM,Financials,146.0,146.34,143.57,145.83,46116161
2025-07-08,JPM,Financials,150.66,151.76,150.35,151.08,31852989
2025-07-09,JPM,Financials,150.68,151.22,150.14,151.2,37679565
2025-07-10,JPM,Financials,153.97,155.29,152.89,155.08,28229023
2025-07-11,JPM,Financials,157.09,158.7,156.15,156.98,43650287
2025-07-14,JPM,Financials,155.74,158.58,154.54,156.8,30100884
2025-07-15,JPM,Financials,154.67,155.46,153.24,155.26,10893121
2025-07-16,JPM,Financials,156.93,157.41,156.83,157.27,28569305
2025-07-17,JPM,Financials,156.33,157.83,154.25,155.38,42601383
2025-07-18,JPM,Financials,153.64,155.69,153.52,154.5,22979007
2025-07-21,JPM,Financials,156.11,156.91,155.25,156.21,9616999
2025-07-22,JPM,Financials,155.8,157.04,155.52,155.69,29876934
2025-07-23,JPM,Financials,154.64,154.94,154.44,154.79,27129391
2025-07-24,JPM,Financials,155.03,156.86,153.88,154.11,47055395
2025-07-25,JPM,Financials,152.84,153.8,151.71,152.5,23574370
2025-07-28,JPM,Financials,154.11,154.84,153.42,153.67,39768732
2025-07-29,JPM,Financials,155.59,155.9,153.04,153.84,17798371
2025-07-30,JPM,Financials,150.39,150.7,148.26,150.59,27306549
2025-07-31,JPM,Financials,149.7,150.21,148.56,149.49,16547176
2025-08-01,JPM,Financials,149.17,150.05,147.78,148.69,16451623
2025-08-04,JPM,Financials,148.1,148.74,146.55,147.88,31128524
2025-08-05,JPM,Financials,148.73,150.25,148.24,149.37,21718694
2025-08-06,JPM,Financials,147.26,148.13,147.19,147.77,49223155
2025-08-07,JPM,Financials,154.76,154.81,153.99,154.25,13808001
2025-08-08,JPM,Financials,158.72,159.18,156.18,157.75,38899930
2025-08-11,JPM,Financials,162.88,163.51,159.84,161.31,28573447
2025-08-12,JPM,Financials,158.6,159.62,158.22,158.73,18985926
2025-08-13,JPM,Financials,153.66,153.9,152.67,153.66,61121194
2025-08-14,JPM,Financials,152.95,153.75,151.31,152.9,37165104
2025-08-15,JPM,Financials,153.51,154.47,153.37,153.7,21192839
2025-08-18,JPM,Financials,154.62,155.05,153.14,153.39,38498977
2025-08-19,JPM,Financials,152.51,153.91,152.01,152.17,30666608
2025-08-20,JPM,Financials,148.37,149.07,147.43,148.01,57587196
2025-08-21,JPM,Financials,147.36,150.47,145.41,146.49,35463039
2025-08-22,JPM,Financials,145.5,146.94,144.62,146.0,27738684
2025-08-25,JPM,Financials,144.14,146.18,143.18,144.92,40521598
2025-08-26,JPM,Financials,143.87,144.38,143.77,143.84,19753666
2025-08-27,JPM,Financials,142.41,143.33,141.49,142.07,21547009
2025-08-28,JPM,Financials,145.43,146.25,144.8,145.91,38643693
2025-08-29,JPM,Financials,147.66,149.44,145.91,147.64,23171961
2025-09-01,JPM,Financials,149.2,151.68,148.51,149.98,45163919
2025-09-02,JPM,Financials,150.28,151.03,148.63,150.71,26253275
2025-09-03,JPM,Financials,147.24,148.18,145.66,147.57,30604367
2025-09-04,JPM,Financials,150.17,150.6,147.37,149.39,52698729
2025-09-05,JPM,Financials,153.23,154.08,150.99,152.69,55670830
2025-09-08,JPM,Financials,155.84,156.93,155.14,156.42,48465846
2025-09-09,JPM,Financials,157.93,158.55,157.85,158.07,35190520
2025-09-10,JPM,Financials,157.43,159.99,155.96,158.15,41653720
2025-09-11,JPM,Financials,158.52,159.69,156.82,158.23,34651004
2025-09-12,JPM,Financials,160.03,161.84,159.56,159.63,22814516
2025-09-15,JPM,Financials,155.23,156.82,154.86,155.52,49963096
2025-09-16,JPM,Financials,157.1,158.82,156.07,157.19,13770481
2025-09-17,JPM,Financials,154.89,156.23,154.64,156.05,41781042
2025-09-18,JPM,Financials,161.6,163.47,161.53,161.65,49583581
2025-09-19,JPM,Financials,161.57,162.9,160.78,160.96,63453547
2025-09-22,JPM,Financials,161.15,162.24,160.98,161.54,30432228
2025-09-23,JPM,Financials,161.39,162.5,159.91,162.0,34660813
2025-09-24,JPM,Financials,159.27,161.85,157.02,160.29,33556012
2025-09-25,JPM,Financials,161.89,162.69,161.22,161.55,54993978
2025-09-26,JPM,Financials,162.01,163.0,160.55,162.52,62173709
2025-09-29,JPM,Financials,165.48,165.92,164.95,165.27,29903265
2025-09-30,JPM,Financials,166.89,169.88,166.78,167.26,34619279
2025-10-01,JPM,Financials,168.24,168.8,167.02,167.85,36302345
2025-10-02,JPM,Financials,164.45,165.89,162.49,165.74,50681181
2025-10-03,JPM,Financials,164.27,165.24,163.04,163.73,37822148
2025-10-06,JPM,Financials,167.34,170.33,167.0,168.16,26281861
2025-10-07,JPM,Financials,169.36,169.38,167.72,168.48,59306750
2025-10-08,JPM,Financials,174.65,178.73,173.62,174.17,18767429
2025-10-09,JPM,Financials,171.32,172.14,170.93,171.98,39731330
2025-10-10,JPM,Financials,179.03,179.75,177.45,178.1,38968513
2025-10-13,JPM,Financials,176.59,176.95,175.18,175.51,12123462
2025-10-14,JPM,Financials,175.25,175.34,171.1,174.37,31234716
2025-10-15,JPM,Financials,175.77,176.38,174.46,175.7,40969476
2025-10-16,JPM,Financials,178.62,178.97,177.25,178.59,24887200
2025-10-17,JPM,Financials,180.86,182.55,179.81,180.62,32618929
2025-10-20,JPM,Financials,177.16,177.7,174.62,175.19,46627235
2025-10-21,JPM,Financials,173.2,175.42,171.68,173.68,22347885
2025-10-22,JPM,Financials,172.59,173.13,168.26,170.59,18963861
2025-10-23,JPM,Financials,167.73,168.26,166.01,166.91,48734486
2025-10-24,JPM,Financials,166.55,168.35,166.5,166.95,39242917
2025-10-27,JPM,Financials,161.03,161.68,160.69,161.4,24807218
2025-10-28,JPM,Financials,164.38,164.66,163.33,164.06,46432948
2025-10-29,JPM,Financials,165.49,166.59,165.41,166.11,53910806
2025-10-30,JPM,Financials,170.65,171.23,170.17,170.5,35401405
2025-10-31,JPM,Financials,167.64,167.99,167.32,167.68,53473658
2025-11-03,JPM,Financials,164.87,166.97,161.98,165.17,32230564
2025-11-04,JPM,Financials,169.09,170.61,167.02,168.03,33878438
2025-11-05,JPM,Financials,171.39,172.79,168.98,171.16,25548975
2025-11-06,JPM,Financials,174.73,175.05,174.61,174.94,28032514
2025-11-07,JPM,Financials,179.45,180.55,177.89,178.26,31310900
2025-11-10,JPM,Financials,179.89,180.43,177.18,178.98,37818411
2025-11-11,JPM,Financials,178.81,178.94,177.68,177.76,52013868
2025-11-12,JPM,Financials,181.84,183.65,178.93,179.94,43909162
2025-11-13,JPM,Financials,178.33,179.1,177.29,178.76,41189051
2025-11-14,JPM,Financials,179.54,181.79,179.11,179.16,41687112
2025-11-17,JPM,Financials,178.09,178.57,176.56,178.16,26516510
2025-11-18,JPM,Financials,179.9,179.9,178.62,179.01,29438454
2025-11-19,JPM,Financials,182.68,185.37,181.67,182.66,59435354
2025-11-20,JPM,Financials,180.81,182.83,180.3,181.74,55179347
2025-11-21,JPM,Financials,180.37,181.8,180.13,180.38,23279562
2025-11-24,JPM,Financials,179.59,180.52,178.52,180.16,26490501
2025-11-25,JPM,Financials,176.92,177.17,175.25,176.86,41451499
2025-11-26,JPM,Financials,178.51,179.66,177.61,178.83,29463680
2025-11-27,JPM,Financials,179.79,180.75,177.74,179.26,26220014
2025-11-28,JPM,Financials,179.56,179.77,178.09,179.25,47879511
2025-12-01,JPM,Financials,179.76,182.25,176.44,180.29,25252903
2025-12-02,JPM,Financials,177.3,178.72,175.32,176.13,31630662
2025-12-03,JPM,Financials,179.77,181.71,178.68,180.17,48901728
2025-12-04,JPM,Financials,179.2,179.52,177.24,178.77,37684410
2025-12-05,JPM,Financials,175.83,178.75,175.54,177.79,19262480
2025-12-08,JPM,Financials,181.75,183.84,179.73,180.35,43474563
2025-12-09,JPM,Financials,181.12,182.25,179.22,182.21,137196
2025-12-10,JPM,Financials,187.16,188.87,186.39,188.13,37260214
2025-12-11,JPM,Financials,185.41,186.61,184.69,185.32,24553680
2025-12-12,JPM,Financials,181.57,183.33,181.48,182.64,29105706
2025-12-15,JPM,Financials,178.96,180.04,178.39,179.24,19406012
2025-12-16,JPM,Financials,180.2,180.51,179.34,179.72,44374893
2025-12-17,JPM,Financials,179.43,179.46,176.29,179.03,20030269
2025-12-18,JPM,Financials,176.64,178.23,176.48,177.14,46057713
2025-12-19,JPM,Financials,177.19,178.75,175.9,177.04,53505000
2025-12-22,JPM,Financials,175.19,176.55,173.51,174.21,35853052
2025-12-23,JPM,Financials,178.09,180.77,176.94,178.61,45423098
2025-12-24,JPM,Financials,177.4,177.64,175.79,176.71,48444479
2025-12-25,JPM,Financials,175.32,176.13,174.69,175.19,42605826
2025-12-26,JPM,Financials,169.14,170.07,167.12,168.59,29904653
2025-12-29,JPM,Financials,162.74,165.03,162.52,164.24,41890185
2025-12-30,JPM,Financials,161.63,164.24,160.39,162.78,46269718
2025-12-31,JPM,Financials,162.16,162.36,161.79,162.07,28272166
2024-01-26,KO,Consumer Staples,59.92,60.33,59.89,60.0,57377026
2024-01-29,KO,Consumer Staples,59.87,60.22,59.87,60.12,56156376
2024-01-30,KO,Consumer Staples,60.65,60.81,60.43,60.56,35543382
2024-01-31,KO,Consumer Staples,60.46,60.61,59.59,60.19,15118772
2024-02-01,KO,Consumer Staples,59.62,59.71,59.51,59.64,43031724
2024-02-02,KO,Consumer Staples,59.82,59.92,59.49,59.63,25431936
2024-02-05,KO,Consumer Staples,60.4,60.64,60.38,60.49,47708687
2024-02-06,KO,Consumer Staples,60.09,60.12,59.64,59.99,33276792
2024-02-07,KO,Consumer Staples,59.65,60.16,59.49,59.78,32725641
2024-02-08,KO,Consumer Staples,59.38,59.43,59.1,59.17,25791800
2024-02-09,KO,Consumer Staples,58.94,58.95,58.75,58.8,49531339
2024-02-12,KO,Consumer Staples,58.81,58.99,58.66,58.77,52618611
2024-02-13,KO,Consumer Staples,58.78,58.91,58.57,58.72,35215260
2024-02-14,KO,Consumer Staples,57.23,57.76,56.96,57.3,40192698
2024-02-15,KO,Consumer Staples,57.31,57.51,57.08,57.21,23040608
2024-02-16,KO,Consumer Staples,58.19,58.25,57.92,58.15,37848505
2024-02-19,KO,Consumer Staples,58.42,58.56,57.74,58.25,64737007
2024-02-20,KO,Consumer Staples,58.39,58.57,57.97,58.16,45072020
2024-02-21,KO,Consumer Staples,58.24,58.35,57.72,57.89,45689812
2024-02-22,KO,Consumer Staples,57.29,57.62,57.2,57.44,51464532
2024-02-23,KO,Consumer Staples,57.4,57.64,57.11,57.52,39032419
2024-02-26,KO,Consumer Staples,57.49,57.85,57.47,57.79,15759117
2024-02-27,KO,Consumer Staples,58.57,58.74,58.52,58.72,38730947
2024-02-28,KO,Consumer Staples,58.41,58.76,58.22,58.36,36321842
2024-02-29,KO,Consumer Staples,58.98,59.47,58.92,59.08,48209042
2024-03-01,KO,Consumer Staples,59.8,59.84,59.7,59.78,40016089
2024-03-04,KO,Consumer Staples,59.41,59.59,59.31,59.59,24787870
2024-03-05,KO,Consumer Staples,59.35,59.69,59.12,59.23,49283893
2024-03-06,KO,Consumer Staples,58.41,58.72,58.3,58.5,32137521
2024-03-07,KO,Consumer Staples,58.36,58.55,58.16,58.55,29554911
2024-03-08,KO,Consumer Staples,58.42,58.43,58.15,58.43,54204493
2024-03-11,KO,Consumer Staples,59.11,59.14,58.94,59.02,40501961
2024-03-12,KO,Consumer Staples,59.15,59.39,59.13,59.24,28313798
2024-03-13,KO,Consumer Staples,58.09,58.42,57.8,58.22,26004433
2024-03-14,KO,Consumer Staples,58.41,58.5,57.92,58.21,24178800
2024-03-15,KO,Consumer Staples,58.42,58.58,58.21,58.4,64840272
2024-03-18,KO,Consumer Staples,58.25,58.42,58.11,58.31,62225771
2024-03-19,KO,Consumer Staples,58.86,59.31,58.56,58.81,52859460
2024-03-20,KO,Consumer Staples,58.4,58.56,58.33,58.55,41257752
2024-03-21,KO,Consumer Staples,59.15,59.34,59.09,59.12,39503255
2024-03-22,KO,Consumer Staples,58.7,59.03,58.65,58.86,52519200
2024-03-25,KO,Consumer Staples,58.79,59.16,58.54,58.72,64538047
2024-03-26,KO,Consumer Staples,59.9,60.25,59.68,59.78,28978712
2024-03-27,KO,Consumer Staples,58.77,59.45,58.75,59.1,43987184
2024-03-28,KO,Consumer Staples,58.98,59.43,58.64,59.18,61157789
2024-03-29,KO,Consumer Staples,59.14,59.75,58.93,59.4,23312912
2024-04-01,KO,Consumer Staples,59.09,59.25,59.07,59.1,28331356
2024-04-02,KO,Consumer Staples,59.33,59.55,59.15,59.38,48217523
2024-04-03,KO,Consumer Staples,59.85,60.08,59.75,59.81,43440887
2024-04-04,KO,Consumer Staples,59.97,60.15,59.82,59.99,42987602
2024-04-05,KO,Consumer Staples,60.29,60.42,60.01,60.13,25054632
2024-04-08,KO,Consumer Staples,60.53,60.62,60.41,60.44,48781176
2024-04-09,KO,Consumer Staples,59.88,60.1,59.83,60.07,55171800
2024-04-10,KO,Consumer Staples,59.67,59.77,59.64,59.76,33487850
2024-04-11,KO,Consumer Staples,59.95,60.16,59.92,60.04,65881304
2024-04-12,KO,Consumer Staples,59.86,59.98,59.85,59.87,36482116
2024-04-15,KO,Consumer Staples,59.87,60.04,59.86,59.88,38579680
2024-04-16,KO,Consumer Staples,58.51,58.76,58.29,58.55,34487322
2024-04-17,KO,Consumer Staples,59.17,59.22,58.63,58.93,38021517
2024-04-18,KO,Consumer Staples,59.55,59.89,59.43,59.67,59277042
2024-04-19,KO,Consumer Staples,60.12,60.44,59.82,60.03,54569055
2024-04-22,KO,Consumer Staples,60.35,61.0,60.16,60.47,40790865
2024-04-23,KO,Consumer Staples,61.17,61.19,61.01,61.01,62312906
2024-04-24,KO,Consumer Staples,60.96,61.07,60.92,60.94,43138099
2024-04-25,KO,Consumer Staples,60.02,60.59,59.73,60.49,40181496
2024-04-26,KO,Consumer Staples,60.73,60.89,60.35,60.8,47596116
2024-04-29,KO,Consumer Staples,61.45,61.54,61.18,61.42,41217406
2024-04-30,KO,Consumer Staples,60.86,61.28,60.69,60.85,57464459
2024-05-01,KO,Consumer Staples,61.23,61.82,60.88,61.28,28125987
2024-05-02,KO,Consumer Staples,61.39,61.7,61.23,61.47,12694571
2024-05-03,KO,Consumer Staples,61.48,61.65,61.34,61.44,39124714
2024-05-06,KO,Consumer Staples,61.13,61.55,61.06,61.33,50163374
2024-05-07,KO,Consumer Staples,61.53,61.75,61.15,61.51,53568311
2024-05-08,KO,Consumer Staples,60.93,61.25,60.73,61.19,39171917
2024-05-09,KO,Consumer Staples,62.61,63.01,62.1,62.89,36911823
2024-05-10,KO,Consumer Staples,62.05,62.25,61.79,62.17,21831628
2024-05-13,KO,Consumer Staples,60.66,61.03,60.43,60.78,57069190
2024-05-14,KO,Consumer Staples,61.03,61.1,60.71,60.97,43732638
2024-05-15,KO,Consumer Staples,60.87,61.06,60.79,61.05,32380616
2024-05-16,KO,Consumer Staples,61.38,61.53,60.99,61.38,48766439
2024-05-17,KO,Consumer Staples,60.2,60.24,59.45,59.83,47115184
2024-05-20,KO,Consumer Staples,58.92,58.95,58.81,58.88,47057868
2024-05-21,KO,Consumer Staples,58.45,58.82,58.14,58.67,50915436
2024-05-22,KO,Consumer Staples,59.26,59.57,58.98,59.17,26758152
2024-05-23,KO,Consumer Staples,58.41,58.63,57.99,58.23,43867555
2024-05-24,KO,Consumer Staples,58.49,58.53,58.38,58.5,48656624
2024-05-27,KO,Consumer Staples,58.39,58.41,58.37,58.4,41387206
2024-05-28,KO,Consumer Staples,58.3,58.67,58.08,58.52,50003358
2024-05-29,KO,Consumer Staples,58.62,58.83,58.23,58.53,52771602
2024-05-30,KO,Consumer Staples,58.56,58.59,58.51,58.55,44560603
2024-05-31,KO,Consumer Staples,58.68,58.7,58.17,58.57,50732771
2024-06-03,KO,Consumer Staples,59.28,59.56,58.94,59.19,53517073
2024-06-04,KO,Consumer Staples,59.42,59.99,59.14,59.24,37725271
2024-06-05,KO,Consumer Staples,59.82,59.85,59.65,59.81,50221440
2024-06-06,KO,Consumer Staples,59.5,59.77,59.29,59.61,28402865
2024-06-07,KO,Consumer Staples,60.1,60.26,59.78,60.24,32401477
2024-06-10,KO,Consumer Staples,60.08,60.21,59.94,60.14,48422774
2024-06-11,KO,Consumer Staples,60.06,60.12,59.98,60.05,100000
2024-06-12,KO,Consumer Staples,59.42,59.46,59.09,59.13,70922211
2024-06-13,KO,Consumer Staples,58.56,59.17,58.4,58.68,47271950
2024-06-14,KO,Consumer Staples,58.44,58.62,57.99,58.34,23991375
2024-06-17,KO,Consumer Staples,57.59,57.78,57.08,57.42,39747539
2024-06-18,KO,Consumer Staples,57.09,57.1,56.88,57.0,57409400
2024-06-19,KO,Consumer Staples,57.48,57.51,57.27,57.39,51911809
2024-06-20,KO,Consumer Staples,57.87,58.05,57.56,57.83,44633727
2024-06-21,KO,Consumer Staples,57.08,57.16,56.75,56.98,18197793
2024-06-24,KO,Consumer Staples,58.13,58.53,57.58,57.87,44485875
2024-06-25,KO,Consumer Staples,58.25,58.4,58.14,58.33,29677550
2024-06-26,KO,Consumer Staples,59.51,59.52,59.27,59.46,42029638
2024-06-27,KO,Consumer Staples,60.01,60.25,59.62,60.08,3940713
2024-06-28,KO,Consumer Staples,60.87,61.21,60.79,61.14,2660936
2024-07-01,KO,Consumer Staples,61.4,61.48,61.37,61.4,13587137
2024-07-02,KO,Consumer Staples,61.43,61.44,60.74,61.0,42734628
2024-07-03,KO,Consumer Staples,61.43,61.71,60.85,61.18,39193453
2024-07-04,KO,Consumer Staples,59.97,60.13,59.66,59.98,52043396
2024-07-05,KO,Consumer Staples,59.7,60.16,59.53,59.93,52010123
2024-07-08,KO,Consumer Staples,60.03,60.3,59.81,59.93,31904070
2024-07-09,KO,Consumer Staples,60.45,60.8,60.32,60.49,31924264
2024-07-10,KO,Consumer Staples,60.83,60.96,60.21,60.63,46889273
2024-07-11,KO,Consumer Staples,60.49,60.53,60.34,60.42,37181456
2024-07-12,KO,Consumer Staples,59.86,60.15,59.68,59.69,17039160
2024-07-15,KO,Consumer Staples,59.38,59.48,59.22,59.32,30258164
2024-07-16,KO,Consumer Staples,59.19,59.37,59.17,59.23,62958091
2024-07-17,KO,Consumer Staples,58.81,59.01,58.55,58.89,35628448
2024-07-18,KO,Consumer Staples,57.47,57.61,57.43,57.53,36424610
2024-07-19,KO,Consumer Staples,57.45,57.84,57.42,57.56,32838765
2024-07-22,KO,Consumer Staples,57.3,57.42,57.0,57.35,38462567
2024-07-23,KO,Consumer Staples,56.99,57.52,56.97,57.13,39366769
2024-07-24,KO,Consumer Staples,57.25,57.51,57.23,57.24,51751597
2024-07-25,KO,Consumer Staples,57.23,57.3,57.0,57.04,58596469
2024-07-26,KO,Consumer Staples,57.63,57.78,57.53,57.62,31377436
2024-07-29,KO,Consumer Staples,57.13,57.49,56.58,57.27,31315236
2024-07-30,KO,Consumer Staples,56.66,57.09,56.38,56.88,30518093
2024-07-31,KO,Consumer Staples,56.94,57.22,56.48,56.52,62345617
2024-08-01,KO,Consumer Staples,56.54,56.7,56.45,56.64,30979996
2024-08-02,KO,Consumer Staples,56.56,56.94,56.52,56.75,47597840
2024-08-05,KO,Consumer Staples,56.45,56.83,56.35,56.5,59103008
2024-08-06,KO,Consumer Staples,56.42,56.86,56.24,56.52,25798665
2024-08-07,KO,Consumer Staples,56.65,56.81,56.61,56.74,5992026
2024-08-08,KO,Consumer Staples,56.96,57.19,56.58,57.08,44129518
2024-08-09,KO,Consumer Staples,56.93,57.14,56.84,57.05,35474380
2024-08-12,KO,Consumer Staples,56.59,56.79,56.49,56.68,21111697
2024-08-13,KO,Consumer Staples,56.14,56.49,55.92,56.31,29097204
2024-08-14,KO,Consumer Staples,56.61,56.82,56.41,56.47,43956197
2024-08-15,KO,Consumer Staples,56.77,57.29,56.74,56.87,45142741
2024-08-16,KO,Consumer Staples,56.87,57.2,56.61,56.98,43281147
2024-08-19,KO,Consumer Staples,56.82,57.07,56.64,56.81,36762447
2024-08-20,KO,Consumer Staples,56.55,56.66,56.38,56.55,58598935
2024-08-21,KO,Consumer Staples,56.82,57.08,56.55,56.99,45506579
2024-08-22,KO,Consumer Staples,56.41,56.48,56.26,56.39,46450962
2024-08-23,KO,Consumer Staples,56.21,56.21,55.91,56.18,37072247
2024-08-26,KO,Consumer Staples,56.94,57.25,56.87,56.94,39929704
2024-08-27,KO,Consumer Staples,57.66,57.71,57.41,57.57,44389596
2024-08-28,KO,Consumer Staples,57.57,58.08,57.52,57.7,27457787
2024-08-29,KO,Consumer Staples,57.42,57.64,57.19,57.48,79809226
2024-08-30,KO,Consumer Staples,57.15,57.57,57.05,57.38,29308511
2024-09-02,KO,Consumer Staples,57.54,57.63,57.12,57.45,20831574
2024-09-03,KO,Consumer Staples,58.66,58.72,58.51,58.57,48238583
2024-09-04,KO,Consumer Staples,58.87,59.2,58.64,59.15,47555940
2024-09-05,KO,Consumer Staples,59.59,59.96,59.48,59.65,67727434
2024-09-06,KO,Consumer Staples,59.71,59.96,59.4,59.6,35257958
2024-09-09,KO,Consumer Staples,59.38,59.57,59.03,59.37,50208173
2024-09-10,KO,Consumer Staples,59.49,59.51,59.12,59.29,32950040
2024-09-11,KO,Consumer Staples,59.86,59.92,59.76,59.86,39386827
2024-09-12,KO,Consumer Staples,60.49,60.92,60.07,60.76,49003254
2024-09-13,KO,Consumer Staples,59.99,60.59,59.74,60.33,53665649
2024-09-16,KO,Consumer Staples,59.32,59.34,58.9,59.12,30649288
2024-09-17,KO,Consumer Staples,59.11,59.36,58.89,59.01,48221400
2024-09-18,KO,Consumer Staples,59.5,59.91,59.28,59.61,100000
2024-09-19,KO,Consumer Staples,59.21,59.4,59.03,59.33,35038893
2024-09-20,KO,Consumer Staples,59.56,59.61,59.19,59.61,46302080
2024-09-23,KO,Consumer Staples,58.96,59.47,58.96,59.04,11187043
2024-09-24,KO,Consumer Staples,58.69,59.03,58.32,58.91,48009015
2024-09-25,KO,Consumer Staples,58.4,58.77,58.37,58.52,17458538
2024-09-26,KO,Consumer Staples,58.62,58.91,58.21,58.48,29395475
2024-09-27,KO,Consumer Staples,58.69,58.84,58.12,58.61,53630360
2024-09-30,KO,Consumer Staples,59.39,59.4,58.93,59.01,32753192
2024-10-01,KO,Consumer Staples,58.74,58.85,58.61,58.82,4193309
2024-10-02,KO,Consumer Staples,58.14,58.47,58.13,58.25,42004421
2024-10-03,KO,Consumer Staples,57.36,57.55,57.02,57.48,60924988
2024-10-04,KO,Consumer Staples,58.13,58.31,57.7,58.07,56039030
2024-10-07,KO,Consumer Staples,57.45,58.04,57.15,57.68,33818637
2024-10-08,KO,Consumer Staples,58.12,58.3,57.91,57.98,38872732
2024-10-09,KO,Consumer Staples,57.54,57.55,57.16,57.18,33619597
2024-10-10,KO,Consumer Staples,58.36,58.51,57.8,58.02,24384876
2024-10-11,KO,Consumer Staples,59.23,59.52,58.91,59.5,24175400
2024-10-14,KO,Consumer Staples,59.88,60.07,59.39,59.71,19843856
2024-10-15,KO,Consumer Staples,59.42,59.72,59.07,59.59,41782242
2024-10-16,KO,Consumer Staples,60.69,60.82,60.36,60.39,49093439
2024-10-17,KO,Consumer Staples,59.87,60.6,59.81,60.15,41088547
2024-10-18,KO,Consumer Staples,60.53,60.83,60.13,60.21,50831117
2024-10-21,KO,Consumer Staples,58.8,59.03,58.61,58.74,52790760
2024-10-22,KO,Consumer Staples,58.82,59.07,58.63,58.73,23909247
2024-10-23,KO,Consumer Staples,59.28,59.6,59.16,59.38,36099255
2024-10-24,KO,Consumer Staples,59.02,59.17,58.77,59.16,39835055
2024-10-25,KO,Consumer Staples,58.88,58.98,58.8,58.96,34898058
2024-10-28,KO,Consumer Staples,58.64,58.9,58.42,58.76,59145089
2024-10-29,KO,Consumer Staples,59.74,59.86,59.38,59.83,38279106
2024-10-30,KO,Consumer Staples,59.75,60.09,59.52,59.98,19391991
2024-10-31,KO,Consumer Staples,59.89,60.23,59.53,60.04,53226806
2024-11-01,KO,Consumer Staples,59.89,60.28,59.63,59.85,15524996
2024-11-04,KO,Consumer Staples,60.59,60.67,60.33,60.43,62031350
2024-11-05,KO,Consumer Staples,60.06,60.25,59.89,60.03,30506473
2024-11-06,KO,Consumer Staples,60.68,60.89,60.67,60.74,47578460
2024-11-07,KO,Consumer Staples,60.28,61.12,59.81,60.71,35455205
2024-11-08,KO,Consumer Staples,61.15,61.75,61.15,61.38,43983036
2024-11-11,KO,Consumer Staples,61.03,61.46,60.69,61.21,66386767
2024-11-12,KO,Consumer Staples,61.76,62.22,61.6,61.69,45364972
2024-11-13,KO,Consumer Staples,61.99,62.5,61.58,62.03,28927500
2024-11-14,KO,Consumer Staples,61.8,62.03,61.54,62.03,48223153
2024-11-15,KO,Consumer Staples,62.6,63.16,62.11,62.82,36709939
2024-11-18,KO,Consumer Staples,63.51,63.71,63.35,63.59,54815119
2024-11-19,KO,Consumer Staples,63.37,63.53,63.17,63.26,59898552
2024-11-20,KO,Consumer Staples,62.72,62.93,62.67,62.88,35763974
2024-11-21,KO,Consumer Staples,62.91,63.11,62.69,62.78,46018424
2024-11-22,KO,Consumer Staples,62.55,62.72,62.26,62.64,76347592
2024-11-25,KO,Consumer Staples,63.49,63.71,63.17,63.26,46737400
2024-11-26,KO,Consumer Staples,63.21,63.79,62.95,63.5,41717402
2024-11-27,KO,Consumer Staples,62.97,63.2,62.75,63.02,55572142
2024-11-28,KO,Consumer Staples,62.43,62.66,62.23,62.57,48103504
2024-11-29,KO,Consumer Staples,62.46,62.91,62.44,62.67,10229926
2024-12-02,KO,Consumer Staples,63.05,63.28,62.78,63.19,60095163
2024-12-03,KO,Consumer Staples,64.05,64.22,64.0,64.11,50980885
2024-12-04,KO,Consumer Staples,64.54,64.69,63.84,64.25,50930898
2024-12-05,KO,Consumer Staples,64.23,64.31,63.6,64.21,34369712
2024-12-06,KO,Consumer Staples,64.09,64.22,64.08,64.11,45659856
2024-12-09,KO,Consumer Staples,63.5,64.09,63.23,63.73,63364478
2024-12-10,KO,Consumer Staples,63.5,63.9,63.48,63.72,18108153
2024-12-11,KO,Consumer Staples,63.32,63.63,63.22,63.47,64971247
2024-12-12,KO,Consumer Staples,62.98,63.35,62.88,63.27,40754632
2024-12-13,KO,Consumer Staples,63.43,63.78,63.25,63.65,37027643
2024-12-16,KO,Consumer Staples,62.67,63.33,62.66,62.86,49658726
2024-12-17,KO,Consumer Staples,61.93,61.95,61.63,61.8,43732762
2024-12-18,KO,Consumer Staples,61.19,61.39,61.16,61.31,55612230
2024-12-19,KO,Consumer Staples,61.59,61.94,61.45,61.78,37462318
2024-12-20,KO,Consumer Staples,62.13,62.22,61.86,62.01,49518100
2024-12-23,KO,Consumer Staples,62.57,62.71,62.43,62.56,37811123
2024-12-24,KO,Consumer Staples,61.81,61.95,61.44,61.67,56712055
2024-12-25,KO,Consumer Staples,61.95,62.42,61.93,61.99,33815372
2024-12-26,KO,Consumer Staples,61.27,61.38,61.05,61.22,38612340
2024-12-27,KO,Consumer Staples,60.58,60.68,60.41,60.65,37077610
2024-12-30,KO,Consumer Staples,60.07,60.37,59.79,59.98,34394396
2024-12-31,KO,Consumer Staples,59.32,59.49,59.23,59.4,39275470
2025-01-01,KO,Consumer Staples,60.7,60.95,60.68,60.84,47891541
2025-01-02,KO,Consumer Staples,61.03,61.31,60.97,61.17,39691573
2025-01-03,KO,Consumer Staples,60.21,60.77,60.12,60.18,53091787
2025-01-06,KO,Consumer Staples,59.27,59.47,59.01,59.36,18520790
2025-01-07,KO,Consumer Staples,59.51,59.52,59.37,59.44,52994443
2025-01-08,KO,Consumer Staples,59.51,59.7,59.35,59.56,27255492
2025-01-09,KO,Consumer Staples,59.33,59.39,59.01,59.25,100000
2025-01-10,KO,Consumer Staples,60.33,60.41,60.16,60.18,22403812
2025-01-13,KO,Consumer Staples,59.47,59.9,59.41,59.73,44076477
2025-01-14,KO,Consumer Staples,60.25,60.45,60.12,60.27,36068894
2025-01-15,KO,Consumer Staples,60.71,60.79,60.42,60.74,22932887
2025-01-16,KO,Consumer Staples,61.76,62.41,61.61,62.09,39440499
2025-01-17,KO,Consumer Staples,63.21,63.51,63.14,63.49,48888202
2025-01-20,KO,Consumer Staples,64.05,64.63,63.64,63.92,14228487
2025-01-21,KO,Consumer Staples,64.07,64.3,63.68,63.97,22642548
2025-01-22,KO,Consumer Staples,64.27,64.67,64.01,64.21,42128297
2025-01-23,KO,Consumer Staples,64.27,64.65,64.24,64.6,61881307
2025-01-24,KO,Consumer Staples,63.43,63.71,63.26,63.55,42175022
2025-01-27,KO,Consumer Staples,63.08,63.49,62.29,62.73,46571277
2025-01-28,KO,Consumer Staples,63.28,63.38,63.17,63.31,46453122
2025-01-29,KO,Consumer Staples,64.0,64.3,63.87,64.13,56197468
2025-01-30,KO,Consumer Staples,65.23,65.97,64.92,65.02,29600944
2025-01-31,KO,Consumer Staples,64.85,64.97,64.49,64.93,51369992
2025-02-03,KO,Consumer Staples,64.92,65.17,64.58,65.16,49360157
2025-02-04,KO,Consumer Staples,64.8,65.06,64.36,64.92,51711682
2025-02-05,KO,Consumer Staples,66.25,66.41,65.99,66.03,34024132
2025-02-06,KO,Consumer Staples,65.8,66.03,65.54,65.84,60465864
2025-02-07,KO,Consumer Staples,64.94,65.53,64.88,65.41,64548172
2025-02-10,KO,Consumer Staples,65.31,65.44,65.12,65.35,45970183
2025-02-11,KO,Consumer Staples,65.03,65.42,64.86,65.15,27334648
2025-02-12,KO,Consumer Staples,64.97,65.17,64.92,65.15,48746517
2025-02-13,KO,Consumer Staples,65.74,66.02,65.21,65.71,25770041
2025-02-14,KO,Consumer Staples,65.96,66.13,65.59,65.82,52872439
2025-02-17,KO,Consumer Staples,65.7,65.79,65.08,65.51,45084276
2025-02-18,KO,Consumer Staples,65.51,65.65,65.0,65.15,38129694
2025-02-19,KO,Consumer Staples,64.87,64.95,64.74,64.88,39418378
2025-02-20,KO,Consumer Staples,63.67,63.87,63.39,63.77,45420753
2025-02-21,KO,Consumer Staples,64.04,64.68,63.94,64.33,50027706
2025-02-24,KO,Consumer Staples,64.88,65.11,64.51,64.72,25568911
2025-02-25,KO,Consumer Staples,66.09,66.25,65.57,65.66,64226881
2025-02-26,KO,Consumer Staples,65.84,66.01,65.62,65.92,43928453
2025-02-27,KO,Consumer Staples,65.15,65.17,64.94,65.06,36118461
2025-02-28,KO,Consumer Staples,65.4,65.47,65.09,65.19,27020036
2025-03-03,KO,Consumer Staples,65.69,65.77,65.25,65.33,54136467
2025-03-04,KO,Consumer Staples,65.72,66.08,65.36,65.8,32090811
2025-03-05,KO,Consumer Staples,66.76,67.35,66.63,66.9,40139101
2025-03-06,KO,Consumer Staples,66.0,66.49,65.99,66.19,39737882
2025-03-07,KO,Consumer Staples,66.52,66.87,66.42,66.57,31348840
2025-03-10,KO,Consumer Staples,66.52,66.65,66.49,66.5,22126158
2025-03-11,KO,Consumer Staples,67.82,68.21,67.63,68.07,35263033
2025-03-12,KO,Consumer Staples,68.66,68.77,68.38,68.65,37976326
2025-03-13,KO,Consumer Staples,68.43,68.76,68.24,68.53,43123472
2025-03-14,KO,Consumer Staples,69.2,69.57,69.0,69.4,22442725
2025-03-17,KO,Consumer Staples,69.01,69.36,68.53,69.28,53531092
2025-03-18,KO,Consumer Staples,69.71,69.96,69.4,69.75,51142990
2025-03-19,KO,Consumer Staples,69.71,69.87,69.48,69.54,41554362
2025-03-20,KO,Consumer Staples,69.96,69.98,69.38,69.62,24332232
2025-03-21,KO,Consumer Staples,70.29,70.78,70.16,70.46,35938848
2025-03-24,KO,Consumer Staples,69.71,70.48,69.62,70.26,45921589
2025-03-25,KO,Consumer Staples,68.45,68.78,68.34,68.38,26918299
2025-03-26,KO,Consumer Staples,67.95,68.14,67.69,67.95,45710953
2025-03-27,KO,Consumer Staples,68.87,69.24,68.78,68.9,20634382
2025-03-28,KO,Consumer Staples,70.12,70.18,69.84,69.92,31671206
2025-03-31,KO,Consumer Staples,69.6,69.8,69.31,69.5,48971846
2025-04-01,KO,Consumer Staples,68.59,68.8,68.54,68.54,33060492
2025-04-02,KO,Consumer Staples,68.52,68.68,67.92,68.29,42762818
2025-04-03,KO,Consumer Staples,68.6,69.46,68.55,68.92,59965147
2025-04-04,KO,Consumer Staples,69.05,69.09,68.64,68.82,34911399
2025-04-07,KO,Consumer Staples,67.67,67.93,67.49,67.63,54737523
2025-04-08,KO,Consumer Staples,68.13,68.36,67.46,68.01,28110981
2025-04-09,KO,Consumer Staples,68.47,68.97,68.47,68.68,20173545
2025-04-10,KO,Consumer Staples,69.52,69.72,69.11,69.69,33925956
2025-04-11,KO,Consumer Staples,68.56,68.86,68.24,68.44,29347041
2025-04-14,KO,Consumer Staples,69.23,69.51,69.07,69.18,36538545
2025-04-15,KO,Consumer Staples,69.42,69.56,69.19,69.33,53000643
2025-04-16,KO,Consumer Staples,68.98,69.1,68.9,68.96,22792276
2025-04-17,KO,Consumer Staples,68.01,68.16,67.59,67.97,59602909
2025-04-18,KO,Consumer Staples,66.7,66.92,66.66,66.87,58310613
2025-04-21,KO,Consumer Staples,66.32,66.66,66.08,66.45,39365998
2025-04-22,KO,Consumer Staples,65.84,66.46,65.62,65.99,37197760
2025-04-23,KO,Consumer Staples,66.22,66.48,65.82,65.97,20272709
2025-04-24,KO,Consumer Staples,67.09,67.2,66.8,66.88,35906783
2025-04-25,KO,Consumer Staples,66.52,67.23,66.29,66.87,49696970
2025-04-28,KO,Consumer Staples,65.54,66.11,65.46,65.98,14913460
2025-04-29,KO,Consumer Staples,65.36,65.69,65.1,65.41,32984310
2025-04-30,KO,Consumer Staples,66.13,66.21,65.58,65.64,34056303
2025-05-01,KO,Consumer Staples,65.3,65.46,64.73,65.24,8917388
2025-05-02,KO,Consumer Staples,65.03,65.24,65.01,65.2,16507912
2025-05-05,KO,Consumer Staples,65.88,65.93,65.68,65.91,33234520
2025-05-06,KO,Consumer Staples,66.2,66.45,66.2,66.33,24537688
2025-05-07,KO,Consumer Staples,66.21,66.54,65.64,66.04,37374642
2025-05-08,KO,Consumer Staples,65.45,65.51,65.17,65.49,53661437
2025-05-09,KO,Consumer Staples,67.0,67.0,66.61,66.69,10617204
2025-05-12,KO,Consumer Staples,66.23,66.47,66.02,66.31,31474380
2025-05-13,KO,Consumer Staples,67.67,68.12,67.55,67.77,25977191
2025-05-14,KO,Consumer Staples,68.94,69.02,68.71,68.79,54859174
2025-05-15,KO,Consumer Staples,68.62,68.84,68.36,68.77,28059423
2025-05-16,KO,Consumer Staples,67.68,68.22,67.45,68.05,27245124
2025-05-19,KO,Consumer Staples,68.03,68.31,67.98,68.11,25879593
2025-05-20,KO,Consumer Staples,68.68,69.07,68.62,68.96,56858050
2025-05-21,KO,Consumer Staples,68.77,69.06,68.58,68.76,51091742
2025-05-22,KO,Consumer Staples,67.9,68.25,67.88,67.98,29580067
2025-05-23,KO,Consumer Staples,67.76,67.85,67.4,67.68,66423343
2025-05-26,KO,Consumer Staples,67.93,68.6,67.83,67.95,3704138
2025-05-27,KO,Consumer Staples,68.47,68.48,68.24,68.27,39671228
2025-05-28,KO,Consumer Staples,68.45,68.59,68.34,68.36,41360002
2025-05-29,KO,Consumer Staples,67.57,68.24,67.4,68.11,46139985
2025-05-30,KO,Consumer Staples,68.13,68.5,68.04,68.07,39528403
2025-06-02,KO,Consumer Staples,67.69,68.31,67.6,67.83,31879486
2025-06-03,KO,Consumer Staples,67.58,67.98,67.53,67.95,36372778
2025-06-04,KO,Consumer Staples,68.15,68.56,67.92,68.14,45869568
2025-06-05,KO,Consumer Staples,68.24,68.4,67.94,68.03,12927948
2025-06-06,KO,Consumer Staples,67.38,67.9,67.34,67.55,23862996
2025-06-09,KO,Consumer Staples,68.25,68.37,68.13,68.35,20833531
2025-06-10,KO,Consumer Staples,68.86,68.86,68.18,68.57,24902271
2025-06-11,KO,Consumer Staples,68.96,69.05,68.6,69.05,63247697
2025-06-12,KO,Consumer Staples,68.53,68.82,68.5,68.62,56842606
2025-06-13,KO,Consumer Staples,68.61,68.67,68.33,68.6,54401760
2025-06-16,KO,Consumer Staples,68.35,68.5,67.84,68.17,23496498
2025-06-17,KO,Consumer Staples,69.49,69.76,69.03,69.07,56761228
2025-06-18,KO,Consumer Staples,68.37,68.55,68.23,68.44,53218881
2025-06-19,KO,Consumer Staples,67.77,68.07,67.66,67.85,51341875
2025-06-20,KO,Consumer Staples,67.93,68.38,67.75,67.93,53018141
2025-06-23,KO,Consumer Staples,67.2,67.55,66.9,67.25,50843410
2025-06-24,KO,Consumer Staples,68.13,68.2,67.85,68.14,43887623
2025-06-25,KO,Consumer Staples,67.13,67.47,67.1,67.32,35649356
2025-06-26,KO,Consumer Staples,67.39,68.02,67.16,67.21,35691520
2025-06-27,KO,Consumer Staples,66.99,67.12,66.74,66.99,37194892
2025-06-30,KO,Consumer Staples,67.23,67.45,67.2,67.21,22721523
2025-07-01,KO,Consumer Staples,66.68,66.79,66.29,66.76,30697287
2025-07-02,KO,Consumer Staples,66.94,67.43,66.85,66.95,43139537
2025-07-03,KO,Consumer Staples,66.77,66.91,66.29,66.47,35060253
2025-07-04,KO,Consumer Staples,65.67,65.96,65.24,65.9,62532241
2025-07-07,KO,Consumer Staples,65.92,66.08,65.43,65.8,29117045
2025-07-08,KO,Consumer Staples,65.81,65.92,65.54,65.77,19573879
2025-07-09,KO,Consumer Staples,65.62,65.82,65.38,65.64,48646617
2025-07-10,KO,Consumer Staples,65.3,65.65,64.92,65.45,15319755
2025-07-11,KO,Consumer Staples,66.13,66.76,66.1,66.29,39726485
2025-07-14,KO,Consumer Staples,66.43,66.63,66.26,66.5,22314772
2025-07-15,KO,Consumer Staples,66.54,66.98,66.39,66.68,49410801
2025-07-16,KO,Consumer Staples,67.04,67.45,66.81,67.36,56217430
2025-07-17,KO,Consumer Staples,66.45,67.11,66.2,66.58,37613322
2025-07-18,KO,Consumer Staples,67.64,67.96,66.96,67.86,67264311
2025-07-21,KO,Consumer Staples,67.02,67.17,66.83,66.87,56851827
2025-07-22,KO,Consumer Staples,67.78,67.8,67.61,67.64,55988350
2025-07-23,KO,Consumer Staples,66.89,67.25,66.6,66.66,49155472
2025-07-24,KO,Consumer Staples,66.56,66.96,66.49,66.66,59581152
2025-07-25,KO,Consumer Staples,66.25,66.38,66.2,66.32,64672770
2025-07-28,KO,Consumer Staples,67.4,67.51,67.2,67.27,36930802
2025-07-29,KO,Consumer Staples,67.77,68.0,67.75,67.77,60458066
2025-07-30,KO,Consumer Staples,67.87,68.25,67.21,67.63,32395431
2025-07-31,KO,Consumer Staples,67.66,68.3,67.58,67.99,40340407
2025-08-01,KO,Consumer Staples,67.88,68.49,67.78,68.2,33466503
2025-08-04,KO,Consumer Staples,68.86,68.96,68.66,68.67,33805477
2025-08-05,KO,Consumer Staples,68.69,68.79,68.53,68.58,24048152
2025-08-06,KO,Consumer Staples,68.4,68.78,68.14,68.19,33926240
2025-08-07,KO,Consumer Staples,67.06,67.21,66.79,66.89,57354025
2025-08-08,KO,Consumer Staples,66.65,67.03,66.63,66.72,56398202
2025-08-11,KO,Consumer Staples,66.86,67.14,66.74,66.84,58000380
2025-08-12,KO,Consumer Staples,66.32,66.33,66.24,66.27,56334286
2025-08-13,KO,Consumer Staples,66.44,66.78,66.04,66.26,48271894
2025-08-14,KO,Consumer Staples,67.25,67.27,66.69,66.96,47592368
2025-08-15,KO,Consumer Staples,66.85,67.3,66.66,67.05,31582761
2025-08-18,KO,Consumer Staples,66.69,67.2,66.53,66.64,51273118
2025-08-19,KO,Consumer Staples,67.03,67.37,66.84,67.23,44555286
2025-08-20,KO,Consumer Staples,67.36,67.81,67.14,67.4,38793673
2025-08-21,KO,Consumer Staples,67.64,67.85,67.43,67.55,56259855
2025-08-22,KO,Consumer Staples,67.31,67.49,67.23,67.33,2557491
2025-08-25,KO,Consumer Staples,66.78,66.84,66.56,66.6,17032594
2025-08-26,KO,Consumer Staples,66.98,67.09,66.65,66.78,40719445
2025-08-27,KO,Consumer Staples,66.75,67.34,66.49,67.04,51814923
2025-08-28,KO,Consumer Staples,66.7,66.99,66.43,66.64,72433500
2025-08-29,KO,Consumer Staples,66.79,66.82,66.51,66.77,11257398
2025-09-01,KO,Consumer Staples,67.3,67.73,66.98,67.37,39946552
2025-09-02,KO,Consumer Staples,66.87,67.16,66.76,66.79,33378456
2025-09-03,KO,Consumer Staples,67.09,67.15,67.01,67.08,55139807
2025-09-04,KO,Consumer Staples,67.41,67.45,66.71,67.05,23117094
2025-09-05,KO,Consumer Staples,67.65,67.98,67.58,67.67,51123308
2025-09-08,KO,Consumer Staples,68.57,68.76,68.25,68.36,58482293
2025-09-09,KO,Consumer Staples,68.64,68.7,68.29,68.44,31026013
2025-09-10,KO,Consumer Staples,68.31,68.48,68.11,68.47,50584443
2025-09-11,KO,Consumer Staples,68.41,68.46,67.92,68.37,41279969
2025-09-12,KO,Consumer Staples,67.67,68.28,67.36,67.75,37943077
2025-09-15,KO,Consumer Staples,68.1,68.34,67.56,68.03,68767416
2025-09-16,KO,Consumer Staples,67.95,68.25,67.42,68.1,60847211
2025-09-17,KO,Consumer Staples,67.61,67.78,67.27,67.68,72315300
2025-09-18,KO,Consumer Staples,66.53,66.67,66.29,66.52,24626301
2025-09-19,KO,Consumer Staples,66.96,67.43,66.75,66.88,26872618
2025-09-22,KO,Consumer Staples,66.76,67.15,66.55,66.7,37306787
2025-09-23,KO,Consumer Staples,67.3,67.53,67.08,67.15,56574232
2025-09-24,KO,Consumer Staples,66.46,66.46,66.15,66.36,51823096
2025-09-25,KO,Consumer Staples,66.25,66.79,66.17,66.44,60565939
2025-09-26,KO,Consumer Staples,66.47,66.53,66.36,66.46,48707265
2025-09-29,KO,Consumer Staples,66.64,66.75,66.36,66.37,55327742
2025-09-30,KO,Consumer Staples,67.42,68.14,67.28,67.35,58592044
2025-10-01,KO,Consumer Staples,67.64,68.14,67.3,67.48,34594805
2025-10-02,KO,Consumer Staples,66.2,66.56,65.87,66.46,25011579
2025-10-03,KO,Consumer Staples,66.3,66.76,65.94,66.26,23490268
2025-10-06,KO,Consumer Staples,65.24,65.37,64.88,65.33,30879358
2025-10-07,KO,Consumer Staples,66.06,66.28,65.96,66.2,38696632
2025-10-08,KO,Consumer Staples,66.32,66.55,66.3,66.38,26915791
2025-10-09,KO,Consumer Staples,66.6,66.96,66.17,66.32,53305447
2025-10-10,KO,Consumer Staples,65.45,65.68,65.04,65.52,52803227
2025-10-13,KO,Consumer Staples,65.44,65.93,65.4,65.65,47221981
2025-10-14,KO,Consumer Staples,66.52,66.71,66.19,66.31,37295951
2025-10-15,KO,Consumer Staples,66.65,67.06,66.62,66.7,43072487
2025-10-16,KO,Consumer Staples,67.23,67.61,67.06,67.06,58900069
2025-10-17,KO,Consumer Staples,68.3,68.33,67.83,67.97,72176920
2025-10-20,KO,Consumer Staples,69.15,69.15,68.78,68.94,25930047
2025-10-21,KO,Consumer Staples,69.25,69.7,68.78,69.04,30555607
2025-10-22,KO,Consumer Staples,69.13,69.94,69.02,69.44,51057701
2025-10-23,KO,Consumer Staples,70.29,70.87,70.16,70.55,52437637
2025-10-24,KO,Consumer Staples,70.13,70.16,69.7,69.95,50721399
2025-10-27,KO,Consumer Staples,70.21,70.52,69.89,70.29,47843538
2025-10-28,KO,Consumer Staples,69.46,69.72,69.16,69.68,43933094
2025-10-29,KO,Consumer Staples,69.48,69.54,69.32,69.48,71417616
2025-10-30,KO,Consumer Staples,70.48,70.61,70.31,70.36,27988371
2025-10-31,KO,Consumer Staples,69.63,70.47,69.51,69.86,20786562
2025-11-03,KO,Consumer Staples,70.6,70.73,70.31,70.58,10783696
2025-11-04,KO,Consumer Staples,70.17,70.68,69.99,70.24,44529765
2025-11-05,KO,Consumer Staples,70.93,71.34,70.92,70.97,46406867
2025-11-06,KO,Consumer Staples,72.08,72.21,71.81,71.94,41475528
2025-11-07,KO,Consumer Staples,71.13,71.85,71.09,71.39,38007225
2025-11-10,KO,Consumer Staples,72.25,72.53,71.44,71.84,52519781
2025-11-11,KO,Consumer Staples,72.82,72.86,72.58,72.6,35970332
2025-11-12,KO,Consumer Staples,72.55,72.65,72.21,72.35,33548342
2025-11-13,KO,Consumer Staples,72.76,72.85,72.38,72.76,52447109
2025-11-14,KO,Consumer Staples,72.18,72.24,71.8,72.02,50842979
2025-11-17,KO,Consumer Staples,73.06,73.52,72.85,73.48,28160217
2025-11-18,KO,Consumer Staples,72.93,73.05,72.93,73.02,52189881
2025-11-19,KO,Consumer Staples,72.84,72.9,72.47,72.87,22776203
2025-11-20,KO,Consumer Staples,72.88,73.05,72.76,72.83,54232039
2025-11-21,KO,Consumer Staples,72.64,73.02,72.42,72.92,27564492
2025-11-24,KO,Consumer Staples,73.1,73.27,72.98,73.25,46076290
2025-11-25,KO,Consumer Staples,73.52,73.74,73.07,73.57,39173831
2025-11-26,KO,Consumer Staples,72.9,73.06,72.78,72.88,58744902
2025-11-27,KO,Consumer Staples,72.34,72.4,71.97,72.1,54053169
2025-11-28,KO,Consumer Staples,73.15,73.58,72.97,73.24,53708759
2025-12-01,KO,Consumer Staples,74.19,74.29,73.64,74.04,44949976
2025-12-02,KO,Consumer Staples,72.99,73.63,72.91,73.21,44099268
2025-12-03,KO,Consumer Staples,73.46,74.04,73.35,73.51,26957816
2025-12-04,KO,Consumer Staples,73.64,74.15,73.37,74.09,67550863
2025-12-05,KO,Consumer Staples,75.47,75.97,75.1,75.51,35961536
2025-12-08,KO,Consumer Staples,75.02,75.44,74.67,75.22,46631051
2025-12-09,KO,Consumer Staples,75.7,76.44,75.6,75.96,46290732
2025-12-10,KO,Consumer Staples,76.12,76.91,75.91,76.49,53052419
2025-12-11,KO,Consumer Staples,76.2,76.49,75.65,76.06,48135195
2025-12-12,KO,Consumer Staples,75.75,76.09,75.6,75.87,39215948
2025-12-15,KO,Consumer Staples,75.53,75.83,75.25,75.39,49943855
2025-12-16,KO,Consumer Staples,76.05,76.24,75.62,75.68,49197419
2025-12-17,KO,Consumer Staples,75.01,75.25,74.55,74.67,61632152
2025-12-18,KO,Consumer Staples,74.5,74.76,74.16,74.56,22913105
2025-12-19,KO,Consumer Staples,74.28,74.68,74.24,74.36,11998703
2025-12-22,KO,Consumer Staples,72.93,73.24,72.6,73.03,41610008
2025-12-23,KO,Consumer Staples,73.37,73.47,73.04,73.27,61275400
2025-12-24,KO,Consumer Staples,73.91,73.94,73.64,73.76,54511490
2025-12-25,KO,Consumer Staples,72.84,73.05,72.74,72.84,61191869
2025-12-26,KO,Consumer Staples,73.02,73.15,72.51,72.88,47465337
2025-12-29,KO,Consumer Staples,71.99,72.37,71.93,72.01,67137647
2025-12-30,KO,Consumer Staples,71.6,72.83,71.4,72.13,44261828
2025-12-31,KO,Consumer Staples,73.06,73.2,72.37,72.93,28977709
2024-01-26,META,Technology,260.52,261.66,256.62,260.0,20652114
2024-01-29,META,Technology,259.38,263.16,257.6,259.91,19290685
2024-01-30,META,Technology,265.52,268.62,261.84,262.11,12860511
2024-01-31,META,Technology,250.77,254.32,248.09,253.57,10511039
2024-02-01,META,Technology,245.86,249.08,245.8,247.99,15943499
2024-02-02,META,Technology,249.92,253.58,249.42,251.0,10538600
2024-02-05,META,Technology,248.22,252.9,247.02,247.82,12702251
2024-02-06,META,Technology,244.59,247.83,244.04,247.31,12576336
2024-02-07,META,Technology,247.62,252.67,244.16,250.62,21852810
2024-02-08,META,Technology,261.3,264.68,258.34,262.98,21701640
2024-02-09,META,Technology,262.15,264.54,257.38,261.69,18000999
2024-02-12,META,Technology,272.89,275.14,270.5,272.91,14885117
2024-02-13,META,Technology,259.07,262.14,258.92,260.19,10105416
2024-02-14,META,Technology,259.5,264.93,258.23,261.23,20165607
2024-02-15,META,Technology,259.57,260.89,257.24,259.24,10310688
2024-02-16,META,Technology,256.21,256.66,254.12,256.04,6518012
2024-02-19,META,Technology,258.6,264.28,257.95,260.19,20719346
2024-02-20,META,Technology,258.01,260.23,255.85,258.96,19991735
2024-02-21,META,Technology,246.32,248.1,243.78,246.48,21567492
2024-02-22,META,Technology,240.86,242.06,232.44,237.19,11707298
2024-02-23,META,Technology,242.46,243.44,238.45,241.4,17545319
2024-02-26,META,Technology,230.83,232.08,228.85,232.01,13620286
2024-02-27,META,Technology,235.33,238.94,230.55,236.28,7261726
2024-02-28,META,Technology,233.8,237.64,230.39,237.08,14785441
2024-02-29,META,Technology,237.49,240.89,235.76,236.21,13566456
2024-03-01,META,Technology,232.49,235.91,232.33,235.85,17804018
2024-03-04,META,Technology,237.64,239.86,234.27,238.86,2881612
2024-03-05,META,Technology,230.36,235.71,229.61,232.21,11911489
2024-03-06,META,Technology,231.64,234.74,224.45,232.54,22231235
2024-03-07,META,Technology,224.65,227.18,221.51,226.28,19499698
2024-03-08,META,Technology,227.5,229.3,226.41,227.26,23096301
2024-03-11,META,Technology,230.76,231.29,228.68,230.89,4901881
2024-03-12,META,Technology,231.63,232.63,229.19,231.9,3099554
2024-03-13,META,Technology,233.48,236.7,233.47,235.39,13811517
2024-03-14,META,Technology,231.33,232.44,229.32,231.53,19307257
2024-03-15,META,Technology,232.0,232.71,227.73,231.28,22476213
2024-03-18,META,Technology,231.6,238.31,226.57,230.06,18597444
2024-03-19,META,Technology,231.78,234.53,225.01,228.48,19024689
2024-03-20,META,Technology,226.36,230.69,223.71,224.18,6543464
2024-03-21,META,Technology,221.46,222.78,221.3,221.95,8201943
2024-03-22,META,Technology,213.58,217.65,211.92,216.12,22598046
2024-03-25,META,Technology,208.79,210.91,207.26,207.42,5678486
2024-03-26,META,Technology,203.35,204.52,202.38,204.02,14828642
2024-03-27,META,Technology,207.83,209.53,206.61,207.17,4855140
2024-03-28,META,Technology,207.69,208.51,205.26,208.42,11658524
2024-03-29,META,Technology,202.97,203.53,202.13,202.22,19288882
2024-04-01,META,Technology,199.38,201.44,199.36,200.33,11290136
2024-04-02,META,Technology,204.49,205.89,203.3,203.75,14039973
2024-04-03,META,Technology,201.95,202.84,200.98,201.64,15039037
2024-04-04,META,Technology,195.14,195.15,191.67,194.86,9504742
2024-04-05,META,Technology,205.41,208.6,204.67,205.5,8870672
2024-04-08,META,Technology,204.35,205.49,203.8,204.76,11734998
2024-04-09,META,Technology,198.28,201.87,197.73,199.13,11692934
2024-04-10,META,Technology,199.67,203.19,199.22,200.03,11039939
2024-04-11,META,Technology,198.72,200.76,197.58,199.7,8033452
2024-04-12,META,Technology,190.84,193.93,189.76,192.4,12608641
2024-04-15,META,Technology,192.62,195.26,190.23,192.91,13113375
2024-04-16,META,Technology,196.65,199.18,195.34,197.55,13507627
2024-04-17,META,Technology,195.98,198.06,194.53,196.52,16180015
2024-04-18,META,Technology,185.12,188.67,184.17,186.89,13788080
2024-04-19,META,Technology,186.69,188.52,186.1,188.5,14295069
2024-04-22,META,Technology,193.33,193.66,189.85,191.31,10927683
2024-04-23,META,Technology,189.5,191.86,188.18,188.69,18057402
2024-04-24,META,Technology,186.97,189.51,182.67,186.15,17947944
2024-04-25,META,Technology,197.71,200.25,194.65,196.31,10217463
2024-04-26,META,Technology,192.28,194.19,191.83,193.3,18958587
2024-04-29,META,Technology,189.64,191.16,186.65,188.17,21250978
2024-04-30,META,Technology,189.24,189.39,187.51,188.36,14398330
2024-05-01,META,Technology,191.76,192.38,190.55,191.04,6857594
2024-05-02,META,Technology,192.6,194.82,191.91,193.56,9831803
2024-05-03,META,Technology,181.48,184.83,180.52,182.18,14129903
2024-05-06,META,Technology,177.16,180.8,176.59,179.36,11784747
2024-05-07,META,Technology,183.48,184.53,182.87,184.4,7235428
2024-05-08,META,Technology,186.66,188.1,185.89,185.92,14369728
2024-05-09,META,Technology,179.8,182.26,179.31,180.49,22827162
2024-05-10,META,Technology,184.12,188.97,183.66,185.94,14730237
2024-05-13,META,Technology,188.84,191.74,187.93,190.33,9224866
2024-05-14,META,Technology,188.77,189.79,185.41,189.05,8612339
2024-05-15,META,Technology,193.26,193.72,191.14,193.12,18047801
2024-05-16,META,Technology,201.89,207.32,200.61,202.47,8862043
2024-05-17,META,Technology,195.94,198.74,195.29,197.43,19223896
2024-05-20,META,Technology,201.89,203.14,198.62,200.15,10702894
2024-05-21,META,Technology,213.14,214.56,207.7,209.77,18847139
2024-05-22,META,Technology,213.63,215.0,212.83,213.14,3582878
2024-05-23,META,Technology,209.71,210.42,209.11,209.37,100000
2024-05-24,META,Technology,208.74,212.18,208.16,210.66,16023576
2024-05-27,META,Technology,217.41,219.0,215.27,217.68,17657751
2024-05-28,META,Technology,213.19,213.96,212.09,212.46,23873238
2024-05-29,META,Technology,213.15,215.13,211.89,212.4,18382156
2024-05-30,META,Technology,210.35,213.45,209.58,211.24,2620948
2024-05-31,META,Technology,208.58,209.39,207.06,208.13,19358556
2024-06-03,META,Technology,209.72,213.07,209.06,209.42,17732015
2024-06-04,META,Technology,210.22,210.41,207.44,209.0,11521712
2024-06-05,META,Technology,211.67,214.99,211.18,212.32,16206463
2024-06-06,META,Technology,220.07,221.75,217.62,218.22,8550182
2024-06-07,META,Technology,212.31,214.57,210.11,211.65,20072849
2024-06-10,META,Technology,211.75,213.03,210.26,212.08,14265452
2024-06-11,META,Technology,211.78,212.32,211.51,211.9,13869602
2024-06-12,META,Technology,211.83,214.94,211.67,213.02,13661744
2024-06-13,META,Technology,211.88,215.75,209.22,213.03,17374625
2024-06-14,META,Technology,205.67,209.63,203.85,208.1,15183497
2024-06-17,META,Technology,217.93,218.39,212.53,215.46,16409743
2024-06-18,META,Technology,225.67,226.98,224.03,225.27,6057459
2024-06-19,META,Technology,229.95,231.89,226.16,228.32,13970450
2024-06-20,META,Technology,232.42,232.78,230.04,231.69,11972828
2024-06-21,META,Technology,230.62,233.02,228.24,232.52,14528397
2024-06-24,META,Technology,239.5,242.84,236.68,238.03,13599975
2024-06-25,META,Technology,227.67,230.83,220.57,224.17,16521674
2024-06-26,META,Technology,224.24,226.02,222.64,224.24,10274369
2024-06-27,META,Technology,220.18,222.47,218.45,221.25,8534795
2024-06-28,META,Technology,221.12,225.93,218.99,222.12,21022875
2024-07-01,META,Technology,227.5,228.69,226.51,228.04,22058961
2024-07-02,META,Technology,228.91,230.44,224.69,228.24,8871284
2024-07-03,META,Technology,226.48,227.9,225.93,226.36,11734320
2024-07-04,META,Technology,217.16,221.3,213.9,218.83,19077310
2024-07-05,META,Technology,221.06,222.21,217.44,218.34,21289270
2024-07-08,META,Technology,221.91,222.43,221.81,221.96,100000
2024-07-09,META,Technology,220.08,221.12,216.88,217.57,14235510
2024-07-10,META,Technology,207.44,208.63,205.97,207.2,7893659
2024-07-11,META,Technology,218.89,220.07,218.18,218.6,16438765
2024-07-12,META,Technology,218.87,222.49,218.37,220.45,18005646
2024-07-15,META,Technology,216.4,220.46,215.28,219.37,13568234
2024-07-16,META,Technology,224.59,228.63,222.51,226.78,14717464
2024-07-17,META,Technology,227.02,227.9,225.95,227.64,16793341
2024-07-18,META,Technology,234.89,237.48,232.7,235.02,16655219
2024-07-19,META,Technology,242.24,243.77,241.41,242.15,19952271
2024-07-22,META,Technology,236.36,238.67,232.39,234.84,10978967
2024-07-23,META,Technology,239.2,242.82,236.63,237.53,16396371
2024-07-24,META,Technology,249.54,249.97,244.27,247.46,9664555
2024-07-25,META,Technology,239.58,242.88,239.16,241.64,8615052
2024-07-26,META,Technology,238.52,241.55,232.97,236.02,20585594
2024-07-29,META,Technology,232.98,234.54,230.73,231.49,8045046
2024-07-30,META,Technology,238.08,238.25,235.6,236.53,8318140
2024-07-31,META,Technology,233.99,240.62,231.49,238.24,12498662
2024-08-01,META,Technology,227.0,228.7,223.06,227.27,21297742
2024-08-02,META,Technology,227.62,233.5,222.47,229.23,26105031
2024-08-05,META,Technology,228.25,231.03,225.83,227.94,14000196
2024-08-06,META,Technology,227.23,229.37,226.5,227.42,8511300
2024-08-07,META,Technology,222.42,224.36,221.33,222.95,15884436
2024-08-08,META,Technology,226.41,227.2,224.52,224.9,100000
2024-08-09,META,Technology,229.92,232.36,229.06,230.67,12175826
2024-08-12,META,Technology,225.5,229.4,224.32,227.21,18753561
2024-08-13,META,Technology,215.42,218.46,214.84,218.13,13121285
2024-08-14,META,Technology,215.67,217.35,213.91,216.63,4808839
2024-08-15,META,Technology,223.48,224.52,220.56,220.65,19168193
2024-08-16,META,Technology,216.23,219.91,215.98,218.52,21504274
2024-08-19,META,Technology,210.68,211.66,209.49,210.75,17029368
2024-08-20,META,Technology,217.3,219.37,214.53,214.7,17990069
2024-08-21,META,Technology,223.01,224.09,219.71,222.09,20174701
2024-08-22,META,Technology,222.08,223.65,221.26,222.28,9849326
2024-08-23,META,Technology,213.4,213.97,209.99,213.81,18931382
2024-08-26,META,Technology,208.04,217.8,205.04,212.27,13220910
2024-08-27,META,Technology,213.14,213.76,211.92,213.13,15531027
2024-08-28,META,Technology,208.86,209.27,208.5,209.08,7860917
2024-08-29,META,Technology,212.15,212.48,211.83,212.09,13450980
2024-08-30,META,Technology,209.26,209.97,207.11,207.56,21156643
2024-09-02,META,Technology,207.66,208.2,207.46,207.77,20851458
2024-09-03,META,Technology,206.34,209.27,206.13,206.72,10173276
2024-09-04,META,Technology,210.89,211.51,208.61,209.86,650512
2024-09-05,META,Technology,209.89,210.81,207.74,209.88,11732706
2024-09-06,META,Technology,208.11,209.07,205.38,208.98,16160743
2024-09-09,META,Technology,207.06,207.61,203.45,205.04,20124207
2024-09-10,META,Technology,207.12,210.84,204.31,205.3,10891200
2024-09-11,META,Technology,205.25,206.65,202.58,204.1,24171348
2024-09-12,META,Technology,199.94,200.75,198.04,199.92,25424309
2024-09-13,META,Technology,200.28,201.36,199.62,200.77,11265950
2024-09-16,META,Technology,201.54,203.62,198.9,202.61,10550846
2024-09-17,META,Technology,203.87,205.31,199.26,201.04,20545086
2024-09-18,META,Technology,208.34,211.88,203.2,205.62,10457114
2024-09-19,META,Technology,206.31,207.61,205.43,207.01,15666945
2024-09-20,META,Technology,200.77,202.16,196.53,200.72,9493885
2024-09-23,META,Technology,206.43,207.74,204.19,207.25,12050656
2024-09-24,META,Technology,209.43,211.4,207.27,211.15,10227028
2024-09-25,META,Technology,214.27,216.63,212.49,216.31,19167939
2024-09-26,META,Technology,219.12,219.27,216.81,218.48,16487920
2024-09-27,META,Technology,207.34,207.62,203.14,206.31,16890827
2024-09-30,META,Technology,213.2,213.48,210.44,211.81,10492468
2024-10-01,META,Technology,211.51,212.92,210.81,212.21,17135139
2024-10-02,META,Technology,215.79,218.74,212.09,214.1,15719214
2024-10-03,META,Technology,215.83,224.0,214.76,216.96,14151204
2024-10-04,META,Technology,226.29,228.18,226.23,227.13,15120379
2024-10-07,META,Technology,223.51,224.84,220.63,224.25,21600750
2024-10-08,META,Technology,221.95,224.8,220.4,221.54,22465348
2024-10-09,META,Technology,219.25,220.8,214.15,217.11,14821968
2024-10-10,META,Technology,212.58,213.97,211.03,211.63,21320809
2024-10-11,META,Technology,205.5,208.08,205.31,206.37,13395821
2024-10-14,META,Technology,198.21,199.07,194.03,197.29,7982383
2024-10-15,META,Technology,201.19,202.67,195.95,199.39,15761495
2024-10-16,META,Technology,208.6,211.21,205.24,208.99,14507529
2024-10-17,META,Technology,220.91,222.15,219.24,219.36,16988656
2024-10-18,META,Technology,214.93,217.92,211.99,214.97,13515463
2024-10-21,META,Technology,213.41,215.4,211.86,213.65,17631769
2024-10-22,META,Technology,219.62,222.98,218.75,220.07,17224551
2024-10-23,META,Technology,218.62,224.22,217.17,222.44,15152809
2024-10-24,META,Technology,221.96,223.34,221.51,223.25,13739632
2024-10-25,META,Technology,220.83,223.33,218.54,221.97,16485614
2024-10-28,META,Technology,229.28,230.98,225.01,228.34,12947987
2024-10-29,META,Technology,225.01,226.39,218.23,222.56,16598314
2024-10-30,META,Technology,225.62,225.69,223.83,225.22,14374046
2024-10-31,META,Technology,226.34,227.83,224.51,227.18,15488240
2024-11-01,META,Technology,228.51,229.01,226.76,227.51,8675953
2024-11-04,META,Technology,231.28,239.3,229.97,231.9,14133159
2024-11-05,META,Technology,233.13,233.73,231.41,232.19,3449451
2024-11-06,META,Technology,229.21,233.0,226.55,229.31,13596959
2024-11-07,META,Technology,232.02,232.85,229.87,229.91,14450647
2024-11-08,META,Technology,220.08,222.38,219.18,221.22,7495106
2024-11-11,META,Technology,225.52,226.37,222.79,224.57,19444511
2024-11-12,META,Technology,226.58,230.62,224.72,229.34,5318721
2024-11-13,META,Technology,224.14,231.11,222.83,225.82,24313967
2024-11-14,META,Technology,222.39,223.97,220.26,221.07,17546740
2024-11-15,META,Technology,218.56,219.77,214.71,217.87,31293153
2024-11-18,META,Technology,217.41,218.31,217.17,217.63,13314002
2024-11-19,META,Technology,219.04,221.75,218.59,218.85,8628960
2024-11-20,META,Technology,227.16,228.44,224.06,227.43,20514074
2024-11-21,META,Technology,235.83,238.73,232.88,235.65,14627122
2024-11-22,META,Technology,241.03,241.9,239.34,240.45,11531254
2024-11-25,META,Technology,241.21,246.77,238.66,241.25,11356827
2024-11-26,META,Technology,238.04,239.9,235.58,235.98,15703784
2024-11-27,META,Technology,247.89,250.9,245.46,245.6,12128683
2024-11-28,META,Technology,243.07,244.8,242.06,244.24,17369475
2024-11-29,META,Technology,246.73,248.14,243.02,245.99,24036837
2024-12-02,META,Technology,250.02,252.66,248.95,249.8,20584799
2024-12-03,META,Technology,252.18,254.62,250.04,250.27,11146468
2024-12-04,META,Technology,254.7,257.39,250.96,257.29,12972210
2024-12-05,META,Technology,261.68,263.8,259.5,260.21,21253642
2024-12-06,META,Technology,260.91,269.62,258.62,266.49,10375677
2024-12-09,META,Technology,270.11,270.87,268.44,269.46,17585674
2024-12-10,META,Technology,267.49,272.48,266.47,269.33,11340626
2024-12-11,META,Technology,266.87,272.44,263.3,269.92,22480007
2024-12-12,META,Technology,269.99,271.62,266.09,269.63,11283673
2024-12-13,META,Technology,263.52,264.22,259.14,261.43,15497792
2024-12-16,META,Technology,257.64,258.2,251.63,255.26,21944097
2024-12-17,META,Technology,258.13,263.03,257.91,259.91,20538986
2024-12-18,META,Technology,254.22,255.27,250.93,252.16,16702359
2024-12-19,META,Technology,246.19,250.1,243.56,249.82,15421883
2024-12-20,META,Technology,241.62,246.4,237.9,243.63,19996307
2024-12-23,META,Technology,241.04,241.48,240.47,241.05,17452223
2024-12-24,META,Technology,239.08,242.54,238.5,240.25,12412020
2024-12-25,META,Technology,238.05,239.4,237.26,238.01,11813567
2024-12-26,META,Technology,230.73,233.42,228.36,229.95,13885146
2024-12-27,META,Technology,229.78,230.74,228.0,229.02,17378496
2024-12-30,META,Technology,225.59,226.91,221.82,223.85,12983757
2024-12-31,META,Technology,218.98,221.72,216.54,220.52,26431080
2025-01-01,META,Technology,226.63,226.65,222.66,224.53,6214632
2025-01-02,META,Technology,233.95,235.27,229.51,229.77,5098697
2025-01-03,META,Technology,223.42,225.79,222.42,222.64,11778369
2025-01-06,META,Technology,229.32,232.9,228.83,231.12,8024066
2025-01-07,META,Technology,227.15,229.84,221.48,228.38,16982245
2025-01-08,META,Technology,223.7,225.98,223.63,225.18,12770647
2025-01-09,META,Technology,221.89,222.36,218.54,220.46,12948790
2025-01-10,META,Technology,222.95,223.31,218.79,220.85,25638192
2025-01-13,META,Technology,228.4,233.08,227.03,231.44,27323750
2025-01-14,META,Technology,225.89,229.13,222.28,222.99,26905509
2025-01-15,META,Technology,212.63,214.63,211.71,212.07,14298196
2025-01-16,META,Technology,213.14,213.96,211.89,213.53,16420085
2025-01-17,META,Technology,216.48,219.67,210.32,216.53,17146726
2025-01-20,META,Technology,218.02,220.42,216.76,216.9,15608947
2025-01-21,META,Technology,221.65,224.82,219.45,220.09,15909691
2025-01-22,META,Technology,216.79,221.21,212.79,214.21,22014931
2025-01-23,META,Technology,211.08,212.14,208.54,209.44,10059413
2025-01-24,META,Technology,209.25,213.27,207.99,210.15,15066607
2025-01-27,META,Technology,217.91,220.87,216.79,219.1,14053106
2025-01-28,META,Technology,219.45,225.58,219.43,222.14,7801694
2025-01-29,META,Technology,228.89,233.42,223.74,225.47,14635156
2025-01-30,META,Technology,219.18,222.08,217.16,219.76,9505163
2025-01-31,META,Technology,221.62,226.24,221.45,222.08,20574072
2025-02-03,META,Technology,216.66,218.97,210.06,215.87,12999643
2025-02-04,META,Technology,227.23,228.48,221.31,225.12,22106873
2025-02-05,META,Technology,219.0,220.8,216.87,219.74,11343874
2025-02-06,META,Technology,213.72,216.52,210.73,215.63,17624639
2025-02-07,META,Technology,209.04,212.37,205.0,208.1,17165681
2025-02-10,META,Technology,209.74,211.27,207.37,208.62,20286307
2025-02-11,META,Technology,208.77,212.94,208.68,208.92,20359601
2025-02-12,META,Technology,217.05,218.27,213.12,216.6,16439712
2025-02-13,META,Technology,219.55,222.52,215.88,220.72,13461473
2025-02-14,META,Technology,215.06,217.37,212.38,216.63,21852217
2025-02-17,META,Technology,220.15,222.38,217.28,221.26,12003060
2025-02-18,META,Technology,215.57,217.7,209.7,214.75,19318657
2025-02-19,META,Technology,210.84,212.7,210.61,211.13,12818727
2025-02-20,META,Technology,214.8,217.33,211.55,211.82,14456719
2025-02-21,META,Technology,205.98,206.37,205.75,206.16,18996228
2025-02-24,META,Technology,212.44,213.29,205.35,211.51,16076823
2025-02-25,META,Technology,220.51,224.55,217.39,223.17,9833199
2025-02-26,META,Technology,221.27,222.96,218.64,221.68,15034040
2025-02-27,META,Technology,221.03,221.9,217.8,218.31,14897452
2025-02-28,META,Technology,219.0,222.66,217.54,217.72,14193392
2025-03-03,META,Technology,216.02,216.41,212.76,214.9,14587540
2025-03-04,META,Technology,214.65,220.34,213.15,216.34,17498999
2025-03-05,META,Technology,210.27,212.9,208.22,209.56,7262104
2025-03-06,META,Technology,211.15,211.96,209.44,211.25,14143472
2025-03-07,META,Technology,220.06,224.93,219.13,221.03,8763073
2025-03-10,META,Technology,210.86,212.18,208.26,210.5,22717854
2025-03-11,META,Technology,205.69,208.75,201.73,204.69,22574522
2025-03-12,META,Technology,202.61,205.19,201.51,202.59,5046179
2025-03-13,META,Technology,204.18,208.72,201.26,205.31,14547669
2025-03-14,META,Technology,209.83,210.86,208.89,209.78,14918038
2025-03-17,META,Technology,213.08,216.87,212.64,213.94,20016266
2025-03-18,META,Technology,206.63,208.24,202.88,205.35,13102869
2025-03-19,META,Technology,204.39,205.66,200.74,202.11,19081736
2025-03-20,META,Technology,198.43,198.66,196.57,197.83,11768735
2025-03-21,META,Technology,195.59,198.97,193.26,197.6,8855468
2025-03-24,META,Technology,198.94,202.15,197.76,197.77,10384400
2025-03-25,META,Technology,191.52,192.53,190.22,191.35,16756113
2025-03-26,META,Technology,187.23,192.04,187.19,189.41,14436499
2025-03-27,META,Technology,192.61,196.07,191.94,192.13,17596321
2025-03-28,META,Technology,187.99,190.71,187.04,189.31,14913820
2025-03-31,META,Technology,188.34,190.35,185.97,188.48,2922628
2025-04-01,META,Technology,195.94,197.12,195.65,196.24,20825153
2025-04-02,META,Technology,206.34,207.46,201.1,205.69,13341585
2025-04-03,META,Technology,196.55,197.29,195.06,195.11,16695899
2025-04-04,META,Technology,194.29,196.89,191.24,195.72,13670048
2025-04-07,META,Technology,207.8,209.64,203.37,209.51,16265799
2025-04-08,META,Technology,212.69,216.11,211.61,212.0,16630333
2025-04-09,META,Technology,210.87,212.91,207.78,212.19,13558133
2025-04-10,META,Technology,218.48,219.59,217.17,218.96,14974546
2025-04-11,META,Technology,219.67,220.9,219.5,220.2,14756471
2025-04-14,META,Technology,225.26,225.52,223.28,224.04,13629338
2025-04-15,META,Technology,221.85,223.77,217.52,223.0,9902256
2025-04-16,META,Technology,223.73,225.01,223.2,224.18,12863258
2025-04-17,META,Technology,227.02,230.75,224.31,226.57,17771558
2025-04-18,META,Technology,229.3,236.41,227.15,231.37,13314318
2025-04-21,META,Technology,233.33,234.54,225.09,229.07,11038010
2025-04-22,META,Technology,226.56,227.19,223.7,226.64,13862664
2025-04-23,META,Technology,215.13,218.54,214.6,216.25,18491105
2025-04-24,META,Technology,215.63,216.82,213.31,214.33,18188978
2025-04-25,META,Technology,219.81,220.1,218.04,219.32,12019746
2025-04-28,META,Technology,221.97,227.17,221.21,221.85,11437606
2025-04-29,META,Technology,215.34,217.66,210.84,216.64,12516877
2025-04-30,META,Technology,208.18,208.93,206.31,206.83,18582099
2025-05-01,META,Technology,205.36,207.48,202.09,206.21,19564183
2025-05-02,META,Technology,212.07,213.67,209.94,210.87,24825705
2025-05-05,META,Technology,208.6,209.75,205.63,208.53,10348963
2025-05-06,META,Technology,199.65,203.85,194.75,201.39,12501328
2025-05-07,META,Technology,194.34,200.21,193.43,198.62,21602614
2025-05-08,META,Technology,200.83,202.44,198.21,200.26,14640918
2025-05-09,META,Technology,206.37,208.75,204.35,206.32,10348268
2025-05-12,META,Technology,205.2,205.35,202.09,205.13,16511014
2025-05-13,META,Technology,206.31,210.94,203.44,210.41,9630863
2025-05-14,META,Technology,214.01,216.64,211.18,215.26,15586346
2025-05-15,META,Technology,207.15,209.99,202.7,209.28,7780296
2025-05-16,META,Technology,215.2,220.87,214.58,215.64,17823168
2025-05-19,META,Technology,218.39,218.55,215.41,217.26,27515985
2025-05-20,META,Technology,213.66,214.73,208.12,211.06,12481765
2025-05-21,META,Technology,218.57,221.02,216.09,220.07,14179256
2025-05-22,META,Technology,220.82,221.03,217.5,219.5,20532891
2025-05-23,META,Technology,206.52,210.01,206.44,209.35,14631122
2025-05-26,META,Technology,206.16,207.36,205.82,205.89,12675756
2025-05-27,META,Technology,200.68,202.45,199.16,201.27,11257636
2025-05-28,META,Technology,199.27,199.3,197.07,198.06,17699368
2025-05-29,META,Technology,195.0,197.23,194.6,196.03,11513301
2025-05-30,META,Technology,195.64,196.66,192.73,194.9,19470246
2025-06-02,META,Technology,194.28,196.39,189.05,193.6,7402138
2025-06-03,META,Technology,194.55,195.35,191.05,193.23,13917099
2025-06-04,META,Technology,195.92,198.49,194.58,196.03,13216142
2025-06-05,META,Technology,189.36,195.81,187.41,192.6,16214912
2025-06-06,META,Technology,197.99,198.33,196.46,198.14,23061073
2025-06-09,META,Technology,192.74,193.96,191.79,192.4,19731923
2025-06-10,META,Technology,194.67,197.33,192.59,195.32,20062967
2025-06-11,META,Technology,202.14,203.43,201.67,203.1,7569042
2025-06-12,META,Technology,204.64,204.67,201.77,202.32,11611690
2025-06-13,META,Technology,201.4,204.52,200.98,203.35,17979568
2025-06-16,META,Technology,198.94,199.6,198.06,198.71,17077271
2025-06-17,META,Technology,198.44,199.79,194.82,196.35,16047396
2025-06-18,META,Technology,201.61,205.86,200.73,203.82,14494399
2025-06-19,META,Technology,208.22,211.57,206.12,207.56,20961032
2025-06-20,META,Technology,209.88,211.5,209.62,209.74,10451878
2025-06-23,META,Technology,202.31,203.85,199.07,200.07,20844194
2025-06-24,META,Technology,193.85,197.82,191.41,196.71,14513157
2025-06-25,META,Technology,204.54,206.31,204.09,205.0,21400166
2025-06-26,META,Technology,206.21,208.52,205.89,207.11,6222330
2025-06-27,META,Technology,208.47,210.16,206.24,209.86,16911634
2025-06-30,META,Technology,209.03,211.09,204.98,210.8,15116515
2025-07-01,META,Technology,207.3,208.77,205.78,207.79,12227052
2025-07-02,META,Technology,210.29,210.96,208.09,209.54,15414275
2025-07-03,META,Technology,202.63,204.11,200.34,201.93,19365087
2025-07-04,META,Technology,194.12,194.76,193.55,194.23,19126906
2025-07-07,META,Technology,190.05,191.13,188.62,190.89,20523488
2025-07-08,META,Technology,191.12,195.46,190.55,191.85,9238955
2025-07-09,META,Technology,185.19,185.87,183.93,184.7,14331859
2025-07-10,META,Technology,185.44,187.06,183.58,185.34,8662485
2025-07-11,META,Technology,179.55,181.63,176.78,180.99,12754513
2025-07-14,META,Technology,178.23,180.06,175.95,177.33,12965267
2025-07-15,META,Technology,181.5,186.81,181.04,182.94,20549561
2025-07-16,META,Technology,181.7,184.41,180.04,183.18,15090285
2025-07-17,META,Technology,180.19,181.34,178.99,179.28,12436238
2025-07-18,META,Technology,181.07,181.48,180.06,180.16,22486062
2025-07-21,META,Technology,174.71,175.87,173.74,173.88,14163589
2025-07-22,META,Technology,175.65,179.91,174.92,175.55,4182196
2025-07-23,META,Technology,179.58,183.63,179.01,180.29,4429655
2025-07-24,META,Technology,182.08,185.9,181.4,183.23,14552853
2025-07-25,META,Technology,193.21,193.4,190.21,192.79,17165233
2025-07-28,META,Technology,186.45,187.18,183.15,183.9,7277621
2025-07-29,META,Technology,183.33,185.34,181.44,184.54,15878577
2025-07-30,META,Technology,179.69,180.92,177.8,178.67,11196805
2025-07-31,META,Technology,178.22,179.67,177.97,178.0,16235041
2025-08-01,META,Technology,180.23,182.5,177.25,178.08,22093359
2025-08-04,META,Technology,188.92,190.43,186.84,187.9,21161923
2025-08-05,META,Technology,186.24,190.2,186.22,187.7,3544308
2025-08-06,META,Technology,189.09,191.31,186.65,187.43,12661943
2025-08-07,META,Technology,191.93,192.13,191.7,192.03,17392924
2025-08-08,META,Technology,191.63,193.6,190.81,191.87,11459122
2025-08-11,META,Technology,202.3,204.94,200.2,200.38,19474170
2025-08-12,META,Technology,202.62,204.29,201.56,203.68,10167856
2025-08-13,META,Technology,207.71,208.13,206.61,207.82,26271472
2025-08-14,META,Technology,197.5,200.51,196.75,198.59,9016371
2025-08-15,META,Technology,208.29,209.59,206.29,208.13,22506000
2025-08-18,META,Technology,209.29,209.79,203.64,204.94,16856386
2025-08-19,META,Technology,204.59,206.8,202.04,204.98,26610939
2025-08-20,META,Technology,203.1,206.38,200.48,201.85,18706030
2025-08-21,META,Technology,198.64,201.07,195.63,196.98,4633205
2025-08-22,META,Technology,191.25,193.42,190.24,191.37,6876048
2025-08-25,META,Technology,192.13,193.25,190.77,191.93,10041548
2025-08-26,META,Technology,181.92,186.48,181.62,182.93,13730692
2025-08-27,META,Technology,180.39,182.28,178.61,181.95,13452319
2025-08-28,META,Technology,187.0,187.49,184.48,186.64,25023347
2025-08-29,META,Technology,188.91,190.74,187.51,189.55,13839213
2025-09-01,META,Technology,192.43,192.89,188.99,191.59,12857995
2025-09-02,META,Technology,186.73,188.39,184.39,187.56,20286512
2025-09-03,META,Technology,182.58,184.29,178.29,180.5,12795041
2025-09-04,META,Technology,184.24,186.47,183.1,185.08,15706434
2025-09-05,META,Technology,183.07,185.44,182.35,183.17,10279211
2025-09-08,META,Technology,181.98,184.08,180.16,182.88,17359559
2025-09-09,META,Technology,184.57,187.47,181.32,182.09,10279603
2025-09-10,META,Technology,183.36,185.79,182.03,185.1,23852375
2025-09-11,META,Technology,193.95,196.13,192.91,193.37,17721582
2025-09-12,META,Technology,201.42,205.25,199.44,200.24,19386491
2025-09-15,META,Technology,189.48,191.66,184.7,189.11,12687354
2025-09-16,META,Technology,187.69,189.38,187.43,187.79,17128900
2025-09-17,META,Technology,182.68,186.81,179.5,181.8,12998804
2025-09-18,META,Technology,186.73,187.61,185.13,185.97,12597536
2025-09-19,META,Technology,185.62,187.36,184.26,186.06,9862483
2025-09-22,META,Technology,190.0,190.38,188.77,188.85,11205784
2025-09-23,META,Technology,185.31,188.3,184.73,187.14,2485761
2025-09-24,META,Technology,182.29,184.17,181.3,182.55,12023159
2025-09-25,META,Technology,178.88,179.84,178.57,178.82,22393163
2025-09-26,META,Technology,173.52,174.39,171.5,172.32,18369196
2025-09-29,META,Technology,165.13,167.57,164.21,167.16,18320729
2025-09-30,META,Technology,162.1,162.56,161.02,161.32,17289769
2025-10-01,META,Technology,156.3,158.65,156.2,157.38,15432122
2025-10-02,META,Technology,151.3,153.99,150.18,153.32,14156529
2025-10-03,META,Technology,157.48,158.51,154.29,154.83,12538213
2025-10-06,META,Technology,156.13,156.71,154.02,156.21,11766789
2025-10-07,META,Technology,157.64,159.61,154.31,157.75,21351057
2025-10-08,META,Technology,161.36,163.35,161.11,162.27,23638039
2025-10-09,META,Technology,161.84,164.09,161.06,162.03,18405443
2025-10-10,META,Technology,159.85,160.16,158.02,159.06,2973892
2025-10-13,META,Technology,167.69,169.08,166.23,167.57,10291021
2025-10-14,META,Technology,168.98,173.89,167.81,171.28,15777628
2025-10-15,META,Technology,172.73,175.23,171.72,171.98,11803040
2025-10-16,META,Technology,172.61,174.73,172.11,172.39,9687400
2025-10-17,META,Technology,171.74,175.7,170.31,173.66,12917314
2025-10-20,META,Technology,172.14,174.08,172.0,172.89,13330672
2025-10-21,META,Technology,173.16,175.74,170.6,173.5,6351011
2025-10-22,META,Technology,176.06,177.38,175.23,175.65,16125118
2025-10-23,META,Technology,172.39,173.04,171.28,172.66,16050250
2025-10-24,META,Technology,165.19,166.96,162.9,165.96,10201485
2025-10-27,META,Technology,159.99,161.21,155.95,157.76,16179351
2025-10-28,META,Technology,161.06,161.49,158.88,161.19,17346555
2025-10-29,META,Technology,154.54,155.76,153.79,155.13,19004751
2025-10-30,META,Technology,156.58,159.63,156.51,156.93,6722744
2025-10-31,META,Technology,155.05,156.49,152.41,152.65,15865014
2025-11-03,META,Technology,148.23,148.95,147.63,148.54,22322418
2025-11-04,META,Technology,146.85,148.93,144.58,146.04,16166288
2025-11-05,META,Technology,146.95,147.44,144.84,146.78,13425729
2025-11-06,META,Technology,141.89,143.04,139.47,142.31,13343929
2025-11-07,META,Technology,140.12,141.5,138.7,140.26,9140608
2025-11-10,META,Technology,140.09,140.62,138.27,140.23,14496347
2025-11-11,META,Technology,137.13,138.06,136.05,136.22,9001719
2025-11-12,META,Technology,139.49,141.09,138.76,140.94,19231478
2025-11-13,META,Technology,135.9,136.14,133.67,135.17,17151046
2025-11-14,META,Technology,133.54,135.5,132.28,134.52,13844785
2025-11-17,META,Technology,139.86,139.86,138.1,138.69,6780855
2025-11-18,META,Technology,134.87,135.88,134.18,134.34,12746235
2025-11-19,META,Technology,134.85,135.05,133.96,134.04,17023792
2025-11-20,META,Technology,136.56,137.73,134.41,134.52,14566392
2025-11-21,META,Technology,131.47,133.18,130.78,131.97,10617909
2025-11-24,META,Technology,132.4,133.76,130.1,131.78,18379931
2025-11-25,META,Technology,133.63,133.63,132.9,133.61,15925521
2025-11-26,META,Technology,133.21,134.11,130.23,132.17,18131272
2025-11-27,META,Technology,134.97,136.42,133.7,134.65,10175086
2025-11-28,META,Technology,135.27,136.4,134.92,135.98,11235915
2025-12-01,META,Technology,133.4,134.43,133.18,134.13,12939355
2025-12-02,META,Technology,138.97,139.64,135.71,137.82,17217210
2025-12-03,META,Technology,136.01,136.58,133.48,135.42,14591187
2025-12-04,META,Technology,138.25,139.75,136.33,138.26,14104237
2025-12-05,META,Technology,135.69,136.46,135.58,135.92,8934177
2025-12-08,META,Technology,134.52,135.64,134.07,134.95,6035524
2025-12-09,META,Technology,134.02,135.86,133.67,134.47,16173798
2025-12-10,META,Technology,134.0,136.61,132.57,135.62,22490301
2025-12-11,META,Technology,127.78,129.35,126.38,127.82,16322795
2025-12-12,META,Technology,128.92,129.4,126.92,129.28,10989180
2025-12-15,META,Technology,129.07,130.83,128.68,129.02,6368422
2025-12-16,META,Technology,130.43,131.89,128.2,129.96,10359622
2025-12-17,META,Technology,134.39,136.29,130.57,131.58,14652028
2025-12-18,META,Technology,133.6,134.6,132.31,132.88,20926773
2025-12-19,META,Technology,126.42,126.98,126.0,126.53,18921404
2025-12-22,META,Technology,123.69,124.03,122.42,123.36,4105045
2025-12-23,META,Technology,124.68,124.94,122.41,124.4,6765715
2025-12-24,META,Technology,126.45,126.54,124.46,125.05,23084786
2025-12-25,META,Technology,123.23,123.7,122.44,122.73,12087976
2025-12-26,META,Technology,124.93,125.81,124.87,124.95,2654292
2025-12-29,META,Technology,124.62,124.77,123.84,124.24,15669233
2025-12-30,META,Technology,125.62,129.28,125.5,126.93,13807388
2025-12-31,META,Technology,129.76,130.7,128.03,130.67,19825549
2024-01-26,MSFT,Technology,299.37,302.35,295.56,300.0,42570776
2024-01-29,MSFT,Technology,298.83,299.75,297.51,298.54,49864648
2024-01-30,MSFT,Technology,295.77,300.91,294.86,299.57,32331303
2024-01-31,MSFT,Technology,300.64,301.55,299.85,300.55,52210326
2024-02-01,MSFT,Technology,297.23,299.12,296.0,298.7,51977681
2024-02-02,MSFT,Technology,306.0,307.39,304.52,306.92,13919991
2024-02-05,MSFT,Technology,303.09,303.78,300.44,301.31,69916948
2024-02-06,MSFT,Technology,301.17,304.75,300.58,303.29,35755085
2024-02-07,MSFT,Technology,300.98,302.73,297.21,298.34,52795359
2024-02-08,MSFT,Technology,299.35,302.0,298.7,301.19,43530626
2024-02-09,MSFT,Technology,295.88,297.09,292.84,296.03,54816516
2024-02-12,MSFT,Technology,302.59,302.63,299.45,299.91,61216553
2024-02-13,MSFT,Technology,298.67,304.1,298.26,300.62,77411689
2024-02-14,MSFT,Technology,308.52,313.51,306.89,309.68,58807760
2024-02-15,MSFT,Technology,308.71,309.23,305.83,308.34,51691192
2024-02-16,MSFT,Technology,307.6,313.08,307.21,310.72,54616577
2024-02-19,MSFT,Technology,306.66,309.29,302.59,306.75,51746859
2024-02-20,MSFT,Technology,302.56,306.97,302.36,305.39,56506791
2024-02-21,MSFT,Technology,304.73,308.74,302.57,306.08,59333798
2024-02-22,MSFT,Technology,298.08,299.45,296.65,298.28,64024566
2024-02-23,MSFT,Technology,293.68,295.82,289.79,291.23,55503273
2024-02-26,MSFT,Technology,292.4,295.48,291.5,294.34,17026201
2024-02-27,MSFT,Technology,292.0,294.31,291.41,293.75,28413590
2024-02-28,MSFT,Technology,291.5,292.0,290.54,290.92,36237284
2024-02-29,MSFT,Technology,288.95,292.2,286.47,287.41,38714054
2024-03-01,MSFT,Technology,284.85,285.54,283.87,284.14,62025856
2024-03-04,MSFT,Technology,282.04,287.37,281.9,284.81,42174623
2024-03-05,MSFT,Technology,286.97,287.18,283.59,287.1,75050561
2024-03-06,MSFT,Technology,277.09,277.92,275.23,277.03,31661027
2024-03-07,MSFT,Technology,284.5,285.01,282.18,283.81,12587211
2024-03-08,MSFT,Technology,290.27,291.61,289.42,290.42,57376517
2024-03-11,MSFT,Technology,278.04,280.4,277.83,279.05,33808348
2024-03-12,MSFT,Technology,285.55,286.27,278.71,284.33,42807007
2024-03-13,MSFT,Technology,288.03,292.78,285.61,289.57,51157443
2024-03-14,MSFT,Technology,291.67,292.29,288.51,289.7,57132676
2024-03-15,MSFT,Technology,282.79,284.79,280.57,283.45,19060867
2024-03-18,MSFT,Technology,287.9,288.79,287.71,288.48,42097474
2024-03-19,MSFT,Technology,286.04,288.62,283.48,287.43,62653130
2024-03-20,MSFT,Technology,288.76,291.73,285.88,290.25,40624165
2024-03-21,MSFT,Technology,302.83,303.9,299.33,301.33,58274940
2024-03-22,MSFT,Technology,301.06,303.45,299.46,302.77,72216156
2024-03-25,MSFT,Technology,296.37,300.0,294.57,298.19,80822068
2024-03-26,MSFT,Technology,296.01,298.06,291.42,296.63,38619643
2024-03-27,MSFT,Technology,290.49,296.53,289.09,292.79,16796262
2024-03-28,MSFT,Technology,294.52,295.96,294.15,295.08,56607412
2024-03-29,MSFT,Technology,291.51,294.04,289.29,291.18,37596107
2024-04-01,MSFT,Technology,287.84,290.61,286.07,288.97,57051990
2024-04-02,MSFT,Technology,284.51,286.79,279.59,282.8,75538594
2024-04-03,MSFT,Technology,283.36,286.79,279.12,282.3,40226743
2024-04-04,MSFT,Technology,282.22,284.67,280.2,283.28,62333537
2024-04-05,MSFT,Technology,272.37,273.66,269.96,270.48,32235090
2024-04-08,MSFT,Technology,270.63,274.11,269.2,271.8,48597839
2024-04-09,MSFT,Technology,271.14,275.46,269.17,271.72,82232670
2024-04-10,MSFT,Technology,266.56,268.66,264.74,268.32,27629890
2024-04-11,MSFT,Technology,277.96,279.73,277.67,277.7,98735622
2024-04-12,MSFT,Technology,279.95,284.38,279.62,282.35,62582293
2024-04-15,MSFT,Technology,277.84,279.23,276.79,277.22,17231670
2024-04-16,MSFT,Technology,282.17,282.74,280.08,281.3,67517709
2024-04-17,MSFT,Technology,287.92,288.21,285.66,287.39,36988650
2024-04-18,MSFT,Technology,289.91,292.74,287.7,288.17,50064027
2024-04-19,MSFT,Technology,288.73,292.39,287.43,290.07,82746535
2024-04-22,MSFT,Technology,290.57,292.63,290.11,291.88,60419273
2024-04-23,MSFT,Technology,281.36,283.34,279.67,281.67,61706522
2024-04-24,MSFT,Technology,279.59,283.49,277.37,280.9,51586631
2024-04-25,MSFT,Technology,280.01,281.06,278.25,279.89,49788606
2024-04-26,MSFT,Technology,283.68,288.54,280.67,286.83,75196824
2024-04-29,MSFT,Technology,288.11,289.01,286.88,288.59,44303562
2024-04-30,MSFT,Technology,289.35,294.24,284.77,287.27,55099852
2024-05-01,MSFT,Technology,285.2,289.06,281.95,286.96,32965689
2024-05-02,MSFT,Technology,290.37,294.35,289.71,292.09,33096426
2024-05-03,MSFT,Technology,291.63,293.67,289.13,291.31,67573800
2024-05-06,MSFT,Technology,288.77,289.48,284.54,287.99,49265312
2024-05-07,MSFT,Technology,285.05,287.65,281.01,286.78,31771445
2024-05-08,MSFT,Technology,290.96,292.32,290.86,291.5,32331139
2024-05-09,MSFT,Technology,295.78,300.44,293.7,294.1,33680287
2024-05-10,MSFT,Technology,292.13,294.97,289.94,294.45,57464871
2024-05-13,MSFT,Technology,295.55,296.74,293.35,295.55,63665801
2024-05-14,MSFT,Technology,294.24,297.34,289.71,292.88,59170437
2024-05-15,MSFT,Technology,294.14,296.82,289.34,292.05,46701782
2024-05-16,MSFT,Technology,289.64,293.17,287.51,288.9,45085742
2024-05-17,MSFT,Technology,286.08,289.99,284.2,287.58,77353258
2024-05-20,MSFT,Technology,293.87,297.48,292.52,294.3,46908268
2024-05-21,MSFT,Technology,288.28,289.72,287.44,289.05,50601266
2024-05-22,MSFT,Technology,284.93,286.12,284.78,285.8,12561228
2024-05-23,MSFT,Technology,280.49,282.36,277.64,279.84,20172885
2024-05-24,MSFT,Technology,270.48,275.49,269.17,272.97,82954191
2024-05-27,MSFT,Technology,271.5,272.56,270.77,272.23,51530908
2024-05-28,MSFT,Technology,269.4,271.7,266.74,269.5,80435380
2024-05-29,MSFT,Technology,275.32,279.64,274.8,277.7,32637505
2024-05-30,MSFT,Technology,277.21,278.58,272.43,276.5,69801437
2024-05-31,MSFT,Technology,283.0,284.97,280.56,282.69,39545586
2024-06-03,MSFT,Technology,286.28,287.63,284.6,287.47,51668783
2024-06-04,MSFT,Technology,284.28,288.15,284.14,286.59,47965886
2024-06-05,MSFT,Technology,299.99,302.82,295.98,297.0,74950108
2024-06-06,MSFT,Technology,301.96,302.79,297.5,298.5,59096097
2024-06-07,MSFT,Technology,306.62,306.83,305.41,306.32,5602764
2024-06-10,MSFT,Technology,314.83,315.1,313.26,313.73,84568353
2024-06-11,MSFT,Technology,315.01,316.96,310.74,316.09,34922030
2024-06-12,MSFT,Technology,319.38,320.6,317.55,320.28,52854224
2024-06-13,MSFT,Technology,321.69,325.0,320.36,323.83,47939063
2024-06-14,MSFT,Technology,318.37,319.28,313.84,317.68,67618120
2024-06-17,MSFT,Technology,318.55,321.55,317.18,318.14,68262763
2024-06-18,MSFT,Technology,324.87,327.84,322.95,324.1,47582197
2024-06-19,MSFT,Technology,336.52,338.55,331.36,332.66,27261167
2024-06-20,MSFT,Technology,326.58,329.4,326.26,328.74,38680329
2024-06-21,MSFT,Technology,332.09,335.68,330.28,331.85,29594312
2024-06-24,MSFT,Technology,332.67,334.68,331.79,332.86,42138021
2024-06-25,MSFT,Technology,331.54,335.19,331.25,332.35,39603181
2024-06-26,MSFT,Technology,329.52,339.19,327.08,334.52,42781508
2024-06-27,MSFT,Technology,335.95,338.62,332.04,335.91,81988995
2024-06-28,MSFT,Technology,339.44,341.8,338.76,339.16,26219222
2024-07-01,MSFT,Technology,346.91,347.95,345.83,347.64,45500099
2024-07-02,MSFT,Technology,352.27,352.63,352.14,352.43,30980849
2024-07-03,MSFT,Technology,353.16,357.56,350.82,354.46,12959361
2024-07-04,MSFT,Technology,368.02,371.49,365.11,365.86,4380266
2024-07-05,MSFT,Technology,372.25,373.1,369.69,372.94,40385907
2024-07-08,MSFT,Technology,375.44,377.13,370.19,372.53,21720519
2024-07-09,MSFT,Technology,364.39,365.53,363.16,365.0,40039317
2024-07-10,MSFT,Technology,359.98,364.71,357.05,359.04,48441446
2024-07-11,MSFT,Technology,364.56,365.79,361.64,364.9,38452856
2024-07-12,MSFT,Technology,361.25,361.38,359.93,361.17,25602892
2024-07-15,MSFT,Technology,355.73,355.88,353.94,355.15,40068916
2024-07-16,MSFT,Technology,352.92,355.02,346.65,350.74,19133162
2024-07-17,MSFT,Technology,347.57,348.7,344.93,346.8,56589289
2024-07-18,MSFT,Technology,354.28,359.62,350.78,351.98,6274883
2024-07-19,MSFT,Technology,349.48,355.1,348.1,351.21,29027451
2024-07-22,MSFT,Technology,342.83,348.01,338.56,343.18,31141142
2024-07-23,MSFT,Technology,346.15,350.52,343.28,343.52,27903564
2024-07-24,MSFT,Technology,348.67,352.45,343.39,344.98,35261043
2024-07-25,MSFT,Technology,342.25,342.71,341.48,342.33,74292882
2024-07-26,MSFT,Technology,350.79,353.36,345.95,349.22,54670607
2024-07-29,MSFT,Technology,348.1,351.58,344.27,346.89,48652918
2024-07-30,MSFT,Technology,352.63,357.36,351.8,353.59,92581892
2024-07-31,MSFT,Technology,353.99,357.42,352.45,357.34,51393174
2024-08-01,MSFT,Technology,362.93,366.35,362.35,363.14,36220513
2024-08-02,MSFT,Technology,352.55,359.42,350.25,356.53,50161602
2024-08-05,MSFT,Technology,357.71,360.32,356.75,357.29,64860280
2024-08-06,MSFT,Technology,356.6,360.32,355.82,357.14,52617099
2024-08-07,MSFT,Technology,346.41,349.35,344.46,348.67,38263693
2024-08-08,MSFT,Technology,353.91,357.96,348.8,355.39,72229333
2024-08-09,MSFT,Technology,354.05,356.99,350.45,350.62,26964502
2024-08-12,MSFT,Technology,345.92,349.32,343.0,347.15,42437838
2024-08-13,MSFT,Technology,343.19,344.6,335.98,341.33,23758071
2024-08-14,MSFT,Technology,347.78,350.49,343.27,345.56,66638486
2024-08-15,MSFT,Technology,337.34,337.86,334.87,336.76,36869856
2024-08-16,MSFT,Technology,344.01,344.02,338.64,340.46,35631857
2024-08-19,MSFT,Technology,345.28,349.21,342.11,346.66,42110462
2024-08-20,MSFT,Technology,350.05,350.32,349.56,349.99,56096535
2024-08-21,MSFT,Technology,355.65,357.42,352.02,354.39,44370537
2024-08-22,MSFT,Technology,361.33,363.52,355.79,359.14,55331905
2024-08-23,MSFT,Technology,349.94,353.62,345.43,353.51,32924546
2024-08-26,MSFT,Technology,360.76,364.18,356.97,362.3,38359017
2024-08-27,MSFT,Technology,360.73,362.29,359.06,359.64,62104019
2024-08-28,MSFT,Technology,360.17,360.83,358.57,359.4,55652333
2024-08-29,MSFT,Technology,357.31,358.65,356.1,357.54,46122364
2024-08-30,MSFT,Technology,358.87,360.78,356.89,360.69,30059266
2024-09-02,MSFT,Technology,358.03,358.55,355.66,357.56,41836067
2024-09-03,MSFT,Technology,358.88,360.23,357.05,358.14,35032527
2024-09-04,MSFT,Technology,351.05,351.92,350.77,350.79,13289930
2024-09-05,MSFT,Technology,358.19,363.58,357.02,357.9,36715212
2024-09-06,MSFT,Technology,362.83,363.61,359.21,362.15,27579096
2024-09-09,MSFT,Technology,361.86,363.31,360.17,360.52,55111300
2024-09-10,MSFT,Technology,359.69,361.82,355.03,357.81,63414146
2024-09-11,MSFT,Technology,361.78,362.08,361.6,361.9,46679818
2024-09-12,MSFT,Technology,359.89,360.1,355.0,357.72,42484396
2024-09-13,MSFT,Technology,358.98,361.98,357.18,358.65,34603451
2024-09-16,MSFT,Technology,370.54,371.2,362.73,365.9,46654443
2024-09-17,MSFT,Technology,362.01,364.07,358.04,361.03,67504776
2024-09-18,MSFT,Technology,365.07,365.86,362.05,363.46,55006455
2024-09-19,MSFT,Technology,367.32,367.88,362.93,365.58,74320737
2024-09-20,MSFT,Technology,363.44,367.23,363.09,365.15,54575425
2024-09-23,MSFT,Technology,361.22,365.52,360.18,362.19,49950975
2024-09-24,MSFT,Technology,367.13,373.15,366.43,369.84,12494637
2024-09-25,MSFT,Technology,368.15,368.55,358.18,366.26,89070165
2024-09-26,MSFT,Technology,354.82,355.41,352.42,355.15,78641511
2024-09-27,MSFT,Technology,356.18,363.55,354.68,359.18,59319886
2024-09-30,MSFT,Technology,352.91,355.48,349.15,352.02,9329393
2024-10-01,MSFT,Technology,357.88,359.9,351.43,356.32,51772309
2024-10-02,MSFT,Technology,366.05,366.36,363.44,364.58,46522559
2024-10-03,MSFT,Technology,367.96,372.03,366.17,368.65,58260064
2024-10-04,MSFT,Technology,376.16,376.59,373.0,375.54,46140744
2024-10-07,MSFT,Technology,384.3,389.09,380.56,388.61,23849677
2024-10-08,MSFT,Technology,394.0,396.07,390.65,395.18,41541198
2024-10-09,MSFT,Technology,396.19,402.91,395.91,397.59,84485817
2024-10-10,MSFT,Technology,409.4,409.46,407.93,408.82,49079442
2024-10-11,MSFT,Technology,419.46,423.57,418.82,421.21,49574457
2024-10-14,MSFT,Technology,431.91,437.92,429.96,434.07,39735738
2024-10-15,MSFT,Technology,432.85,434.31,428.36,430.65,36169829
2024-10-16,MSFT,Technology,417.13,422.29,411.94,420.94,28086511
2024-10-17,MSFT,Technology,412.76,417.42,412.34,417.18,43636926
2024-10-18,MSFT,Technology,420.12,425.73,418.79,422.36,39776589
2024-10-21,MSFT,Technology,424.39,426.94,423.18,423.7,71745428
2024-10-22,MSFT,Technology,423.68,424.87,421.68,422.42,45120510
2024-10-23,MSFT,Technology,426.66,427.6,426.16,426.64,52928218
2024-10-24,MSFT,Technology,414.06,419.05,410.15,416.17,21674442
2024-10-25,MSFT,Technology,414.78,417.82,412.26,417.37,58127875
2024-10-28,MSFT,Technology,425.58,431.27,423.6,425.5,63252743
2024-10-29,MSFT,Technology,427.5,430.9,425.01,429.67,50955022
2024-10-30,MSFT,Technology,432.12,440.23,431.0,434.93,47137046
2024-10-31,MSFT,Technology,446.04,450.54,444.83,446.94,53914642
2024-11-01,MSFT,Technology,446.55,447.21,444.52,446.65,69476706
2024-11-04,MSFT,Technology,439.25,443.37,435.72,441.9,57563862
2024-11-05,MSFT,Technology,450.58,452.67,447.41,451.05,24731871
2024-11-06,MSFT,Technology,457.96,461.48,454.11,460.24,55819720
2024-11-07,MSFT,Technology,462.53,465.81,460.6,464.82,37030585
2024-11-08,MSFT,Technology,466.09,470.44,458.7,463.78,63553337
2024-11-11,MSFT,Technology,466.59,468.06,463.53,464.01,24556373
2024-11-12,MSFT,Technology,452.94,455.68,448.95,454.15,30178076
2024-11-13,MSFT,Technology,462.1,463.44,457.71,462.96,59468392
2024-11-14,MSFT,Technology,469.92,472.29,468.47,471.66,35658774
2024-11-15,MSFT,Technology,461.35,462.04,460.18,461.36,36708581
2024-11-18,MSFT,Technology,469.15,474.42,467.94,468.39,66448533
2024-11-19,MSFT,Technology,468.48,472.33,464.98,471.82,23801516
2024-11-20,MSFT,Technology,462.1,467.61,459.11,463.85,53461277
2024-11-21,MSFT,Technology,451.0,455.16,450.08,454.56,52297800
2024-11-22,MSFT,Technology,453.35,460.43,453.16,457.66,58518925
2024-11-25,MSFT,Technology,449.68,455.28,449.25,454.78,63922069
2024-11-26,MSFT,Technology,470.72,472.59,466.51,469.06,16367696
2024-11-27,MSFT,Technology,475.92,480.13,471.41,476.88,61523964
2024-11-28,MSFT,Technology,482.0,483.24,479.13,480.94,47027863
2024-11-29,MSFT,Technology,489.58,492.72,480.12,485.45,43717425
2024-12-02,MSFT,Technology,500.02,504.8,494.68,496.66,36565302
2024-12-03,MSFT,Technology,500.4,504.79,496.97,504.04,34699915
2024-12-04,MSFT,Technology,504.67,508.88,504.37,508.56,58726357
2024-12-05,MSFT,Technology,502.75,502.95,494.01,500.32,53137594
2024-12-06,MSFT,Technology,525.67,532.37,524.73,526.6,43469811
2024-12-09,MSFT,Technology,519.51,521.14,512.83,516.98,52241205
2024-12-10,MSFT,Technology,516.23,521.6,511.37,514.47,62391333
2024-12-11,MSFT,Technology,500.4,501.72,495.99,500.24,26287305
2024-12-12,MSFT,Technology,504.16,507.71,502.86,505.06,70485598
2024-12-13,MSFT,Technology,505.05,514.83,503.64,506.59,65023349
2024-12-16,MSFT,Technology,514.83,516.33,512.45,513.42,27214152
2024-12-17,MSFT,Technology,499.8,502.63,491.08,498.49,59108976
2024-12-18,MSFT,Technology,506.65,510.27,506.33,508.15,45140570
2024-12-19,MSFT,Technology,504.27,504.91,498.92,501.42,81870903
2024-12-20,MSFT,Technology,500.51,503.13,498.31,500.38,55532560
2024-12-23,MSFT,Technology,509.35,515.89,501.57,508.54,71527565
2024-12-24,MSFT,Technology,510.01,514.87,508.8,511.04,50765801
2024-12-25,MSFT,Technology,515.1,515.77,512.4,514.17,74229149
2024-12-26,MSFT,Technology,522.9,526.64,516.56,521.39,77562713
2024-12-27,MSFT,Technology,533.89,537.96,524.57,525.44,13365444
2024-12-30,MSFT,Technology,524.11,526.07,515.8,522.64,35912677
2024-12-31,MSFT,Technology,516.91,523.08,509.97,521.41,62223245
2025-01-01,MSFT,Technology,518.02,523.63,510.7,523.53,43747265
2025-01-02,MSFT,Technology,520.13,521.4,512.78,515.81,48732624
2025-01-03,MSFT,Technology,524.83,526.52,519.9,524.78,59489397
2025-01-06,MSFT,Technology,520.33,529.86,518.6,527.6,60192285
2025-01-07,MSFT,Technology,528.58,533.64,524.98,528.52,52696908
2025-01-08,MSFT,Technology,539.27,541.61,537.51,539.49,61275966
2025-01-09,MSFT,Technology,537.22,538.96,529.29,538.64,24719666
2025-01-10,MSFT,Technology,532.15,540.08,529.69,537.22,43782793
2025-01-13,MSFT,Technology,530.93,533.99,525.15,533.05,63103228
2025-01-14,MSFT,Technology,538.77,543.96,532.21,536.41,311512
2025-01-15,MSFT,Technology,537.25,542.98,535.36,539.47,45450779
2025-01-16,MSFT,Technology,533.56,536.12,532.81,533.62,62478102
2025-01-17,MSFT,Technology,527.87,533.34,524.52,532.26,42112419
2025-01-20,MSFT,Technology,528.42,538.53,526.17,526.54,56053204
2025-01-21,MSFT,Technology,518.52,521.12,516.9,520.48,52630729
2025-01-22,MSFT,Technology,502.79,506.13,497.79,505.42,57007334
2025-01-23,MSFT,Technology,506.14,506.96,501.1,503.67,54086626
2025-01-24,MSFT,Technology,486.96,490.39,483.68,489.33,38356857
2025-01-27,MSFT,Technology,486.18,487.16,481.78,485.71,67446445
2025-01-28,MSFT,Technology,482.29,484.6,475.85,480.88,46771877
2025-01-29,MSFT,Technology,488.59,490.08,487.39,489.71,14652624
2025-01-30,MSFT,Technology,480.54,482.49,478.46,481.49,37230440
2025-01-31,MSFT,Technology,479.56,485.79,471.25,475.49,45402396
2025-02-03,MSFT,Technology,474.7,474.95,468.96,472.63,42590760
2025-02-04,MSFT,Technology,465.56,472.71,465.2,468.19,53091442
2025-02-05,MSFT,Technology,482.32,485.71,477.36,479.3,39098132
2025-02-06,MSFT,Technology,469.94,470.48,465.14,470.25,35839869
2025-02-07,MSFT,Technology,470.66,473.5,467.24,467.44,53463325
2025-02-10,MSFT,Technology,469.59,474.64,468.95,470.3,53268780
2025-02-11,MSFT,Technology,480.36,482.9,472.5,477.57,22878293
2025-02-12,MSFT,Technology,478.65,479.86,473.92,474.7,16677963
2025-02-13,MSFT,Technology,458.38,462.7,456.49,459.45,46902827
2025-02-14,MSFT,Technology,460.73,461.38,457.53,458.49,30378760
2025-02-17,MSFT,Technology,467.14,474.99,464.8,469.25,77831622
2025-02-18,MSFT,Technology,471.13,471.73,467.71,471.72,71204191
2025-02-19,MSFT,Technology,473.57,475.09,473.39,473.84,55098715
2025-02-20,MSFT,Technology,467.61,467.63,463.54,465.5,77523829
2025-02-21,MSFT,Technology,457.38,458.35,451.78,456.49,3904431
2025-02-24,MSFT,Technology,457.75,458.05,455.25,456.85,53470339
2025-02-25,MSFT,Technology,445.85,449.4,445.59,445.98,36390214
2025-02-26,MSFT,Technology,454.4,455.07,450.5,452.12,41037891
2025-02-27,MSFT,Technology,444.35,446.08,444.31,445.82,57545219
2025-02-28,MSFT,Technology,445.24,451.41,443.93,445.85,62959924
2025-03-03,MSFT,Technology,431.11,432.49,428.22,431.76,36992919
2025-03-04,MSFT,Technology,425.7,429.55,424.3,429.08,32608042
2025-03-05,MSFT,Technology,420.25,422.03,420.23,420.63,54564533
2025-03-06,MSFT,Technology,407.96,408.91,403.46,404.22,40489462
2025-03-07,MSFT,Technology,406.37,409.76,405.05,408.14,55469792
2025-03-10,MSFT,Technology,424.74,426.81,418.53,419.72,48182180
2025-03-11,MSFT,Technology,428.84,429.6,424.24,427.97,7428190
2025-03-12,MSFT,Technology,427.86,434.59,424.67,433.13,22271508
2025-03-13,MSFT,Technology,423.69,431.96,422.99,430.29,30470347
2025-03-14,MSFT,Technology,434.19,439.26,433.87,436.39,38470069
2025-03-17,MSFT,Technology,446.79,455.47,443.07,445.67,29852199
2025-03-18,MSFT,Technology,446.33,448.55,443.91,446.92,17206918
2025-03-19,MSFT,Technology,438.23,439.89,432.6,438.13,40962786
2025-03-20,MSFT,Technology,435.33,440.67,427.55,434.62,63838646
2025-03-21,MSFT,Technology,447.39,450.99,443.21,447.4,58236305
2025-03-24,MSFT,Technology,451.3,452.59,446.2,447.04,49418268
2025-03-25,MSFT,Technology,418.61,425.88,416.87,421.99,57970410
2025-03-26,MSFT,Technology,408.37,414.95,404.38,411.65,43281579
2025-03-27,MSFT,Technology,411.9,412.12,403.75,408.87,64654206
2025-03-28,MSFT,Technology,415.01,418.24,414.94,416.26,22660029
2025-03-31,MSFT,Technology,414.87,421.07,413.14,414.53,48278841
2025-04-01,MSFT,Technology,424.47,425.07,421.55,422.15,30445915
2025-04-02,MSFT,Technology,419.07,422.02,416.19,418.57,73835799
2025-04-03,MSFT,Technology,404.6,407.24,401.86,404.79,44325025
2025-04-04,MSFT,Technology,403.16,403.96,401.44,401.6,57782044
2025-04-07,MSFT,Technology,404.75,410.24,401.06,404.15,65298166
2025-04-08,MSFT,Technology,405.86,407.58,402.11,406.14,30650935
2025-04-09,MSFT,Technology,393.56,397.94,391.96,397.66,32602152
2025-04-10,MSFT,Technology,395.34,396.45,389.71,395.47,23198666
2025-04-11,MSFT,Technology,416.16,418.91,411.52,413.71,52775475
2025-04-14,MSFT,Technology,404.29,405.74,400.14,405.23,59714250
2025-04-15,MSFT,Technology,411.04,412.24,405.84,409.97,45675738
2025-04-16,MSFT,Technology,397.99,402.12,392.72,395.55,51448177
2025-04-17,MSFT,Technology,399.53,403.71,398.38,401.55,25720987
2025-04-18,MSFT,Technology,393.68,397.54,390.18,395.65,21715811
2025-04-21,MSFT,Technology,397.26,400.52,396.72,398.54,41259135
2025-04-22,MSFT,Technology,390.06,394.69,388.66,389.97,55882963
2025-04-23,MSFT,Technology,391.27,394.77,388.27,392.09,68721232
2025-04-24,MSFT,Technology,386.52,387.4,386.16,386.21,47420967
2025-04-25,MSFT,Technology,384.08,386.89,379.72,381.7,67141508
2025-04-28,MSFT,Technology,383.58,387.1,379.15,384.75,42341865
2025-04-29,MSFT,Technology,383.44,386.45,380.15,382.11,52709738
2025-04-30,MSFT,Technology,385.69,387.39,380.42,384.77,57949178
2025-05-01,MSFT,Technology,379.66,384.53,377.23,383.7,52579950
2025-05-02,MSFT,Technology,388.14,390.84,382.61,384.32,49741733
2025-05-05,MSFT,Technology,387.31,391.58,384.84,387.41,39600538
2025-05-06,MSFT,Technology,381.28,385.41,380.64,385.29,20422080
2025-05-07,MSFT,Technology,379.72,381.57,378.36,378.94,43682245
2025-05-08,MSFT,Technology,376.83,378.57,374.91,375.69,35050487
2025-05-09,MSFT,Technology,384.04,387.16,381.95,383.5,85449166
2025-05-12,MSFT,Technology,383.41,384.52,381.66,384.44,53120971
2025-05-13,MSFT,Technology,375.73,380.51,372.94,379.1,51604597
2025-05-14,MSFT,Technology,383.8,385.49,375.71,381.87,84485707
2025-05-15,MSFT,Technology,385.67,387.7,384.67,385.09,52309071
2025-05-16,MSFT,Technology,387.35,389.19,385.75,388.67,42297598
2025-05-19,MSFT,Technology,381.05,386.12,380.68,382.39,59364065
2025-05-20,MSFT,Technology,379.13,381.24,377.3,378.14,40084002
2025-05-21,MSFT,Technology,375.57,379.03,371.67,373.96,32643329
2025-05-22,MSFT,Technology,373.9,376.29,370.61,371.85,67755886
2025-05-23,MSFT,Technology,373.75,376.32,373.43,375.43,63874993
2025-05-26,MSFT,Technology,377.27,378.48,375.89,377.5,64380041
2025-05-27,MSFT,Technology,378.79,380.24,376.06,380.08,6192277
2025-05-28,MSFT,Technology,389.41,391.02,388.32,389.01,15651012
2025-05-29,MSFT,Technology,393.04,399.69,389.38,393.75,30541978
2025-05-30,MSFT,Technology,395.5,398.04,390.58,392.98,29736125
2025-06-02,MSFT,Technology,385.95,388.16,384.99,385.26,40944479
2025-06-03,MSFT,Technology,377.3,386.54,376.72,380.76,39586797
2025-06-04,MSFT,Technology,378.18,381.04,375.16,379.25,44570755
2025-06-05,MSFT,Technology,384.1,386.08,380.56,384.77,53118940
2025-06-06,MSFT,Technology,385.86,387.64,379.71,384.77,36141338
2025-06-09,MSFT,Technology,378.96,380.92,377.72,380.66,75081121
2025-06-10,MSFT,Technology,375.15,377.37,372.22,376.1,54385117
2025-06-11,MSFT,Technology,378.26,379.0,372.87,375.83,26281252
2025-06-12,MSFT,Technology,378.67,383.41,375.61,381.69,81162513
2025-06-13,MSFT,Technology,393.88,397.0,390.65,392.2,29328616
2025-06-16,MSFT,Technology,392.71,393.82,390.72,391.01,55950846
2025-06-17,MSFT,Technology,391.54,394.96,387.45,390.9,58655666
2025-06-18,MSFT,Technology,384.67,386.01,381.81,383.01,62317491
2025-06-19,MSFT,Technology,393.01,398.66,389.81,395.82,54199328
2025-06-20,MSFT,Technology,384.91,388.03,384.83,386.58,21769549
2025-06-23,MSFT,Technology,395.31,396.86,392.1,394.46,49293582
2025-06-24,MSFT,Technology,392.99,395.55,390.63,392.2,41361611
2025-06-25,MSFT,Technology,390.08,394.53,386.26,388.39,67840701
2025-06-26,MSFT,Technology,377.02,384.34,374.56,381.24,25947043
2025-06-27,MSFT,Technology,393.83,398.15,393.26,397.04,55813473
2025-06-30,MSFT,Technology,400.13,400.85,396.94,398.72,48071654
2025-07-01,MSFT,Technology,396.64,401.92,395.05,399.05,33136594
2025-07-02,MSFT,Technology,404.89,407.77,403.74,405.26,55203846
2025-07-03,MSFT,Technology,401.68,404.13,399.63,400.96,67797328
2025-07-04,MSFT,Technology,402.18,407.86,397.95,401.17,69003772
2025-07-07,MSFT,Technology,398.89,403.82,398.75,401.74,39769176
2025-07-08,MSFT,Technology,398.77,401.33,397.07,398.43,34121658
2025-07-09,MSFT,Technology,408.28,410.05,406.14,406.74,44039524
2025-07-10,MSFT,Technology,404.97,407.53,402.11,405.42,82815128
2025-07-11,MSFT,Technology,391.24,396.51,390.26,394.91,59347074
2025-07-14,MSFT,Technology,392.87,393.22,391.77,393.07,45285985
2025-07-15,MSFT,Technology,397.73,400.0,392.58,394.92,32609587
2025-07-16,MSFT,Technology,388.95,389.9,386.29,389.11,55481663
2025-07-17,MSFT,Technology,382.85,385.61,380.06,383.9,78915151
2025-07-18,MSFT,Technology,378.78,381.09,376.74,380.52,39430168
2025-07-21,MSFT,Technology,390.29,393.55,384.76,388.6,49514721
2025-07-22,MSFT,Technology,384.39,386.35,382.27,385.56,39191934
2025-07-23,MSFT,Technology,393.6,395.71,390.45,395.11,80665550
2025-07-24,MSFT,Technology,390.04,393.38,389.48,391.17,32292675
2025-07-25,MSFT,Technology,393.5,395.61,393.0,393.51,69845658
2025-07-28,MSFT,Technology,392.75,395.2,389.49,390.71,30649105
2025-07-29,MSFT,Technology,394.67,396.43,393.2,395.9,11822510
2025-07-30,MSFT,Technology,388.55,388.98,387.81,388.56,71538419
2025-07-31,MSFT,Technology,394.5,398.02,393.08,393.65,65437288
2025-08-01,MSFT,Technology,397.89,401.44,391.67,394.6,44896140
2025-08-04,MSFT,Technology,389.81,391.79,387.99,390.49,34804224
2025-08-05,MSFT,Technology,389.71,395.06,385.75,389.57,40434954
2025-08-06,MSFT,Technology,400.03,400.87,396.8,399.92,338625
2025-08-07,MSFT,Technology,401.01,401.33,399.77,401.04,79039070
2025-08-08,MSFT,Technology,394.65,398.52,393.69,396.44,71025308
2025-08-11,MSFT,Technology,387.19,390.44,384.3,388.51,56605282
2025-08-12,MSFT,Technology,388.94,393.47,387.92,392.03,63717758
2025-08-13,MSFT,Technology,392.15,401.32,390.76,393.52,28226593
2025-08-14,MSFT,Technology,394.25,406.02,392.07,398.35,51488697
2025-08-15,MSFT,Technology,388.19,392.31,386.51,388.64,77143415
2025-08-18,MSFT,Technology,378.37,381.17,374.21,381.08,45315079
2025-08-19,MSFT,Technology,388.19,390.34,388.07,388.69,60021223
2025-08-20,MSFT,Technology,392.46,398.21,390.22,391.06,33043017
2025-08-21,MSFT,Technology,395.28,397.44,390.81,394.79,44386696
2025-08-22,MSFT,Technology,387.39,389.76,385.5,388.51,46550413
2025-08-25,MSFT,Technology,380.97,386.54,378.75,382.22,49884049
2025-08-26,MSFT,Technology,390.13,394.46,387.57,388.84,31075650
2025-08-27,MSFT,Technology,397.55,400.15,394.02,395.88,68340538
2025-08-28,MSFT,Technology,390.45,391.12,388.13,388.75,39330508
2025-08-29,MSFT,Technology,383.33,385.15,377.79,380.47,60744843
2025-09-01,MSFT,Technology,378.41,382.41,374.69,379.95,40943060
2025-09-02,MSFT,Technology,374.81,375.59,372.38,374.97,58356945
2025-09-03,MSFT,Technology,369.56,370.41,368.27,369.92,71215878
2025-09-04,MSFT,Technology,362.45,363.61,359.77,362.22,24348514
2025-09-05,MSFT,Technology,360.73,362.15,358.09,359.51,47052021
2025-09-08,MSFT,Technology,355.15,356.32,350.33,352.62,48602609
2025-09-09,MSFT,Technology,345.14,347.61,344.18,346.22,55426628
2025-09-10,MSFT,Technology,348.28,348.37,342.48,348.14,69692934
2025-09-11,MSFT,Technology,349.26,349.52,345.59,347.97,58203413
2025-09-12,MSFT,Technology,351.05,351.78,350.81,351.01,100000
2025-09-15,MSFT,Technology,341.7,342.83,337.63,341.33,49604305
2025-09-16,MSFT,Technology,339.48,341.67,337.06,341.55,57434515
2025-09-17,MSFT,Technology,354.29,356.59,351.86,353.76,49857182
2025-09-18,MSFT,Technology,349.24,353.37,348.01,351.69,57820756
2025-09-19,MSFT,Technology,356.79,357.8,352.89,356.79,44354341
2025-09-22,MSFT,Technology,362.16,364.83,359.77,361.9,50957487
2025-09-23,MSFT,Technology,369.47,370.11,366.81,367.4,42254086
2025-09-24,MSFT,Technology,367.61,369.35,363.86,368.61,71360207
2025-09-25,MSFT,Technology,371.07,374.16,367.86,372.33,60804703
2025-09-26,MSFT,Technology,378.22,379.21,374.38,376.93,53574118
2025-09-29,MSFT,Technology,378.88,381.84,376.23,381.18,63009648
2025-09-30,MSFT,Technology,374.15,376.63,372.48,374.12,49604946
2025-10-01,MSFT,Technology,359.14,365.37,359.08,363.44,70006695
2025-10-02,MSFT,Technology,352.03,361.66,351.36,354.01,54298664
2025-10-03,MSFT,Technology,349.51,354.9,342.96,352.55,44000541
2025-10-06,MSFT,Technology,357.6,359.19,351.21,356.28,46334660
2025-10-07,MSFT,Technology,349.28,350.71,349.01,349.75,53827962
2025-10-08,MSFT,Technology,355.14,358.47,353.97,355.41,15654287
2025-10-09,MSFT,Technology,348.86,354.32,347.66,352.55,48280952
2025-10-10,MSFT,Technology,347.27,351.44,346.65,349.76,21749924
2025-10-13,MSFT,Technology,343.65,346.48,340.32,344.95,42037672
2025-10-14,MSFT,Technology,335.35,339.71,332.56,334.06,35406829
2025-10-15,MSFT,Technology,336.05,336.61,332.51,335.52,34191295
2025-10-16,MSFT,Technology,346.55,347.21,345.08,345.45,46100206
2025-10-17,MSFT,Technology,343.75,345.27,343.61,345.24,53430849
2025-10-20,MSFT,Technology,334.69,336.5,332.44,334.54,31152982
2025-10-21,MSFT,Technology,340.64,343.39,337.78,339.14,59957963
2025-10-22,MSFT,Technology,326.71,330.14,325.67,329.93,36186002
2025-10-23,MSFT,Technology,325.53,326.98,321.53,323.3,50576061
2025-10-24,MSFT,Technology,323.27,323.58,319.59,322.15,58427265
2025-10-27,MSFT,Technology,319.38,324.13,318.16,322.97,57537182
2025-10-28,MSFT,Technology,313.33,323.09,312.2,317.59,51838065
2025-10-29,MSFT,Technology,318.14,323.21,314.36,316.24,65632768
2025-10-30,MSFT,Technology,320.44,320.75,319.19,320.23,35024624
2025-10-31,MSFT,Technology,323.88,328.01,323.72,325.02,20219045
2025-11-03,MSFT,Technology,332.41,332.49,331.76,332.09,40266691
2025-11-04,MSFT,Technology,348.41,351.63,340.12,343.02,53286473
2025-11-05,MSFT,Technology,346.83,350.31,343.67,347.91,56724191
2025-11-06,MSFT,Technology,345.59,349.07,343.25,346.79,72963534
2025-11-07,MSFT,Technology,350.49,353.16,348.98,352.02,41093636
2025-11-10,MSFT,Technology,353.58,358.86,353.03,354.98,60237827
2025-11-11,MSFT,Technology,356.7,361.17,355.32,358.2,47132003
2025-11-12,MSFT,Technology,357.5,359.47,353.39,359.45,29955780
2025-11-13,MSFT,Technology,355.26,356.72,353.1,354.05,31719627
2025-11-14,MSFT,Technology,346.2,348.91,344.68,348.02,65278088
2025-11-17,MSFT,Technology,346.73,350.34,346.1,347.61,35069064
2025-11-18,MSFT,Technology,347.74,351.8,345.78,348.66,51994949
2025-11-19,MSFT,Technology,342.56,345.29,340.08,344.79,42793011
2025-11-20,MSFT,Technology,349.83,352.91,343.51,347.44,54534563
2025-11-21,MSFT,Technology,360.97,364.44,358.8,359.89,40627063
2025-11-24,MSFT,Technology,348.59,349.96,345.53,349.39,46800256
2025-11-25,MSFT,Technology,354.99,360.28,349.33,353.01,68625786
2025-11-26,MSFT,Technology,351.95,354.09,351.95,352.78,70481600
2025-11-27,MSFT,Technology,357.43,360.84,354.23,355.65,45724719
2025-11-28,MSFT,Technology,353.36,355.11,349.02,353.21,67206330
2025-12-01,MSFT,Technology,351.17,355.7,350.25,352.5,56763611
2025-12-02,MSFT,Technology,353.88,356.89,351.55,353.45,65990699
2025-12-03,MSFT,Technology,352.39,355.71,351.33,351.8,67551706
2025-12-04,MSFT,Technology,342.78,344.04,342.04,342.87,31511870
2025-12-05,MSFT,Technology,341.45,342.39,339.93,341.67,45205939
2025-12-08,MSFT,Technology,332.0,336.14,331.34,333.6,74323131
2025-12-09,MSFT,Technology,340.1,340.28,335.15,337.46,13299928
2025-12-10,MSFT,Technology,324.47,329.97,321.42,326.92,51268087
2025-12-11,MSFT,Technology,333.45,338.49,330.08,332.79,64568192
2025-12-12,MSFT,Technology,335.87,336.2,334.09,335.38,77479649
2025-12-15,MSFT,Technology,337.63,338.17,337.18,338.01,90522059
2025-12-16,MSFT,Technology,322.24,327.24,321.99,325.73,59044559
2025-12-17,MSFT,Technology,322.98,324.17,321.41,324.06,102952087
2025-12-18,MSFT,Technology,331.93,333.85,329.62,330.57,41451707
2025-12-19,MSFT,Technology,324.81,328.55,323.19,327.81,27296903
2025-12-22,MSFT,Technology,323.68,324.75,320.35,321.96,46830077
2025-12-23,MSFT,Technology,321.22,322.83,318.61,318.63,45171931
2025-12-24,MSFT,Technology,318.53,319.64,313.85,318.41,84487573
2025-12-25,MSFT,Technology,314.2,315.05,313.82,313.95,36593814
2025-12-26,MSFT,Technology,320.38,324.17,315.42,320.68,27981867
2025-12-29,MSFT,Technology,318.79,321.44,316.0,320.48,49520925
2025-12-30,MSFT,Technology,315.6,320.31,314.03,317.6,58555898
2025-12-31,MSFT,Technology,311.86,316.94,306.11,310.73,37428485
2024-01-26,NFLX,Communication Services,420.62,421.78,416.04,420.0,38851631
2024-01-29,NFLX,Communication Services,429.63,436.71,426.01,432.04,29500829
2024-01-30,NFLX,Communication Services,434.74,435.8,429.41,431.72,19109545
2024-01-31,NFLX,Communication Services,438.81,439.21,434.96,436.39,25335623
2024-02-01,NFLX,Communication Services,429.26,430.87,418.36,428.34,30397004
2024-02-02,NFLX,Communication Services,444.43,446.43,440.38,445.68,17706080
2024-02-05,NFLX,Communication Services,453.59,454.92,444.72,449.55,11490873
2024-02-06,NFLX,Communication Services,442.51,446.91,439.0,445.64,13364726
2024-02-07,NFLX,Communication Services,420.1,424.7,418.44,423.39,42638044
2024-02-08,NFLX,Communication Services,416.85,424.07,411.04,420.03,31988148
2024-02-09,NFLX,Communication Services,397.18,400.86,393.66,396.82,25488017
2024-02-12,NFLX,Communication Services,398.01,402.18,397.33,398.2,13809691
2024-02-13,NFLX,Communication Services,404.16,404.85,402.46,404.01,37939218
2024-02-14,NFLX,Communication Services,409.96,411.06,402.16,411.05,45030558
2024-02-15,NFLX,Communication Services,397.36,403.08,387.64,402.76,18944167
2024-02-16,NFLX,Communication Services,401.77,406.18,393.06,396.81,24846216
2024-02-19,NFLX,Communication Services,400.79,401.78,393.46,396.09,51326886
2024-02-20,NFLX,Communication Services,394.12,394.36,389.13,391.05,39737648
2024-02-21,NFLX,Communication Services,377.31,380.15,370.98,375.63,50237972
2024-02-22,NFLX,Communication Services,367.7,372.69,366.08,370.19,23047002
2024-02-23,NFLX,Communication Services,372.15,379.82,368.5,373.89,13503905
2024-02-26,NFLX,Communication Services,368.42,376.25,365.43,369.92,16828292
2024-02-27,NFLX,Communication Services,368.22,373.33,365.91,367.99,34711011
2024-02-28,NFLX,Communication Services,365.51,373.3,361.62,363.55,23137265
2024-02-29,NFLX,Communication Services,385.18,387.29,382.91,384.13,18297617
2024-03-01,NFLX,Communication Services,383.69,391.01,383.44,385.44,23219575
2024-03-04,NFLX,Communication Services,389.16,391.76,386.43,387.67,29274340
2024-03-05,NFLX,Communication Services,381.92,386.61,378.99,382.52,5485508
2024-03-06,NFLX,Communication Services,385.92,389.22,381.86,387.02,34282771
2024-03-07,NFLX,Communication Services,389.56,391.63,385.51,388.09,26626975
2024-03-08,NFLX,Communication Services,372.0,375.0,369.62,372.03,36224637
2024-03-11,NFLX,Communication Services,385.42,389.2,384.55,385.54,21251314
2024-03-12,NFLX,Communication Services,386.5,387.57,384.5,384.69,22987925
2024-03-13,NFLX,Communication Services,392.6,396.09,387.7,389.8,15188659
2024-03-14,NFLX,Communication Services,384.52,388.89,379.37,384.02,31029952
2024-03-15,NFLX,Communication Services,386.0,392.09,382.55,388.3,32708313
2024-03-18,NFLX,Communication Services,394.23,397.66,391.65,394.67,12783993
2024-03-19,NFLX,Communication Services,381.19,386.36,379.23,380.96,2250794
2024-03-20,NFLX,Communication Services,382.91,389.57,380.86,385.89,37100501
2024-03-21,NFLX,Communication Services,390.72,391.62,382.77,385.05,17261031
2024-03-22,NFLX,Communication Services,377.76,379.95,374.26,375.71,16305939
2024-03-25,NFLX,Communication Services,389.73,393.6,382.32,390.95,18822796
2024-03-26,NFLX,Communication Services,384.41,389.39,381.96,382.35,26957905
2024-03-27,NFLX,Communication Services,385.45,392.71,380.93,384.66,14873840
2024-03-28,NFLX,Communication Services,373.22,374.78,373.11,373.36,13918939
2024-03-29,NFLX,Communication Services,365.97,366.45,361.71,363.65,41123921
2024-04-01,NFLX,Communication Services,369.11,379.2,367.11,373.04,7671594
2024-04-02,NFLX,Communication Services,368.99,372.08,367.71,370.05,20432034
2024-04-03,NFLX,Communication Services,384.37,388.31,378.45,383.02,26823507
2024-04-04,NFLX,Communication Services,379.67,380.75,374.0,379.39,38585748
2024-04-05,NFLX,Communication Services,376.61,379.54,374.45,375.39,37642890
2024-04-08,NFLX,Communication Services,369.66,371.62,366.03,368.69,37376923
2024-04-09,NFLX,Communication Services,364.01,371.19,360.15,364.49,38313728
2024-04-10,NFLX,Communication Services,368.91,371.5,364.3,370.05,9499189
2024-04-11,NFLX,Communication Services,374.92,376.5,367.46,370.97,20522144
2024-04-12,NFLX,Communication Services,371.01,372.53,364.11,368.39,32672347
2024-04-15,NFLX,Communication Services,377.19,379.51,374.12,374.65,10335087
2024-04-16,NFLX,Communication Services,376.83,382.31,375.89,379.75,37188718
2024-04-17,NFLX,Communication Services,377.04,384.99,367.66,377.36,20164887
2024-04-18,NFLX,Communication Services,389.87,392.66,384.44,391.32,13749844
2024-04-19,NFLX,Communication Services,378.23,383.08,369.9,377.0,19473107
2024-04-22,NFLX,Communication Services,383.88,387.32,377.45,380.83,37459888
2024-04-23,NFLX,Communication Services,379.99,382.4,377.3,379.87,29370558
2024-04-24,NFLX,Communication Services,381.38,386.63,380.29,384.61,27950415
2024-04-25,NFLX,Communication Services,392.41,402.06,384.29,385.73,40441381
2024-04-26,NFLX,Communication Services,385.22,389.81,382.68,388.32,22438324
2024-04-29,NFLX,Communication Services,378.93,380.34,369.49,371.81,17315406
2024-04-30,NFLX,Communication Services,371.91,379.09,371.11,373.98,28554137
2024-05-01,NFLX,Communication Services,384.42,384.47,381.4,383.49,20518420
2024-05-02,NFLX,Communication Services,378.53,378.71,375.79,378.09,23971067
2024-05-03,NFLX,Communication Services,391.58,398.99,386.47,387.29,19800990
2024-05-06,NFLX,Communication Services,384.04,388.35,383.88,384.16,29955009
2024-05-07,NFLX,Communication Services,377.06,383.1,374.31,378.86,28460671
2024-05-08,NFLX,Communication Services,375.6,381.77,367.26,373.84,28996274
2024-05-09,NFLX,Communication Services,360.08,368.29,358.79,364.83,26928183
2024-05-10,NFLX,Communication Services,364.35,365.95,364.19,365.61,11069796
2024-05-13,NFLX,Communication Services,362.53,362.92,358.74,360.29,34252668
2024-05-14,NFLX,Communication Services,356.01,357.14,350.68,355.7,18900219
2024-05-15,NFLX,Communication Services,350.22,350.84,348.66,350.01,39755477
2024-05-16,NFLX,Communication Services,352.66,354.13,352.46,352.9,24314970
2024-05-17,NFLX,Communication Services,341.8,344.9,341.42,342.32,24602576
2024-05-20,NFLX,Communication Services,346.95,353.14,346.62,347.33,18464909
2024-05-21,NFLX,Communication Services,351.5,355.35,351.33,351.66,23874376
2024-05-22,NFLX,Communication Services,354.49,357.08,353.21,356.1,26183862
2024-05-23,NFLX,Communication Services,349.29,350.67,346.53,347.86,26249939
2024-05-24,NFLX,Communication Services,347.48,352.69,343.59,350.0,41343508
2024-05-27,NFLX,Communication Services,362.95,364.98,356.14,361.09,32355885
2024-05-28,NFLX,Communication Services,351.62,357.84,347.88,350.77,33852006
2024-05-29,NFLX,Communication Services,350.38,354.5,341.62,352.44,31328373
2024-05-30,NFLX,Communication Services,347.74,349.55,341.84,343.17,20805145
2024-05-31,NFLX,Communication Services,343.46,343.54,340.79,341.06,24208596
2024-06-03,NFLX,Communication Services,340.68,341.01,340.28,340.93,26170718
2024-06-04,NFLX,Communication Services,332.12,337.64,331.73,335.89,100000
2024-06-05,NFLX,Communication Services,326.2,331.48,322.2,329.98,32310811
2024-06-06,NFLX,Communication Services,330.5,332.75,326.99,332.14,20896206
2024-06-07,NFLX,Communication Services,321.69,326.97,318.24,324.23,21002853
2024-06-10,NFLX,Communication Services,329.53,329.66,326.52,328.38,37542456
2024-06-11,NFLX,Communication Services,340.6,344.72,340.38,342.24,25035106
2024-06-12,NFLX,Communication Services,330.56,335.03,329.77,331.89,21865240
2024-06-13,NFLX,Communication Services,321.58,325.28,320.9,321.37,30429410
2024-06-14,NFLX,Communication Services,308.31,312.01,305.79,309.81,15386668
2024-06-17,NFLX,Communication Services,304.72,310.34,303.49,306.4,27836187
2024-06-18,NFLX,Communication Services,309.23,314.79,308.31,312.83,27696998
2024-06-19,NFLX,Communication Services,322.87,326.44,320.05,320.08,17301984
2024-06-20,NFLX,Communication Services,323.7,324.27,322.6,323.45,22828226
2024-06-21,NFLX,Communication Services,326.92,329.16,321.97,325.14,28743976
2024-06-24,NFLX,Communication Services,339.7,344.66,331.54,335.23,28802993
2024-06-25,NFLX,Communication Services,334.12,335.1,329.49,331.43,30563065
2024-06-26,NFLX,Communication Services,337.26,339.46,333.35,336.01,26321809
2024-06-27,NFLX,Communication Services,347.72,352.61,345.82,352.16,38812184
2024-06-28,NFLX,Communication Services,359.26,364.42,358.38,362.73,49201923
2024-07-01,NFLX,Communication Services,358.1,358.25,351.94,353.12,32257371
2024-07-02,NFLX,Communication Services,345.82,348.4,341.32,348.36,27964274
2024-07-03,NFLX,Communication Services,370.64,372.23,365.2,365.51,25891123
2024-07-04,NFLX,Communication Services,357.23,364.44,356.09,360.61,29050693
2024-07-05,NFLX,Communication Services,372.98,380.8,368.57,374.6,27187827
2024-07-08,NFLX,Communication Services,367.6,373.52,363.78,370.87,17996215
2024-07-09,NFLX,Communication Services,368.87,369.52,365.02,369.25,25232353
2024-07-10,NFLX,Communication Services,363.77,366.47,357.61,361.27,43723155
2024-07-11,NFLX,Communication Services,351.59,357.5,348.94,354.94,21695192
2024-07-12,NFLX,Communication Services,352.0,354.09,344.72,353.42,37093594
2024-07-15,NFLX,Communication Services,355.58,358.35,349.28,355.13,13911339
2024-07-16,NFLX,Communication Services,347.81,352.62,347.02,351.85,32352246
2024-07-17,NFLX,Communication Services,359.8,361.97,352.62,357.91,37789662
2024-07-18,NFLX,Communication Services,357.06,357.88,352.16,354.62,22814675
2024-07-19,NFLX,Communication Services,336.66,342.77,334.86,337.2,20762051
2024-07-22,NFLX,Communication Services,334.78,337.43,333.29,335.66,28903191
2024-07-23,NFLX,Communication Services,332.64,335.55,325.01,331.98,23208807
2024-07-24,NFLX,Communication Services,343.81,350.04,339.54,343.97,25280226
2024-07-25,NFLX,Communication Services,352.68,354.34,349.42,351.51,38369929
2024-07-26,NFLX,Communication Services,364.45,365.31,357.26,360.03,32750706
2024-07-29,NFLX,Communication Services,368.71,369.2,365.62,366.25,21942192
2024-07-30,NFLX,Communication Services,370.15,372.72,367.78,370.26,19174551
2024-07-31,NFLX,Communication Services,375.91,378.97,373.75,374.29,27559542
2024-08-01,NFLX,Communication Services,382.74,385.1,376.37,382.74,30358240
2024-08-02,NFLX,Communication Services,386.79,389.46,379.98,388.22,27478420
2024-08-05,NFLX,Communication Services,387.71,391.98,380.34,383.47,6683830
2024-08-06,NFLX,Communication Services,375.88,382.02,369.99,370.61,42847670
2024-08-07,NFLX,Communication Services,356.45,357.74,349.62,353.98,20410777
2024-08-08,NFLX,Communication Services,348.2,348.58,346.47,346.91,28420980
2024-08-09,NFLX,Communication Services,343.81,348.98,340.05,340.93,16491315
2024-08-12,NFLX,Communication Services,338.28,346.65,333.47,340.29,16467175
2024-08-13,NFLX,Communication Services,343.48,345.83,337.26,339.42,20000278
2024-08-14,NFLX,Communication Services,359.23,361.2,350.16,353.72,22386464
2024-08-15,NFLX,Communication Services,365.42,366.33,355.1,358.64,19291809
2024-08-16,NFLX,Communication Services,347.93,354.19,343.76,352.37,36954277
2024-08-19,NFLX,Communication Services,366.18,366.53,359.79,364.11,35275078
2024-08-20,NFLX,Communication Services,362.66,365.33,360.81,362.25,30445592
2024-08-21,NFLX,Communication Services,368.63,368.91,366.17,367.33,29461323
2024-08-22,NFLX,Communication Services,375.25,379.84,368.03,371.61,27344297
2024-08-23,NFLX,Communication Services,370.08,372.87,366.13,372.12,17734489
2024-08-26,NFLX,Communication Services,390.61,391.47,380.58,384.9,25572932
2024-08-27,NFLX,Communication Services,382.5,386.93,374.34,379.67,19490786
2024-08-28,NFLX,Communication Services,381.61,381.73,375.14,380.99,13234013
2024-08-29,NFLX,Communication Services,370.04,379.25,368.41,372.91,37782717
2024-08-30,NFLX,Communication Services,374.39,380.1,374.29,376.2,24933596
2024-09-02,NFLX,Communication Services,375.47,384.3,375.05,380.03,11724223
2024-09-03,NFLX,Communication Services,382.02,384.17,380.75,380.97,28883008
2024-09-04,NFLX,Communication Services,385.09,389.26,379.65,381.75,39030448
2024-09-05,NFLX,Communication Services,387.21,391.11,378.99,380.31,29208346
2024-09-06,NFLX,Communication Services,388.19,389.26,380.97,383.9,47104333
2024-09-09,NFLX,Communication Services,389.45,397.29,386.23,389.76,29380151
2024-09-10,NFLX,Communication Services,376.3,379.84,375.24,378.58,31874703
2024-09-11,NFLX,Communication Services,373.66,378.33,368.61,376.22,22149251
2024-09-12,NFLX,Communication Services,375.06,375.11,373.02,373.11,33527072
2024-09-13,NFLX,Communication Services,374.1,380.8,372.11,379.18,34555671
2024-09-16,NFLX,Communication Services,389.28,390.34,380.11,390.34,20397223
2024-09-17,NFLX,Communication Services,395.0,400.58,387.51,394.5,23450261
2024-09-18,NFLX,Communication Services,398.51,399.08,389.88,396.02,32286004
2024-09-19,NFLX,Communication Services,394.01,395.45,385.49,388.88,27271922
2024-09-20,NFLX,Communication Services,406.06,416.6,402.14,406.42,27850288
2024-09-23,NFLX,Communication Services,389.3,398.13,382.38,397.59,27390154
2024-09-24,NFLX,Communication Services,388.06,389.52,383.97,385.77,42415699
2024-09-25,NFLX,Communication Services,393.13,395.8,392.51,392.6,39955975
2024-09-26,NFLX,Communication Services,383.81,388.94,383.53,387.94,12281726
2024-09-27,NFLX,Communication Services,397.4,398.38,391.88,395.22,37256598
2024-09-30,NFLX,Communication Services,408.8,411.15,403.21,408.96,20635044
2024-10-01,NFLX,Communication Services,406.54,410.3,404.23,406.51,18218979
2024-10-02,NFLX,Communication Services,405.91,413.41,405.19,411.12,14898994
2024-10-03,NFLX,Communication Services,404.29,409.35,402.35,406.89,29421526
2024-10-04,NFLX,Communication Services,409.66,411.52,403.72,407.78,27918788
2024-10-07,NFLX,Communication Services,408.21,414.54,402.22,406.7,14904566
2024-10-08,NFLX,Communication Services,415.81,418.06,412.42,416.24,23373272
2024-10-09,NFLX,Communication Services,412.96,413.95,410.96,410.96,20549151
2024-10-10,NFLX,Communication Services,400.28,405.7,399.93,404.49,12950173
2024-10-11,NFLX,Communication Services,402.88,404.39,400.06,402.74,30405928
2024-10-14,NFLX,Communication Services,410.13,411.32,407.68,409.31,23545860
2024-10-15,NFLX,Communication Services,399.16,402.96,395.92,401.63,19359881
2024-10-16,NFLX,Communication Services,391.79,392.7,390.16,390.39,10682381
2024-10-17,NFLX,Communication Services,400.05,408.04,393.21,401.56,42959484
2024-10-18,NFLX,Communication Services,381.02,382.97,379.56,380.31,38118583
2024-10-21,NFLX,Communication Services,362.54,373.59,361.61,368.58,36083148
2024-10-22,NFLX,Communication Services,383.01,388.74,374.45,387.89,37811500
2024-10-23,NFLX,Communication Services,369.12,375.31,362.26,371.75,30787562
2024-10-24,NFLX,Communication Services,368.19,370.83,367.07,368.0,19370593
2024-10-25,NFLX,Communication Services,357.83,363.68,352.18,362.42,35704759
2024-10-28,NFLX,Communication Services,343.74,344.54,341.42,342.61,33506885
2024-10-29,NFLX,Communication Services,335.87,336.13,333.86,334.5,11668572
2024-10-30,NFLX,Communication Services,335.61,340.63,331.7,336.77,31029124
2024-10-31,NFLX,Communication Services,339.89,345.54,336.52,343.01,26068277
2024-11-01,NFLX,Communication Services,350.7,355.72,348.84,352.24,37789085
2024-11-04,NFLX,Communication Services,346.5,350.1,345.78,349.22,28596633
2024-11-05,NFLX,Communication Services,335.37,335.81,329.59,333.87,23149080
2024-11-06,NFLX,Communication Services,331.89,336.55,329.37,334.42,22392054
2024-11-07,NFLX,Communication Services,344.92,346.34,344.15,345.59,22343839
2024-11-08,NFLX,Communication Services,361.09,367.81,350.72,358.39,35981188
2024-11-11,NFLX,Communication Services,369.42,373.82,364.74,366.98,26667265
2024-11-12,NFLX,Communication Services,354.47,360.59,353.97,355.13,13245115
2024-11-13,NFLX,Communication Services,359.9,363.46,353.36,353.62,40691407
2024-11-14,NFLX,Communication Services,354.78,356.94,345.97,355.72,14429619
2024-11-15,NFLX,Communication Services,360.66,366.46,356.14,359.21,28478344
2024-11-18,NFLX,Communication Services,350.74,352.64,340.8,344.03,19499822
2024-11-19,NFLX,Communication Services,365.18,367.61,358.14,361.15,40439322
2024-11-20,NFLX,Communication Services,371.02,372.75,365.23,372.73,18119244
2024-11-21,NFLX,Communication Services,372.23,375.05,371.05,372.86,27009630
2024-11-22,NFLX,Communication Services,377.77,383.73,373.6,374.16,19868093
2024-11-25,NFLX,Communication Services,371.63,371.65,369.69,369.83,17021637
2024-11-26,NFLX,Communication Services,376.52,381.02,372.65,380.95,21698790
2024-11-27,NFLX,Communication Services,374.48,374.74,366.59,370.53,29405307
2024-11-28,NFLX,Communication Services,373.25,375.22,367.58,371.69,29542252
2024-11-29,NFLX,Communication Services,363.68,365.46,361.18,364.38,23905016
2024-12-02,NFLX,Communication Services,364.23,366.21,358.78,364.37,22771986
2024-12-03,NFLX,Communication Services,380.36,380.61,373.9,374.74,21939751
2024-12-04,NFLX,Communication Services,370.24,373.42,360.12,369.12,26689226
2024-12-05,NFLX,Communication Services,365.56,374.37,362.06,370.87,27025780
2024-12-06,NFLX,Communication Services,370.44,375.53,367.94,369.89,20934930
2024-12-09,NFLX,Communication Services,362.35,366.57,357.89,363.52,32337470
2024-12-10,NFLX,Communication Services,357.45,360.85,357.14,358.28,29408844
2024-12-11,NFLX,Communication Services,352.65,355.45,350.57,353.22,33297509
2024-12-12,NFLX,Communication Services,334.87,339.3,332.36,338.06,35862495
2024-12-13,NFLX,Communication Services,337.08,338.27,336.11,336.93,35542893
2024-12-16,NFLX,Communication Services,335.0,338.56,332.14,337.7,36790359
2024-12-17,NFLX,Communication Services,323.07,326.83,320.33,325.55,33660261
2024-12-18,NFLX,Communication Services,323.16,323.91,316.08,322.15,20092409
2024-12-19,NFLX,Communication Services,322.67,326.3,317.68,320.53,20327213
2024-12-20,NFLX,Communication Services,326.33,328.78,325.4,326.88,18799532
2024-12-23,NFLX,Communication Services,339.66,345.35,338.62,340.55,27630647
2024-12-24,NFLX,Communication Services,342.11,343.96,339.4,343.91,31207942
2024-12-25,NFLX,Communication Services,336.08,339.98,330.27,332.68,22793268
2024-12-26,NFLX,Communication Services,329.01,329.96,321.01,325.44,36829112
2024-12-27,NFLX,Communication Services,326.4,329.19,321.19,326.15,17527292
2024-12-30,NFLX,Communication Services,326.42,326.65,321.46,322.74,28085968
2024-12-31,NFLX,Communication Services,319.79,322.63,319.05,322.56,17895155
2025-01-01,NFLX,Communication Services,327.58,332.7,327.02,329.11,17498089
2025-01-02,NFLX,Communication Services,328.95,331.37,327.88,327.89,15135097
2025-01-03,NFLX,Communication Services,340.91,350.28,337.46,347.28,35622482
2025-01-06,NFLX,Communication Services,332.36,335.03,330.13,334.27,25352574
2025-01-07,NFLX,Communication Services,341.02,341.34,337.17,338.73,23633697
2025-01-08,NFLX,Communication Services,323.48,328.95,318.81,325.31,21051346
2025-01-09,NFLX,Communication Services,318.57,321.42,315.88,318.79,27826545
2025-01-10,NFLX,Communication Services,322.11,326.73,316.47,325.36,8370142
2025-01-13,NFLX,Communication Services,307.78,311.88,299.08,309.4,32127561
2025-01-14,NFLX,Communication Services,310.1,312.18,306.44,311.73,34151776
2025-01-15,NFLX,Communication Services,304.84,308.95,301.6,302.56,19113281
2025-01-16,NFLX,Communication Services,305.43,309.47,299.31,302.17,23141436
2025-01-17,NFLX,Communication Services,299.42,300.15,297.64,297.73,12943866
2025-01-20,NFLX,Communication Services,295.55,298.22,293.56,297.95,15938103
2025-01-21,NFLX,Communication Services,300.24,303.45,300.16,300.92,35898989
2025-01-22,NFLX,Communication Services,308.02,309.95,304.85,308.69,33484006
2025-01-23,NFLX,Communication Services,311.63,319.17,308.51,309.85,21312047
2025-01-24,NFLX,Communication Services,312.68,317.74,311.05,314.55,13677893
2025-01-27,NFLX,Communication Services,314.73,314.75,311.39,314.18,36135684
2025-01-28,NFLX,Communication Services,305.34,306.89,302.77,304.18,36804474
2025-01-29,NFLX,Communication Services,295.66,299.52,295.07,295.99,11204516
2025-01-30,NFLX,Communication Services,304.36,311.48,301.15,306.71,15696268
2025-01-31,NFLX,Communication Services,299.29,301.77,293.09,297.85,28963669
2025-02-03,NFLX,Communication Services,298.15,300.29,297.29,299.34,13909045
2025-02-04,NFLX,Communication Services,299.67,302.52,294.08,300.71,30279147
2025-02-05,NFLX,Communication Services,300.84,305.11,300.38,301.69,23114594
2025-02-06,NFLX,Communication Services,309.9,310.08,307.8,309.22,23289330
2025-02-07,NFLX,Communication Services,308.3,310.03,302.49,304.56,35979336
2025-02-10,NFLX,Communication Services,300.61,305.62,298.3,303.14,39031211
2025-02-11,NFLX,Communication Services,300.39,302.6,299.92,300.78,31698630
2025-02-12,NFLX,Communication Services,287.8,291.94,281.1,284.55,7365094
2025-02-13,NFLX,Communication Services,281.29,284.43,276.21,279.47,31948268
2025-02-14,NFLX,Communication Services,284.53,288.79,281.62,286.73,17890058
2025-02-17,NFLX,Communication Services,299.79,301.83,299.1,300.78,20158876
2025-02-18,NFLX,Communication Services,308.49,312.56,307.65,307.76,24102944
2025-02-19,NFLX,Communication Services,313.03,316.38,310.25,310.76,8370903
2025-02-20,NFLX,Communication Services,297.44,303.87,297.03,300.63,42955064
2025-02-21,NFLX,Communication Services,304.04,304.79,301.72,302.09,15929950
2025-02-24,NFLX,Communication Services,301.56,304.14,300.56,302.93,31010539
2025-02-25,NFLX,Communication Services,322.45,323.01,318.75,320.08,18285358
2025-02-26,NFLX,Communication Services,308.64,310.87,300.35,306.79,28292955
2025-02-27,NFLX,Communication Services,297.5,299.04,296.68,297.71,18387862
2025-02-28,NFLX,Communication Services,306.69,308.03,304.95,306.49,30784737
2025-03-03,NFLX,Communication Services,320.41,322.01,317.15,317.98,14841730
2025-03-04,NFLX,Communication Services,321.2,321.73,317.18,320.64,31314446
2025-03-05,NFLX,Communication Services,319.15,320.45,316.26,317.96,27799218
2025-03-06,NFLX,Communication Services,321.89,327.94,321.43,322.47,2933373
2025-03-07,NFLX,Communication Services,333.52,343.38,327.65,339.45,21567594
2025-03-10,NFLX,Communication Services,331.39,335.29,330.16,334.32,20445571
2025-03-11,NFLX,Communication Services,336.2,340.56,327.71,338.19,31683309
2025-03-12,NFLX,Communication Services,334.47,339.51,328.87,336.69,36559670
2025-03-13,NFLX,Communication Services,336.04,341.54,334.56,339.82,27133415
2025-03-14,NFLX,Communication Services,345.37,348.77,344.2,346.31,39865384
2025-03-17,NFLX,Communication Services,341.57,342.31,339.69,341.57,29974774
2025-03-18,NFLX,Communication Services,351.27,351.71,345.27,349.75,35878188
2025-03-19,NFLX,Communication Services,345.74,348.5,344.86,345.77,31961596
2025-03-20,NFLX,Communication Services,352.74,353.59,347.9,350.66,15514544
2025-03-21,NFLX,Communication Services,335.16,337.49,331.07,334.45,12574022
2025-03-24,NFLX,Communication Services,343.95,344.12,337.92,340.72,22434777
2025-03-25,NFLX,Communication Services,333.12,335.15,329.2,333.6,17699867
2025-03-26,NFLX,Communication Services,328.97,329.84,326.71,329.74,29154364
2025-03-27,NFLX,Communication Services,311.14,312.72,310.65,312.02,24296227
2025-03-28,NFLX,Communication Services,310.72,317.14,307.68,310.46,31753483
2025-03-31,NFLX,Communication Services,323.94,326.47,318.73,320.49,8879165
2025-04-01,NFLX,Communication Services,304.65,309.27,302.96,308.57,36410436
2025-04-02,NFLX,Communication Services,312.77,316.62,308.36,310.14,32621287
2025-04-03,NFLX,Communication Services,292.36,299.05,288.85,295.08,13775341
2025-04-04,NFLX,Communication Services,295.13,296.68,288.92,294.14,17551414
2025-04-07,NFLX,Communication Services,300.52,301.06,300.17,300.32,46677730
2025-04-08,NFLX,Communication Services,303.31,308.08,298.26,299.66,26537845
2025-04-09,NFLX,Communication Services,307.24,307.86,303.02,305.4,16968751
2025-04-10,NFLX,Communication Services,300.97,302.2,300.41,301.85,21323085
2025-04-11,NFLX,Communication Services,324.63,326.3,318.0,320.69,25349986
2025-04-14,NFLX,Communication Services,326.84,332.09,323.72,329.3,7780359
2025-04-15,NFLX,Communication Services,332.44,334.85,330.03,331.09,33115337
2025-04-16,NFLX,Communication Services,342.52,350.13,338.51,344.83,26099943
2025-04-17,NFLX,Communication Services,359.74,361.9,354.27,356.51,28167767
2025-04-18,NFLX,Communication Services,352.47,356.31,349.31,352.06,21150877
2025-04-21,NFLX,Communication Services,357.7,359.83,355.37,356.44,31944023
2025-04-22,NFLX,Communication Services,352.44,354.56,351.15,354.06,23479296
2025-04-23,NFLX,Communication Services,363.88,365.42,358.73,362.01,27862465
2025-04-24,NFLX,Communication Services,376.28,379.53,374.97,375.81,28460780
2025-04-25,NFLX,Communication Services,365.3,366.42,359.07,362.62,19597297
2025-04-28,NFLX,Communication Services,364.68,366.46,358.41,363.81,39360355
2025-04-29,NFLX,Communication Services,377.5,379.44,371.24,376.73,30171360
2025-04-30,NFLX,Communication Services,384.33,387.5,378.36,383.76,27963396
2025-05-01,NFLX,Communication Services,389.05,392.42,387.42,387.85,19864677
2025-05-02,NFLX,Communication Services,395.66,400.05,394.65,398.02,38195251
2025-05-05,NFLX,Communication Services,384.51,388.54,381.51,385.41,36227184
2025-05-06,NFLX,Communication Services,393.13,398.3,390.1,390.82,28094760
2025-05-07,NFLX,Communication Services,400.51,407.96,400.16,402.55,23812782
2025-05-08,NFLX,Communication Services,407.07,410.72,406.74,408.22,28410846
2025-05-09,NFLX,Communication Services,395.52,397.2,394.96,396.44,39900246
2025-05-12,NFLX,Communication Services,387.93,394.71,383.87,393.02,9498878
2025-05-13,NFLX,Communication Services,393.09,397.0,390.24,393.29,29147910
2025-05-14,NFLX,Communication Services,383.13,385.84,378.43,385.72,42455755
2025-05-15,NFLX,Communication Services,378.23,382.87,376.41,377.53,9735357
2025-05-16,NFLX,Communication Services,381.33,385.68,376.34,382.14,24712664
2025-05-19,NFLX,Communication Services,395.07,404.25,393.56,397.41,34573671
2025-05-20,NFLX,Communication Services,380.39,383.17,375.65,379.59,27000869
2025-05-21,NFLX,Communication Services,373.91,378.72,367.6,375.35,34296755
2025-05-22,NFLX,Communication Services,363.09,369.86,361.64,368.99,42237963
2025-05-23,NFLX,Communication Services,379.4,384.01,377.95,382.44,15481955
2025-05-26,NFLX,Communication Services,393.01,396.64,385.61,389.24,11773723
2025-05-27,NFLX,Communication Services,400.98,404.61,398.22,402.4,30717739
2025-05-28,NFLX,Communication Services,414.03,415.18,405.62,411.12,29969246
2025-05-29,NFLX,Communication Services,425.18,426.66,420.95,422.94,17307713
2025-05-30,NFLX,Communication Services,423.14,428.24,421.05,426.03,21154697
2025-06-02,NFLX,Communication Services,430.15,431.37,424.29,431.07,32264837
2025-06-03,NFLX,Communication Services,432.08,437.34,430.82,436.68,24514475
2025-06-04,NFLX,Communication Services,437.21,441.93,433.79,437.2,28544959
2025-06-05,NFLX,Communication Services,438.35,439.29,434.76,437.44,19599952
2025-06-06,NFLX,Communication Services,441.26,445.74,439.75,442.6,25719188
2025-06-09,NFLX,Communication Services,443.83,449.6,442.86,447.56,11096350
2025-06-10,NFLX,Communication Services,453.4,455.98,442.4,450.02,30560166
2025-06-11,NFLX,Communication Services,446.18,453.36,444.82,452.16,29347871
2025-06-12,NFLX,Communication Services,465.42,468.57,459.07,460.07,13617413
2025-06-13,NFLX,Communication Services,461.73,463.99,453.75,458.85,25311446
2025-06-16,NFLX,Communication Services,446.54,447.6,445.22,445.6,12520327
2025-06-17,NFLX,Communication Services,449.01,450.66,445.81,447.98,32300933
2025-06-18,NFLX,Communication Services,441.27,447.2,434.22,438.51,32885896
2025-06-19,NFLX,Communication Services,453.95,455.48,443.6,449.62,19874393
2025-06-20,NFLX,Communication Services,443.7,451.05,435.53,443.47,12158014
2025-06-23,NFLX,Communication Services,442.81,446.11,435.08,438.33,30450733
2025-06-24,NFLX,Communication Services,440.51,448.0,432.63,442.88,5926035
2025-06-25,NFLX,Communication Services,444.6,453.39,437.15,442.94,31097894
2025-06-26,NFLX,Communication Services,452.59,456.83,452.46,455.69,11275016
2025-06-27,NFLX,Communication Services,455.74,457.05,453.42,453.59,20600437
2025-06-30,NFLX,Communication Services,451.84,457.45,446.21,450.58,29636432
2025-07-01,NFLX,Communication Services,445.79,447.83,440.57,442.51,28554982
2025-07-02,NFLX,Communication Services,431.39,434.25,429.49,430.1,26287138
2025-07-03,NFLX,Communication Services,429.43,433.98,419.12,424.85,54613868
2025-07-04,NFLX,Communication Services,430.17,432.44,426.57,429.22,33841742
2025-07-07,NFLX,Communication Services,445.48,448.8,437.83,442.62,28204660
2025-07-08,NFLX,Communication Services,455.33,463.6,450.99,451.84,31127152
2025-07-09,NFLX,Communication Services,443.98,446.55,442.48,445.84,23013968
2025-07-10,NFLX,Communication Services,448.06,449.53,441.23,447.76,18588571
2025-07-11,NFLX,Communication Services,449.6,452.21,444.95,448.25,34528216
2025-07-14,NFLX,Communication Services,466.46,468.37,460.25,460.9,34141782
2025-07-15,NFLX,Communication Services,477.9,489.31,472.5,475.64,31960189
2025-07-16,NFLX,Communication Services,452.93,457.15,448.4,453.61,24652827
2025-07-17,NFLX,Communication Services,471.0,477.58,464.38,468.97,19457179
2025-07-18,NFLX,Communication Services,450.9,451.62,446.85,451.5,36621697
2025-07-21,NFLX,Communication Services,452.53,455.09,447.88,454.64,22438045
2025-07-22,NFLX,Communication Services,430.98,433.43,429.29,432.03,40935730
2025-07-23,NFLX,Communication Services,439.82,452.49,436.26,442.74,23309256
2025-07-24,NFLX,Communication Services,436.77,440.94,435.01,439.32,19538904
2025-07-25,NFLX,Communication Services,450.45,454.18,438.17,446.64,22366792
2025-07-28,NFLX,Communication Services,444.23,445.23,442.34,443.73,30403821
2025-07-29,NFLX,Communication Services,455.83,457.92,452.84,454.26,24691699
2025-07-30,NFLX,Communication Services,434.49,439.42,434.23,436.28,40785791
2025-07-31,NFLX,Communication Services,449.34,455.01,440.87,442.84,30445345
2025-08-01,NFLX,Communication Services,440.86,448.12,439.22,447.46,44122427
2025-08-04,NFLX,Communication Services,452.52,452.74,451.37,451.67,23931310
2025-08-05,NFLX,Communication Services,459.17,462.09,455.01,457.42,39995235
2025-08-06,NFLX,Communication Services,470.45,471.87,469.73,470.07,37840429
2025-08-07,NFLX,Communication Services,481.88,484.7,477.66,481.4,20016282
2025-08-08,NFLX,Communication Services,464.51,466.31,460.91,465.29,9984884
2025-08-11,NFLX,Communication Services,468.27,478.13,462.61,466.76,33900499
2025-08-12,NFLX,Communication Services,472.36,473.07,466.89,470.94,22624340
2025-08-13,NFLX,Communication Services,472.33,472.93,464.8,470.38,18438115
2025-08-14,NFLX,Communication Services,470.84,473.99,470.37,472.32,15020144
2025-08-15,NFLX,Communication Services,482.57,486.01,475.91,477.94,17809248
2025-08-18,NFLX,Communication Services,495.52,501.82,483.2,486.82,27468608
2025-08-19,NFLX,Communication Services,490.02,495.37,488.03,493.68,34524000
2025-08-20,NFLX,Communication Services,499.63,507.74,495.11,504.12,38989561
2025-08-21,NFLX,Communication Services,525.22,533.01,518.99,528.16,23869404
2025-08-22,NFLX,Communication Services,521.41,527.79,511.86,525.75,26131720
2025-08-25,NFLX,Communication Services,523.21,527.11,521.7,524.27,19104117
2025-08-26,NFLX,Communication Services,533.86,534.03,530.99,533.33,21558897
2025-08-27,NFLX,Communication Services,534.2,537.94,532.27,533.5,22435943
2025-08-28,NFLX,Communication Services,520.97,533.75,511.81,529.38,10153934
2025-08-29,NFLX,Communication Services,527.2,532.81,513.38,523.82,39115104
2025-09-01,NFLX,Communication Services,529.5,538.14,524.85,531.94,11317745
2025-09-02,NFLX,Communication Services,536.69,544.17,534.61,537.94,32949041
2025-09-03,NFLX,Communication Services,566.01,567.7,554.79,562.24,17992811
2025-09-04,NFLX,Communication Services,549.18,549.91,538.26,548.65,37906742
2025-09-05,NFLX,Communication Services,535.82,536.84,527.8,535.7,19634920
2025-09-08,NFLX,Communication Services,528.92,541.76,526.82,536.78,39333180
2025-09-09,NFLX,Communication Services,530.82,531.05,524.54,526.9,20032954
2025-09-10,NFLX,Communication Services,512.18,518.14,504.33,504.59,25957297
2025-09-11,NFLX,Communication Services,502.22,502.49,490.96,499.69,40941815
2025-09-12,NFLX,Communication Services,530.27,532.16,523.72,525.84,26735235
2025-09-15,NFLX,Communication Services,546.83,563.37,537.56,557.44,31467377
2025-09-16,NFLX,Communication Services,557.0,569.41,546.7,564.92,19365683
2025-09-17,NFLX,Communication Services,549.41,558.52,545.27,550.06,23826089
2025-09-18,NFLX,Communication Services,538.99,544.12,533.34,539.97,37923022
2025-09-19,NFLX,Communication Services,536.18,550.34,534.54,541.39,24816750
2025-09-22,NFLX,Communication Services,536.06,544.68,531.39,535.07,25875258
2025-09-23,NFLX,Communication Services,534.37,541.81,524.79,537.39,21620709
2025-09-24,NFLX,Communication Services,541.61,543.47,533.36,538.17,20001834
2025-09-25,NFLX,Communication Services,525.47,528.7,520.34,522.57,15977120
2025-09-26,NFLX,Communication Services,524.56,526.87,514.88,522.18,32204369
2025-09-29,NFLX,Communication Services,529.76,532.73,526.9,528.19,27670549
2025-09-30,NFLX,Communication Services,527.18,531.33,515.12,523.67,32593073
2025-10-01,NFLX,Communication Services,543.58,549.72,529.74,535.79,30112810
2025-10-02,NFLX,Communication Services,537.2,539.56,530.18,536.72,24146836
2025-10-03,NFLX,Communication Services,536.1,542.84,533.16,535.27,30210008
2025-10-06,NFLX,Communication Services,539.32,540.81,532.16,536.28,27718118
2025-10-07,NFLX,Communication Services,528.75,536.99,526.46,529.54,21143802
2025-10-08,NFLX,Communication Services,535.0,538.77,532.1,534.92,24944835
2025-10-09,NFLX,Communication Services,526.54,527.01,510.72,524.13,14848209
2025-10-10,NFLX,Communication Services,558.03,558.45,546.97,554.39,23115038
2025-10-13,NFLX,Communication Services,575.28,582.08,573.6,581.62,20254431
2025-10-14,NFLX,Communication Services,576.35,586.45,575.47,580.78,28597334
2025-10-15,NFLX,Communication Services,589.71,590.32,587.11,588.96,40795873
2025-10-16,NFLX,Communication Services,607.34,615.78,597.59,597.72,26200820
2025-10-17,NFLX,Communication Services,611.27,615.71,596.54,606.49,34023933
2025-10-20,NFLX,Communication Services,615.47,618.38,611.77,616.71,22656920
2025-10-21,NFLX,Communication Services,632.84,640.58,626.58,628.16,22208107
2025-10-22,NFLX,Communication Services,638.39,645.97,628.17,638.88,22603379
2025-10-23,NFLX,Communication Services,622.76,637.75,620.03,627.09,30893289
2025-10-24,NFLX,Communication Services,631.18,644.9,630.01,634.05,15046219
2025-10-27,NFLX,Communication Services,625.99,627.55,615.79,622.98,25206509
2025-10-28,NFLX,Communication Services,631.55,640.69,626.0,631.06,27228507
2025-10-29,NFLX,Communication Services,644.92,646.92,643.18,645.5,34561046
2025-10-30,NFLX,Communication Services,647.24,656.23,637.26,651.58,8771228
2025-10-31,NFLX,Communication Services,670.29,676.87,662.88,663.55,24144464
2025-11-03,NFLX,Communication Services,668.98,669.31,660.64,667.33,13316001
2025-11-04,NFLX,Communication Services,700.59,700.93,686.96,697.22,21702205
2025-11-05,NFLX,Communication Services,696.24,715.69,693.32,704.38,37706628
2025-11-06,NFLX,Communication Services,690.69,699.31,688.64,689.14,41095720
2025-11-07,NFLX,Communication Services,688.48,694.76,680.92,681.38,19906836
2025-11-10,NFLX,Communication Services,688.05,699.73,683.81,688.77,15582414
2025-11-11,NFLX,Communication Services,705.02,713.45,679.67,710.75,40378184
2025-11-12,NFLX,Communication Services,703.05,718.15,698.8,717.9,35841434
2025-11-13,NFLX,Communication Services,715.96,729.27,712.03,722.09,20193325
2025-11-14,NFLX,Communication Services,706.31,708.58,696.24,703.01,19086998
2025-11-17,NFLX,Communication Services,739.88,748.1,730.96,735.29,21982114
2025-11-18,NFLX,Communication Services,716.74,733.53,706.81,712.17,37538658
2025-11-19,NFLX,Communication Services,685.04,697.25,680.39,686.04,30220725
2025-11-20,NFLX,Communication Services,674.62,686.15,667.59,678.58,32870319
2025-11-21,NFLX,Communication Services,693.62,697.05,678.68,688.51,36674256
2025-11-24,NFLX,Communication Services,681.55,692.84,666.07,682.19,35872652
2025-11-25,NFLX,Communication Services,664.58,678.33,661.54,672.38,14523032
2025-11-26,NFLX,Communication Services,670.94,672.47,650.03,659.39,36366115
2025-11-27,NFLX,Communication Services,675.07,692.55,674.96,687.63,26061148
2025-11-28,NFLX,Communication Services,693.32,700.47,682.37,693.45,15526808
2025-12-01,NFLX,Communication Services,709.05,718.59,707.24,708.65,28536544
2025-12-02,NFLX,Communication Services,745.1,760.22,738.59,743.93,45952824
2025-12-03,NFLX,Communication Services,790.19,791.92,778.14,780.4,45780634
2025-12-04,NFLX,Communication Services,757.61,769.47,752.0,763.89,24066167
2025-12-05,NFLX,Communication Services,766.68,770.58,761.51,768.79,40379509
2025-12-08,NFLX,Communication Services,787.8,797.31,772.3,783.63,37768082
2025-12-09,NFLX,Communication Services,784.6,790.93,777.76,785.99,36662194
2025-12-10,NFLX,Communication Services,763.1,781.73,759.8,773.57,29300515
2025-12-11,NFLX,Communication Services,706.54,736.72,701.93,724.38,18135360
2025-12-12,NFLX,Communication Services,752.17,754.36,734.19,748.08,31430647
2025-12-15,NFLX,Communication Services,777.92,790.76,774.46,781.58,21789984
2025-12-16,NFLX,Communication Services,795.73,808.1,787.69,795.72,36154364
2025-12-17,NFLX,Communication Services,806.83,814.54,786.21,795.59,31663704
2025-12-18,NFLX,Communication Services,794.55,806.13,785.25,785.37,16685663
2025-12-19,NFLX,Communication Services,788.86,797.46,777.98,788.14,24926092
2025-12-22,NFLX,Communication Services,817.6,829.41,800.07,813.73,37084240
2025-12-23,NFLX,Communication Services,806.86,830.28,801.62,824.84,28701047
2025-12-24,NFLX,Communication Services,766.12,786.04,759.78,782.09,27770327
2025-12-25,NFLX,Communication Services,808.86,817.91,794.89,812.51,23295642
2025-12-26,NFLX,Communication Services,833.43,836.81,823.09,826.08,20073938
2025-12-29,NFLX,Communication Services,797.71,812.88,796.01,805.17,49576882
2025-12-30,NFLX,Communication Services,822.67,827.56,801.31,816.93,31007256
2025-12-31,NFLX,Communication Services,827.7,829.4,817.78,821.34,13508958
2024-01-26,NVDA,Technology,217.3,220.58,212.47,220.0,17564425
2024-01-29,NVDA,Technology,213.32,214.56,210.03,212.53,25114101
2024-01-30,NVDA,Technology,212.72,214.08,212.62,212.91,37256930
2024-01-31,NVDA,Technology,223.89,226.81,220.66,221.74,20505089
2024-02-01,NVDA,Technology,219.66,225.87,218.48,224.17,6661249
2024-02-02,NVDA,Technology,218.4,225.44,218.31,220.55,24928607
2024-02-05,NVDA,Technology,213.39,214.38,209.14,211.42,6273523
2024-02-06,NVDA,Technology,204.6,210.61,202.56,207.66,18292696
2024-02-07,NVDA,Technology,205.72,208.27,205.18,207.48,19447566
2024-02-08,NVDA,Technology,195.72,198.3,192.95,193.86,19281288
2024-02-09,NVDA,Technology,186.81,189.2,184.97,187.34,12957311
2024-02-12,NVDA,Technology,183.25,184.11,182.69,183.53,23343440
2024-02-13,NVDA,Technology,182.7,186.45,179.15,182.27,18545735
2024-02-14,NVDA,Technology,180.67,183.29,177.4,182.06,21724609
2024-02-15,NVDA,Technology,178.06,180.48,175.18,179.01,16222082
2024-02-16,NVDA,Technology,183.26,183.31,180.33,181.6,30665013
2024-02-19,NVDA,Technology,182.7,183.85,181.35,182.3,15684841
2024-02-20,NVDA,Technology,179.71,183.55,177.85,180.47,16758327
2024-02-21,NVDA,Technology,184.07,186.21,182.89,183.79,14208855
2024-02-22,NVDA,Technology,186.52,188.58,184.87,186.74,19226650
2024-02-23,NVDA,Technology,176.54,185.21,173.09,179.21,24276953
2024-02-26,NVDA,Technology,177.97,179.33,176.89,179.11,27947037
2024-02-27,NVDA,Technology,184.04,185.65,182.66,183.63,26979518
2024-02-28,NVDA,Technology,191.67,194.96,187.53,189.13,17662844
2024-02-29,NVDA,Technology,185.96,191.8,185.95,191.16,20325354
2024-03-01,NVDA,Technology,190.06,192.89,188.79,189.98,23663498
2024-03-04,NVDA,Technology,193.39,195.44,190.98,192.28,16595387
2024-03-05,NVDA,Technology,196.58,196.9,196.35,196.7,26145579
2024-03-06,NVDA,Technology,198.47,203.09,192.53,197.4,19916202
2024-03-07,NVDA,Technology,192.33,201.49,191.17,198.74,13940692
2024-03-08,NVDA,Technology,196.75,198.4,195.4,197.41,8800552
2024-03-11,NVDA,Technology,188.37,190.82,187.06,190.09,23726739
2024-03-12,NVDA,Technology,187.98,191.3,186.91,189.23,21002774
2024-03-13,NVDA,Technology,188.02,192.34,185.25,185.71,10338334
2024-03-14,NVDA,Technology,179.74,184.24,178.64,182.27,22423935
2024-03-15,NVDA,Technology,191.11,192.14,188.73,189.65,34198838
2024-03-18,NVDA,Technology,194.36,196.37,194.35,194.76,6841867
2024-03-19,NVDA,Technology,182.41,186.8,180.25,185.59,24721942
2024-03-20,NVDA,Technology,181.4,183.41,176.76,180.02,12832512
2024-03-21,NVDA,Technology,178.57,178.59,177.9,178.25,28453869
2024-03-22,NVDA,Technology,174.08,177.76,174.04,175.11,16664577
2024-03-25,NVDA,Technology,181.74,183.12,175.92,176.73,12213905
2024-03-26,NVDA,Technology,167.94,172.6,167.72,170.64,29055646
2024-03-27,NVDA,Technology,176.93,177.38,174.64,175.27,21199032
2024-03-28,NVDA,Technology,174.36,178.49,173.99,175.12,18790539
2024-03-29,NVDA,Technology,170.28,173.89,168.68,173.51,12135163
2024-04-01,NVDA,Technology,172.4,175.04,169.55,173.5,26549651
2024-04-02,NVDA,Technology,170.76,172.28,168.61,171.53,21939814
2024-04-03,NVDA,Technology,165.18,166.63,160.27,161.84,27077393
2024-04-04,NVDA,Technology,161.51,164.44,160.05,161.94,100000
2024-04-05,NVDA,Technology,159.19,162.24,158.92,160.55,12433328
2024-04-08,NVDA,Technology,155.48,159.65,155.32,156.31,34368101
2024-04-09,NVDA,Technology,162.26,166.24,159.57,161.17,26344021
2024-04-10,NVDA,Technology,166.97,167.67,163.9,164.24,26379137
2024-04-11,NVDA,Technology,177.66,178.61,174.1,175.51,20317718
2024-04-12,NVDA,Technology,180.93,182.55,176.81,179.68,32339830
2024-04-15,NVDA,Technology,175.55,177.03,173.78,176.5,37675083
2024-04-16,NVDA,Technology,172.44,174.08,170.42,172.09,24592034
2024-04-17,NVDA,Technology,169.5,171.36,167.93,169.76,16033266
2024-04-18,NVDA,Technology,163.84,169.12,160.52,166.65,30507590
2024-04-19,NVDA,Technology,167.31,170.43,166.92,167.22,17725334
2024-04-22,NVDA,Technology,160.15,160.37,159.68,160.07,27130138
2024-04-23,NVDA,Technology,163.23,164.53,161.14,163.03,22008577
2024-04-24,NVDA,Technology,162.16,165.97,161.89,163.5,18214654
2024-04-25,NVDA,Technology,166.11,166.14,161.19,165.99,10354964
2024-04-26,NVDA,Technology,158.04,161.33,157.38,160.73,21519501
2024-04-29,NVDA,Technology,162.69,165.03,159.16,161.9,15600601
2024-04-30,NVDA,Technology,168.44,169.9,163.72,167.84,25857268
2024-05-01,NVDA,Technology,163.78,165.49,162.74,163.85,15356565
2024-05-02,NVDA,Technology,160.72,161.18,157.47,159.84,16419932
2024-05-03,NVDA,Technology,164.28,164.93,162.04,163.08,21972878
2024-05-06,NVDA,Technology,160.88,161.3,158.02,158.71,13165749
2024-05-07,NVDA,Technology,158.06,162.38,157.4,157.73,17980122
2024-05-08,NVDA,Technology,162.41,166.01,160.94,164.3,20940648
2024-05-09,NVDA,Technology,160.47,161.02,160.17,160.33,27804668
2024-05-10,NVDA,Technology,167.5,170.23,164.27,167.32,21887555
2024-05-13,NVDA,Technology,164.99,168.13,164.25,165.81,18581433
2024-05-14,NVDA,Technology,162.78,163.41,159.15,160.66,25450996
2024-05-15,NVDA,Technology,164.7,165.01,162.19,163.43,19120470
2024-05-16,NVDA,Technology,164.3,166.44,162.83,163.98,18228095
2024-05-17,NVDA,Technology,165.96,170.35,160.32,164.09,7806887
2024-05-20,NVDA,Technology,159.77,160.69,159.51,160.62,26201144
2024-05-21,NVDA,Technology,159.69,161.6,158.66,161.13,21377582
2024-05-22,NVDA,Technology,151.77,152.01,150.84,151.85,15916991
2024-05-23,NVDA,Technology,153.2,154.82,151.81,152.83,13484400
2024-05-24,NVDA,Technology,159.25,159.31,156.96,158.44,13233279
2024-05-27,NVDA,Technology,148.41,151.56,147.13,150.66,18841736
2024-05-28,NVDA,Technology,148.2,150.23,147.72,149.0,20396510
2024-05-29,NVDA,Technology,145.59,145.91,145.36,145.4,22838748
2024-05-30,NVDA,Technology,138.37,141.48,138.0,139.3,10481625
2024-05-31,NVDA,Technology,131.54,132.8,130.36,131.34,34360749
2024-06-03,NVDA,Technology,126.2,127.51,123.72,127.04,22454261
2024-06-04,NVDA,Technology,125.28,127.1,123.74,126.22,24341219
2024-06-05,NVDA,Technology,131.43,131.46,129.06,130.33,30155586
2024-06-06,NVDA,Technology,124.03,127.84,123.39,124.81,11883890
2024-06-07,NVDA,Technology,126.93,127.47,125.03,125.89,28880488
2024-06-10,NVDA,Technology,125.42,127.51,125.31,126.7,29803134
2024-06-11,NVDA,Technology,131.94,133.56,131.24,132.68,15461505
2024-06-12,NVDA,Technology,135.02,137.36,131.5,134.84,10236401
2024-06-13,NVDA,Technology,136.89,137.31,133.96,137.26,10391452
2024-06-14,NVDA,Technology,142.33,143.54,139.34,140.0,12698640
2024-06-17,NVDA,Technology,137.08,138.19,134.49,136.42,12790678
2024-06-18,NVDA,Technology,134.15,135.12,132.67,134.28,24403397
2024-06-19,NVDA,Technology,139.15,141.03,135.77,138.53,26592848
2024-06-20,NVDA,Technology,133.37,134.04,127.85,130.62,17591390
2024-06-21,NVDA,Technology,126.69,128.61,125.2,128.17,13691857
2024-06-24,NVDA,Technology,122.81,124.26,122.81,123.44,23340738
2024-06-25,NVDA,Technology,124.54,125.21,123.69,124.29,20947560
2024-06-26,NVDA,Technology,121.91,124.64,121.04,122.86,27031461
2024-06-27,NVDA,Technology,124.81,125.34,124.12,125.06,12485957
2024-06-28,NVDA,Technology,122.89,126.19,122.45,124.72,20812933
2024-07-01,NVDA,Technology,120.38,120.98,118.19,119.36,9592109
2024-07-02,NVDA,Technology,114.85,116.63,112.77,114.39,24190541
2024-07-03,NVDA,Technology,115.03,117.21,113.99,114.41,23757853
2024-07-04,NVDA,Technology,111.68,113.69,110.82,111.98,19313936
2024-07-05,NVDA,Technology,110.41,112.79,110.25,110.35,27370514
2024-07-08,NVDA,Technology,112.87,113.68,111.19,113.29,14341865
2024-07-09,NVDA,Technology,116.25,116.25,114.51,115.73,20605244
2024-07-10,NVDA,Technology,121.24,124.52,121.11,121.6,27263077
2024-07-11,NVDA,Technology,120.16,121.52,118.91,120.56,20789962
2024-07-12,NVDA,Technology,116.1,118.46,114.5,118.44,22953222
2024-07-15,NVDA,Technology,120.32,122.64,118.9,119.87,22165719
2024-07-16,NVDA,Technology,118.43,120.04,117.83,118.03,22128193
2024-07-17,NVDA,Technology,116.34,117.62,113.38,116.32,22298992
2024-07-18,NVDA,Technology,115.87,116.67,113.6,115.7,23646702
2024-07-19,NVDA,Technology,120.83,121.85,118.3,121.1,4853684
2024-07-22,NVDA,Technology,122.8,123.81,120.8,123.52,8278590
2024-07-23,NVDA,Technology,128.42,128.61,126.23,126.36,18032884
2024-07-24,NVDA,Technology,131.61,133.65,130.04,132.1,21718516
2024-07-25,NVDA,Technology,135.04,136.64,131.13,135.48,22217891
2024-07-26,NVDA,Technology,131.91,133.59,129.15,131.23,31259422
2024-07-29,NVDA,Technology,131.7,135.7,131.03,134.54,23321074
2024-07-30,NVDA,Technology,138.66,138.92,138.39,138.41,12743471
2024-07-31,NVDA,Technology,139.21,142.13,138.13,140.98,30121484
2024-08-01,NVDA,Technology,139.33,141.35,138.88,140.26,27449395
2024-08-02,NVDA,Technology,143.67,144.01,141.91,142.45,25892724
2024-08-05,NVDA,Technology,143.19,144.29,140.3,142.42,17419329
2024-08-06,NVDA,Technology,140.33,142.13,136.84,138.57,11456765
2024-08-07,NVDA,Technology,137.24,138.98,135.01,135.78,15198090
2024-08-08,NVDA,Technology,140.39,141.6,136.73,138.51,20629690
2024-08-09,NVDA,Technology,135.33,138.31,131.71,135.04,17880255
2024-08-12,NVDA,Technology,132.29,133.96,130.41,132.02,23183742
2024-08-13,NVDA,Technology,135.49,135.69,133.67,134.85,11413058
2024-08-14,NVDA,Technology,134.99,137.9,134.89,135.4,20232652
2024-08-15,NVDA,Technology,140.3,142.5,136.41,137.63,30660567
2024-08-16,NVDA,Technology,132.58,134.22,131.12,132.94,14718893
2024-08-19,NVDA,Technology,135.47,136.68,133.34,135.04,30020670
2024-08-20,NVDA,Technology,132.51,134.36,132.0,132.59,25493687
2024-08-21,NVDA,Technology,129.08,129.73,128.25,128.86,8493554
2024-08-22,NVDA,Technology,125.88,127.22,123.5,127.08,25013005
2024-08-23,NVDA,Technology,132.93,133.42,130.31,131.97,28735623
2024-08-26,NVDA,Technology,132.9,133.12,129.92,130.67,20744164
2024-08-27,NVDA,Technology,139.38,139.57,138.71,138.76,25518279
2024-08-28,NVDA,Technology,133.38,135.47,130.65,130.8,11370618
2024-08-29,NVDA,Technology,126.86,127.69,123.16,125.18,23703989
2024-08-30,NVDA,Technology,131.77,132.75,129.57,129.87,22150686
2024-09-02,NVDA,Technology,137.25,138.6,135.47,135.64,16306078
2024-09-03,NVDA,Technology,131.11,132.89,129.48,132.41,23218528
2024-09-04,NVDA,Technology,133.43,133.64,131.93,132.71,13946752
2024-09-05,NVDA,Technology,135.05,135.69,134.63,135.4,21547441
2024-09-06,NVDA,Technology,134.42,135.14,129.67,134.58,25525534
2024-09-09,NVDA,Technology,135.66,136.01,134.5,135.19,18489010
2024-09-10,NVDA,Technology,135.61,138.46,132.9,135.27,15056956
2024-09-11,NVDA,Technology,129.93,130.28,127.56,129.71,9323001
2024-09-12,NVDA,Technology,127.69,130.69,127.5,128.5,25376713
2024-09-13,NVDA,Technology,130.81,131.82,128.45,128.59,17528554
2024-09-16,NVDA,Technology,126.89,129.45,125.64,129.01,23042121
2024-09-17,NVDA,Technology,123.44,123.96,121.9,122.8,27983656
2024-09-18,NVDA,Technology,124.91,125.85,124.68,125.43,29288855
2024-09-19,NVDA,Technology,126.96,128.8,124.26,125.93,23301994
2024-09-20,NVDA,Technology,122.19,122.88,120.8,122.25,20647327
2024-09-23,NVDA,Technology,128.51,129.63,127.91,128.45,30013145
2024-09-24,NVDA,Technology,126.41,128.19,124.38,127.25,10035758
2024-09-25,NVDA,Technology,125.93,127.91,124.29,126.29,18213032
2024-09-26,NVDA,Technology,127.81,129.98,126.11,128.6,11477748
2024-09-27,NVDA,Technology,134.06,135.77,133.12,135.43,17347877
2024-09-30,NVDA,Technology,138.85,139.95,134.79,138.06,16501314
2024-10-01,NVDA,Technology,141.37,141.81,139.47,141.3,7063013
2024-10-02,NVDA,Technology,136.79,138.77,134.87,137.39,27430667
2024-10-03,NVDA,Technology,136.82,139.55,136.06,137.77,23683054
2024-10-04,NVDA,Technology,136.22,139.29,134.44,135.76,19174711
2024-10-07,NVDA,Technology,139.05,140.25,138.26,138.48,21619298
2024-10-08,NVDA,Technology,141.72,142.81,141.13,141.62,19821857
2024-10-09,NVDA,Technology,147.81,148.28,147.01,148.15,21189965
2024-10-10,NVDA,Technology,139.69,141.79,138.83,139.24,14974790
2024-10-11,NVDA,Technology,137.85,139.96,135.18,136.83,21653637
2024-10-14,NVDA,Technology,142.48,144.46,141.25,141.86,15265821
2024-10-15,NVDA,Technology,135.79,137.78,134.71,136.34,19246370
2024-10-16,NVDA,Technology,138.83,141.57,136.62,139.47,23391539
2024-10-17,NVDA,Technology,143.09,145.1,142.97,143.94,17428982
2024-10-18,NVDA,Technology,144.4,145.6,143.32,143.88,20199752
2024-10-21,NVDA,Technology,137.62,139.23,134.74,138.2,14260688
2024-10-22,NVDA,Technology,135.85,140.87,135.62,137.78,14878721
2024-10-23,NVDA,Technology,143.7,143.91,140.87,143.45,7068201
2024-10-24,NVDA,Technology,150.05,150.28,148.97,149.68,8137935
2024-10-25,NVDA,Technology,151.2,153.35,150.13,150.6,13628806
2024-10-28,NVDA,Technology,146.59,148.83,144.8,146.53,19931086
2024-10-29,NVDA,Technology,151.43,154.23,150.65,153.72,17117448
2024-10-30,NVDA,Technology,156.94,159.46,155.94,157.3,14978379
2024-10-31,NVDA,Technology,150.56,153.98,148.91,153.34,16752042
2024-11-01,NVDA,Technology,157.13,157.88,154.28,154.87,18505301
2024-11-04,NVDA,Technology,156.12,156.67,155.59,156.21,22976187
2024-11-05,NVDA,Technology,152.27,155.32,150.35,153.47,33248896
2024-11-06,NVDA,Technology,155.71,156.24,153.19,155.02,23603318
2024-11-07,NVDA,Technology,159.72,160.26,157.97,159.88,20462931
2024-11-08,NVDA,Technology,158.04,159.96,156.74,158.6,8947903
2024-11-11,NVDA,Technology,164.8,166.07,162.41,164.03,13812895
2024-11-12,NVDA,Technology,155.73,156.51,155.46,156.02,22316304
2024-11-13,NVDA,Technology,168.22,169.17,162.58,165.76,24977147
2024-11-14,NVDA,Technology,168.43,169.18,164.06,166.09,18535859
2024-11-15,NVDA,Technology,169.53,172.37,166.96,171.13,17340691
2024-11-18,NVDA,Technology,170.79,172.48,170.09,172.24,20574782
2024-11-19,NVDA,Technology,168.36,170.22,167.14,168.33,19045339
2024-11-20,NVDA,Technology,166.82,172.43,165.93,168.21,18336695
2024-11-21,NVDA,Technology,161.17,164.49,159.02,159.28,21731966
2024-11-22,NVDA,Technology,161.05,162.67,160.69,162.4,20629475
2024-11-25,NVDA,Technology,163.79,164.82,162.9,163.34,11165256
2024-11-26,NVDA,Technology,161.24,163.51,160.73,162.52,26501998
2024-11-27,NVDA,Technology,164.38,166.66,162.62,166.0,17342395
2024-11-28,NVDA,Technology,166.87,167.13,165.75,166.23,17826636
2024-11-29,NVDA,Technology,170.06,173.0,168.42,169.11,21387292
2024-12-02,NVDA,Technology,174.5,177.42,172.96,173.73,29409328
2024-12-03,NVDA,Technology,170.17,173.66,168.61,171.11,13181323
2024-12-04,NVDA,Technology,167.6,167.7,166.0,167.17,17861907
2024-12-05,NVDA,Technology,158.75,161.6,158.58,159.16,24980529
2024-12-06,NVDA,Technology,159.46,162.75,158.25,159.76,15211163
2024-12-09,NVDA,Technology,163.91,164.73,158.94,161.84,25424171
2024-12-10,NVDA,Technology,155.7,159.07,155.66,155.9,20065265
2024-12-11,NVDA,Technology,163.74,166.66,160.91,162.15,24809357
2024-12-12,NVDA,Technology,159.49,161.41,157.59,158.47,6202773
2024-12-13,NVDA,Technology,149.0,151.13,148.66,149.19,26022063
2024-12-16,NVDA,Technology,155.89,157.89,154.9,155.49,10571299
2024-12-17,NVDA,Technology,143.84,147.2,143.5,146.95,12750777
2024-12-18,NVDA,Technology,148.81,152.21,148.49,150.97,23891778
2024-12-19,NVDA,Technology,154.32,157.09,152.28,154.07,25351053
2024-12-20,NVDA,Technology,155.56,156.77,154.74,155.5,26643775
2024-12-23,NVDA,Technology,153.66,154.83,153.26,153.28,17751473
2024-12-24,NVDA,Technology,156.13,158.19,155.44,155.49,22056872
2024-12-25,NVDA,Technology,160.15,162.57,158.72,160.11,19325317
2024-12-26,NVDA,Technology,156.03,156.54,155.04,155.74,6995135
2024-12-27,NVDA,Technology,159.65,162.72,157.36,160.05,18963391
2024-12-30,NVDA,Technology,164.01,165.93,163.24,164.28,11722082
2024-12-31,NVDA,Technology,165.59,166.31,162.35,165.69,14694860
2025-01-01,NVDA,Technology,162.99,163.46,160.29,163.25,27186205
2025-01-02,NVDA,Technology,167.43,167.65,166.68,167.58,14031618
2025-01-03,NVDA,Technology,170.67,171.37,168.31,170.02,23264951
2025-01-06,NVDA,Technology,167.31,168.67,163.53,165.24,15845332
2025-01-07,NVDA,Technology,161.4,166.33,157.69,163.6,29838774
2025-01-08,NVDA,Technology,166.93,169.57,164.94,167.41,7957619
2025-01-09,NVDA,Technology,167.85,171.02,167.58,168.0,21426287
2025-01-10,NVDA,Technology,175.17,175.96,169.22,173.17,32885671
2025-01-13,NVDA,Technology,171.38,172.68,170.04,171.57,17019268
2025-01-14,NVDA,Technology,165.2,169.22,162.95,166.83,20430669
2025-01-15,NVDA,Technology,175.25,179.57,175.04,177.13,15986115
2025-01-16,NVDA,Technology,168.37,170.79,166.99,168.85,28722086
2025-01-17,NVDA,Technology,165.16,167.19,163.76,166.55,22414745
2025-01-20,NVDA,Technology,170.07,170.87,164.43,167.91,23038243
2025-01-21,NVDA,Technology,174.14,174.77,172.57,172.6,25553726
2025-01-22,NVDA,Technology,178.17,179.62,175.62,175.79,28716608
2025-01-23,NVDA,Technology,183.77,190.2,182.37,187.22,19471727
2025-01-24,NVDA,Technology,187.62,187.75,185.48,186.67,13853081
2025-01-27,NVDA,Technology,183.04,185.08,179.68,182.17,33031204
2025-01-28,NVDA,Technology,181.48,182.04,178.02,181.11,15772220
2025-01-29,NVDA,Technology,179.26,181.66,178.03,179.55,24776522
2025-01-30,NVDA,Technology,179.27,179.63,178.77,179.27,16723376
2025-01-31,NVDA,Technology,173.77,177.73,173.29,174.4,16121089
2025-02-03,NVDA,Technology,177.52,179.12,176.21,178.29,20950703
2025-02-04,NVDA,Technology,181.71,182.88,179.6,180.2,16237135
2025-02-05,NVDA,Technology,174.34,175.46,171.16,173.88,27454129
2025-02-06,NVDA,Technology,177.84,178.86,176.51,178.66,26618801
2025-02-07,NVDA,Technology,176.04,176.16,172.21,174.66,12601645
2025-02-10,NVDA,Technology,169.32,169.97,166.86,168.93,19678303
2025-02-11,NVDA,Technology,170.3,172.5,167.31,169.41,16815777
2025-02-12,NVDA,Technology,162.83,163.8,159.27,161.13,16269139
2025-02-13,NVDA,Technology,163.71,164.55,163.31,163.84,21640873
2025-02-14,NVDA,Technology,150.66,150.98,147.77,150.87,22032395
2025-02-17,NVDA,Technology,146.47,149.22,144.92,146.58,7112882
2025-02-18,NVDA,Technology,153.89,154.48,151.36,153.09,9001877
2025-02-19,NVDA,Technology,152.14,154.55,146.02,150.2,16268556
2025-02-20,NVDA,Technology,150.17,150.97,147.29,148.1,17458484
2025-02-21,NVDA,Technology,151.99,156.36,150.2,153.43,6877956
2025-02-24,NVDA,Technology,150.39,151.88,147.64,150.08,13108015
2025-02-25,NVDA,Technology,154.9,155.82,152.28,153.34,27529242
2025-02-26,NVDA,Technology,160.04,160.52,156.83,158.43,16572198
2025-02-27,NVDA,Technology,160.99,161.33,158.92,160.61,9001707
2025-02-28,NVDA,Technology,152.23,154.48,151.39,154.17,15123645
2025-03-03,NVDA,Technology,149.36,151.64,149.27,151.61,23807694
2025-03-04,NVDA,Technology,163.28,163.52,161.03,163.18,10475398
2025-03-05,NVDA,Technology,161.72,164.75,159.49,161.0,11152272
2025-03-06,NVDA,Technology,175.66,175.79,174.49,174.51,11870610
2025-03-07,NVDA,Technology,182.46,184.49,181.68,182.92,12654848
2025-03-10,NVDA,Technology,187.72,191.24,183.97,185.65,30750181
2025-03-11,NVDA,Technology,186.57,190.01,186.11,187.25,16152121
2025-03-12,NVDA,Technology,183.58,187.15,177.89,184.88,17670120
2025-03-13,NVDA,Technology,181.5,187.57,180.26,184.48,14178167
2025-03-14,NVDA,Technology,179.57,182.36,179.07,180.99,6314805
2025-03-17,NVDA,Technology,183.44,184.33,177.7,180.73,28045906
2025-03-18,NVDA,Technology,172.44,175.91,171.18,173.9,6716800
2025-03-19,NVDA,Technology,166.47,167.81,165.61,167.06,17293765
2025-03-20,NVDA,Technology,174.87,175.08,171.57,173.21,24136950
2025-03-21,NVDA,Technology,165.72,170.4,164.65,165.45,22033282
2025-03-24,NVDA,Technology,169.64,171.33,168.33,169.61,21658062
2025-03-25,NVDA,Technology,158.56,161.4,155.09,160.67,12629314
2025-03-26,NVDA,Technology,162.51,164.86,162.28,163.56,12166944
2025-03-27,NVDA,Technology,163.24,164.79,161.69,162.66,7383332
2025-03-28,NVDA,Technology,170.15,171.93,167.17,168.74,21904523
2025-03-31,NVDA,Technology,167.54,169.47,163.62,167.23,12912893
2025-04-01,NVDA,Technology,159.3,159.46,157.64,157.87,8955886
2025-04-02,NVDA,Technology,156.72,158.85,155.91,157.1,11928569
2025-04-03,NVDA,Technology,157.26,158.57,157.09,157.85,8425433
2025-04-04,NVDA,Technology,155.41,157.96,154.03,157.32,26663099
2025-04-07,NVDA,Technology,160.21,161.3,157.38,159.91,17275709
2025-04-08,NVDA,Technology,156.68,158.98,155.78,157.44,18105647
2025-04-09,NVDA,Technology,153.7,154.06,151.87,151.92,19519973
2025-04-10,NVDA,Technology,146.56,147.85,144.27,147.72,22393654
2025-04-11,NVDA,Technology,145.68,145.94,145.1,145.64,24460680
2025-04-14,NVDA,Technology,144.29,144.82,143.03,143.55,22630817
2025-04-15,NVDA,Technology,151.98,153.56,148.3,153.27,22648408
2025-04-16,NVDA,Technology,159.59,160.93,158.01,158.71,21471887
2025-04-17,NVDA,Technology,163.75,166.35,161.76,161.82,20320862
2025-04-18,NVDA,Technology,165.42,168.2,163.3,163.89,28433377
2025-04-21,NVDA,Technology,166.68,167.37,162.54,165.32,19037577
2025-04-22,NVDA,Technology,165.97,167.41,164.46,166.79,12419986
2025-04-23,NVDA,Technology,164.71,169.91,163.97,167.61,20441752
2025-04-24,NVDA,Technology,167.86,169.87,165.49,167.86,12558387
2025-04-25,NVDA,Technology,157.12,158.73,155.72,158.08,31220080
2025-04-28,NVDA,Technology,157.85,159.28,156.29,156.5,29645322
2025-04-29,NVDA,Technology,155.22,155.56,154.92,155.5,24135545
2025-04-30,NVDA,Technology,153.11,153.93,151.39,152.3,23715626
2025-05-01,NVDA,Technology,150.88,151.54,147.31,149.98,17970111
2025-05-02,NVDA,Technology,152.08,155.16,149.26,151.29,16483206
2025-05-05,NVDA,Technology,154.09,156.94,154.03,154.6,13222908
2025-05-06,NVDA,Technology,156.68,157.39,153.81,155.94,13321602
2025-05-07,NVDA,Technology,161.56,162.25,159.05,159.24,17681365
2025-05-08,NVDA,Technology,163.08,163.59,162.15,162.68,20154885
2025-05-09,NVDA,Technology,162.55,162.59,159.61,161.37,15222831
2025-05-12,NVDA,Technology,161.08,167.52,159.52,163.8,13746829
2025-05-13,NVDA,Technology,155.48,156.96,152.79,155.85,9746986
2025-05-14,NVDA,Technology,154.37,154.56,152.8,154.22,18670698
2025-05-15,NVDA,Technology,149.86,152.54,148.23,152.11,19915727
2025-05-16,NVDA,Technology,160.6,163.72,157.26,158.68,15627897
2025-05-19,NVDA,Technology,159.72,161.56,159.41,160.24,22195864
2025-05-20,NVDA,Technology,153.49,154.7,152.16,154.3,14409874
2025-05-21,NVDA,Technology,157.96,158.05,155.09,156.93,18010096
2025-05-22,NVDA,Technology,161.49,161.57,160.8,160.98,21132016
2025-05-23,NVDA,Technology,161.35,163.61,158.05,160.63,6764526
2025-05-26,NVDA,Technology,162.84,163.96,162.09,163.79,30065048
2025-05-27,NVDA,Technology,150.02,153.26,146.45,152.4,19590497
2025-05-28,NVDA,Technology,141.25,143.77,140.74,140.93,26456228
2025-05-29,NVDA,Technology,137.0,137.67,134.18,136.33,21241010
2025-05-30,NVDA,Technology,135.23,138.93,134.98,136.94,27481285
2025-06-02,NVDA,Technology,142.29,143.3,141.96,142.87,19070577
2025-06-03,NVDA,Technology,137.91,139.02,136.48,138.41,11174122
2025-06-04,NVDA,Technology,136.56,137.67,135.05,135.15,30668408
2025-06-05,NVDA,Technology,135.22,137.54,134.96,135.53,12426582
2025-06-06,NVDA,Technology,135.78,137.29,133.53,133.71,24307446
2025-06-09,NVDA,Technology,131.25,132.92,127.74,131.7,12460147
2025-06-10,NVDA,Technology,131.26,131.63,129.89,130.19,10242664
2025-06-11,NVDA,Technology,137.12,138.95,134.72,135.03,16631557
2025-06-12,NVDA,Technology,140.5,143.62,137.8,139.29,34104384
2025-06-13,NVDA,Technology,138.35,140.71,136.51,139.43,22371901
2025-06-16,NVDA,Technology,146.15,146.4,144.61,145.94,27733230
2025-06-17,NVDA,Technology,146.17,149.06,144.83,148.07,16204024
2025-06-18,NVDA,Technology,151.88,154.65,149.68,152.9,17330850
2025-06-19,NVDA,Technology,149.68,150.64,147.96,149.27,15518143
2025-06-20,NVDA,Technology,148.32,148.53,145.49,146.59,24435298
2025-06-23,NVDA,Technology,143.15,147.22,142.58,143.91,19866281
2025-06-24,NVDA,Technology,144.28,144.65,142.92,143.61,32996745
2025-06-25,NVDA,Technology,142.12,145.09,141.21,143.9,17098927
2025-06-26,NVDA,Technology,144.87,146.56,143.94,145.26,28806862
2025-06-27,NVDA,Technology,153.94,154.12,151.64,153.33,22880960
2025-06-30,NVDA,Technology,159.32,160.0,155.82,156.48,15570957
2025-07-01,NVDA,Technology,153.65,159.02,152.95,154.28,13641838
2025-07-02,NVDA,Technology,152.23,155.62,150.39,154.32,17079325
2025-07-03,NVDA,Technology,162.86,165.43,158.11,160.87,21202381
2025-07-04,NVDA,Technology,166.04,168.97,163.7,164.45,23316166
2025-07-07,NVDA,Technology,168.41,172.91,166.76,171.38,17261639
2025-07-08,NVDA,Technology,170.9,173.07,168.92,169.12,16314519
2025-07-09,NVDA,Technology,164.45,165.88,163.4,165.81,17177606
2025-07-10,NVDA,Technology,159.63,164.94,159.29,162.63,16801581
2025-07-11,NVDA,Technology,162.01,164.78,155.8,160.85,22321059
2025-07-14,NVDA,Technology,154.25,156.99,154.03,156.12,23687303
2025-07-15,NVDA,Technology,156.8,160.77,156.01,157.46,22135134
2025-07-16,NVDA,Technology,160.25,162.35,157.07,158.89,14982427
2025-07-17,NVDA,Technology,165.41,166.35,164.57,164.9,25424422
2025-07-18,NVDA,Technology,155.22,158.03,154.9,156.83,35662671
2025-07-21,NVDA,Technology,151.63,156.23,148.23,152.74,18716122
2025-07-22,NVDA,Technology,155.85,157.45,155.73,156.24,9836216
2025-07-23,NVDA,Technology,156.99,159.73,155.92,157.09,17743549
2025-07-24,NVDA,Technology,155.1,158.0,154.64,157.35,19808054
2025-07-25,NVDA,Technology,162.67,163.5,161.76,162.97,19180626
2025-07-28,NVDA,Technology,158.83,159.22,156.42,158.41,23967164
2025-07-29,NVDA,Technology,155.49,158.13,154.51,155.24,28225807
2025-07-30,NVDA,Technology,152.38,155.53,149.39,151.61,20292763
2025-07-31,NVDA,Technology,143.05,143.57,142.5,143.12,20915672
2025-08-01,NVDA,Technology,142.98,145.75,142.8,143.7,16781512
2025-08-04,NVDA,Technology,140.54,142.07,140.25,141.64,22010196
2025-08-05,NVDA,Technology,137.59,141.27,136.62,138.79,29444322
2025-08-06,NVDA,Technology,134.12,137.69,133.69,135.28,19328151
2025-08-07,NVDA,Technology,134.81,137.36,133.32,135.26,14116184
2025-08-08,NVDA,Technology,131.42,133.75,128.65,132.28,9043592
2025-08-11,NVDA,Technology,133.13,133.59,132.41,133.15,17329367
2025-08-12,NVDA,Technology,137.78,138.13,134.56,134.91,13971191
2025-08-13,NVDA,Technology,133.98,134.9,132.04,133.84,9276293
2025-08-14,NVDA,Technology,132.25,133.19,131.39,132.53,19420460
2025-08-15,NVDA,Technology,133.87,135.08,130.94,133.26,26107673
2025-08-18,NVDA,Technology,131.7,134.8,130.15,133.2,23973782
2025-08-19,NVDA,Technology,136.72,138.72,136.02,138.21,18927337
2025-08-20,NVDA,Technology,139.79,141.46,138.56,139.49,15217481
2025-08-21,NVDA,Technology,143.42,144.2,143.25,143.81,19538672
2025-08-22,NVDA,Technology,145.4,146.81,145.39,146.32,10050747
2025-08-25,NVDA,Technology,140.42,141.58,138.41,140.97,27219543
2025-08-26,NVDA,Technology,140.29,142.25,136.7,138.81,18402334
2025-08-27,NVDA,Technology,139.16,139.94,137.24,138.67,22130023
2025-08-28,NVDA,Technology,141.12,143.95,138.81,142.09,20650598
2025-08-29,NVDA,Technology,150.53,151.63,149.61,149.81,11529742
2025-09-01,NVDA,Technology,146.99,149.74,146.19,147.83,20348653
2025-09-02,NVDA,Technology,146.77,148.67,146.02,148.11,26474454
2025-09-03,NVDA,Technology,152.46,153.31,151.26,151.48,15638590
2025-09-04,NVDA,Technology,149.48,152.74,149.15,151.29,21581835
2025-09-05,NVDA,Technology,158.5,159.04,156.65,158.3,19806966
2025-09-08,NVDA,Technology,153.28,156.33,145.69,152.38,21300591
2025-09-09,NVDA,Technology,153.47,155.7,152.95,155.33,30141193
2025-09-10,NVDA,Technology,158.82,159.11,156.8,158.29,21875059
2025-09-11,NVDA,Technology,162.82,165.41,160.8,163.45,21568188
2025-09-12,NVDA,Technology,161.66,164.16,161.31,163.79,30745125
2025-09-15,NVDA,Technology,165.72,169.06,164.2,167.93,21650043
2025-09-16,NVDA,Technology,167.07,168.86,165.71,166.82,27819441
2025-09-17,NVDA,Technology,163.06,163.82,162.85,163.13,11352816
2025-09-18,NVDA,Technology,160.11,161.01,154.76,158.86,12488765
2025-09-19,NVDA,Technology,153.56,155.81,152.24,152.5,25998343
2025-09-22,NVDA,Technology,148.05,151.02,147.11,150.67,14615643
2025-09-23,NVDA,Technology,152.53,154.44,151.81,152.04,20769580
2025-09-24,NVDA,Technology,151.35,151.35,149.36,151.2,26893096
2025-09-25,NVDA,Technology,152.47,153.14,150.72,152.09,16261792
2025-09-26,NVDA,Technology,157.17,160.11,154.2,157.4,15302007
2025-09-29,NVDA,Technology,155.86,157.0,153.41,155.18,13851163
2025-09-30,NVDA,Technology,164.77,166.05,160.77,165.4,26528083
2025-10-01,NVDA,Technology,170.41,172.64,167.06,168.95,11086440
2025-10-02,NVDA,Technology,166.52,170.59,165.5,168.08,10889830
2025-10-03,NVDA,Technology,166.5,167.55,166.0,167.1,21077903
2025-10-06,NVDA,Technology,161.31,163.69,160.16,162.44,18316243
2025-10-07,NVDA,Technology,163.32,164.49,161.35,162.38,23388516
2025-10-08,NVDA,Technology,151.51,153.27,150.57,152.61,33306118
2025-10-09,NVDA,Technology,158.83,159.67,157.09,158.03,12098083
2025-10-10,NVDA,Technology,145.76,145.81,145.09,145.62,20166162
2025-10-13,NVDA,Technology,146.3,146.81,145.74,145.84,11049386
2025-10-14,NVDA,Technology,140.84,143.42,140.34,141.22,19234171
2025-10-15,NVDA,Technology,140.7,142.84,136.77,138.49,30991003
2025-10-16,NVDA,Technology,136.37,136.75,134.49,136.32,22412154
2025-10-17,NVDA,Technology,144.38,146.15,143.49,143.72,17100709
2025-10-20,NVDA,Technology,139.63,141.38,137.37,139.33,25586816
2025-10-21,NVDA,Technology,142.51,143.29,142.29,142.94,14097858
2025-10-22,NVDA,Technology,147.09,148.08,144.43,147.64,25795652
2025-10-23,NVDA,Technology,139.1,139.68,136.29,138.02,19094672
2025-10-24,NVDA,Technology,136.8,138.72,134.72,135.69,35127096
2025-10-27,NVDA,Technology,142.64,144.9,141.03,141.38,25940193
2025-10-28,NVDA,Technology,135.4,137.43,134.41,136.22,21342116
2025-10-29,NVDA,Technology,142.39,143.25,140.54,140.84,20023436
2025-10-30,NVDA,Technology,139.6,141.17,136.91,140.81,26476094
2025-10-31,NVDA,Technology,140.68,141.5,139.31,140.62,17785224
2025-11-03,NVDA,Technology,141.76,142.63,139.83,140.94,13638532
2025-11-04,NVDA,Technology,143.13,144.29,142.25,142.34,20215306
2025-11-05,NVDA,Technology,138.95,140.28,136.62,138.58,6415298
2025-11-06,NVDA,Technology,136.96,140.4,133.86,137.62,31794392
2025-11-07,NVDA,Technology,138.87,141.87,135.23,139.1,15211877
2025-11-10,NVDA,Technology,139.6,141.87,138.24,139.83,20918223
2025-11-11,NVDA,Technology,140.19,142.77,139.79,141.25,24103182
2025-11-12,NVDA,Technology,138.91,140.52,137.44,138.45,22264414
2025-11-13,NVDA,Technology,139.68,142.19,138.61,140.95,17785709
2025-11-14,NVDA,Technology,143.39,144.19,140.73,141.5,19306839
2025-11-17,NVDA,Technology,135.36,136.46,133.9,135.28,24132607
2025-11-18,NVDA,Technology,134.26,135.17,131.06,133.32,15701950
2025-11-19,NVDA,Technology,131.85,133.18,128.55,130.02,7440681
2025-11-20,NVDA,Technology,126.28,127.47,125.54,126.76,21030024
2025-11-21,NVDA,Technology,123.86,125.66,123.34,125.11,7332017
2025-11-24,NVDA,Technology,126.25,128.4,124.23,127.3,20674395
2025-11-25,NVDA,Technology,125.81,127.92,123.44,125.11,28199626
2025-11-26,NVDA,Technology,123.83,126.94,123.14,125.94,23746045
2025-11-27,NVDA,Technology,125.48,126.63,124.64,126.2,20124862
2025-11-28,NVDA,Technology,124.73,125.81,122.11,123.49,14075048
2025-12-01,NVDA,Technology,121.47,123.46,120.22,122.34,25149986
2025-12-02,NVDA,Technology,123.96,126.0,122.82,125.35,19657770
2025-12-03,NVDA,Technology,124.78,126.56,123.78,125.92,31545830
2025-12-04,NVDA,Technology,129.55,130.43,125.94,127.89,19815439
2025-12-05,NVDA,Technology,133.35,135.55,132.13,132.49,17645467
2025-12-08,NVDA,Technology,132.23,134.28,131.01,134.15,25788973
2025-12-09,NVDA,Technology,127.52,128.3,124.17,126.98,16017690
2025-12-10,NVDA,Technology,127.66,128.44,126.78,127.99,32842147
2025-12-11,NVDA,Technology,125.95,126.25,125.45,125.82,20219579
2025-12-12,NVDA,Technology,131.32,132.42,130.66,132.24,20798060
2025-12-15,NVDA,Technology,134.28,134.93,131.11,133.76,23695059
2025-12-16,NVDA,Technology,130.83,133.19,129.21,131.57,22316162
2025-12-17,NVDA,Technology,133.45,136.22,132.74,133.7,9613178
2025-12-18,NVDA,Technology,134.25,134.6,132.76,134.09,31458754
2025-12-19,NVDA,Technology,126.22,127.76,125.83,127.68,22317574
2025-12-22,NVDA,Technology,131.05,131.57,130.17,130.81,11804707
2025-12-23,NVDA,Technology,130.45,131.12,128.04,129.37,17271061
2025-12-24,NVDA,Technology,133.82,136.19,133.28,134.56,12324569
2025-12-25,NVDA,Technology,136.22,138.22,133.73,134.14,30001858
2025-12-26,NVDA,Technology,140.29,140.57,138.08,139.59,10005419
2025-12-29,NVDA,Technology,142.21,144.61,140.61,141.3,11651370
2025-12-30,NVDA,Technology,142.21,146.8,142.02,145.2,30220691
2025-12-31,NVDA,Technology,144.06,144.56,142.61,143.25,15421242
2024-01-26,PFE,Healthcare,37.86,38.09,37.55,38.0,7088696
2024-01-29,PFE,Healthcare,39.17,39.53,38.48,39.15,10537425
2024-01-30,PFE,Healthcare,38.63,38.84,38.45,38.71,7566270
2024-01-31,PFE,Healthcare,39.38,39.53,38.81,39.26,10563838
2024-02-01,PFE,Healthcare,39.78,39.83,39.42,39.74,12725012
2024-02-02,PFE,Healthcare,40.51,40.95,40.34,40.75,11513137
2024-02-05,PFE,Healthcare,40.72,40.99,40.7,40.78,13151916
2024-02-06,PFE,Healthcare,40.27,40.61,40.23,40.26,11045996
2024-02-07,PFE,Healthcare,39.64,40.0,39.41,39.66,8483166
2024-02-08,PFE,Healthcare,39.68,40.17,39.34,39.67,7670598
2024-02-09,PFE,Healthcare,39.66,39.89,39.53,39.74,5245336
2024-02-12,PFE,Healthcare,39.74,39.96,39.57,39.94,9687921
2024-02-13,PFE,Healthcare,38.89,39.43,38.71,39.01,10736875
2024-02-14,PFE,Healthcare,39.76,40.54,39.65,39.89,6504382
2024-02-15,PFE,Healthcare,39.13,39.18,38.77,38.99,15334335
2024-02-16,PFE,Healthcare,40.06,40.06,39.21,39.86,11131065
2024-02-19,PFE,Healthcare,39.66,40.28,39.48,39.66,10537674
2024-02-20,PFE,Healthcare,40.84,40.94,40.73,40.92,13039760
2024-02-21,PFE,Healthcare,39.4,40.1,39.17,39.73,8494812
2024-02-22,PFE,Healthcare,40.48,40.68,40.29,40.54,8654839
2024-02-23,PFE,Healthcare,39.71,39.89,39.52,39.85,7038596
2024-02-26,PFE,Healthcare,38.82,39.24,38.69,39.12,8783249
2024-02-27,PFE,Healthcare,40.61,41.33,40.11,40.24,6141712
2024-02-28,PFE,Healthcare,41.01,41.1,40.46,40.77,9880920
2024-02-29,PFE,Healthcare,39.73,39.82,39.61,39.77,8029918
2024-03-01,PFE,Healthcare,40.17,40.53,39.59,39.92,2985367
2024-03-04,PFE,Healthcare,40.92,41.02,40.47,40.89,2419034
2024-03-05,PFE,Healthcare,41.07,41.31,40.9,41.3,5511613
2024-03-06,PFE,Healthcare,41.63,41.97,41.15,41.34,5972742
2024-03-07,PFE,Healthcare,41.93,42.34,41.75,42.17,4508592
2024-03-08,PFE,Healthcare,42.51,42.79,42.23,42.45,9886415
2024-03-11,PFE,Healthcare,41.73,41.99,41.07,41.27,7721596
2024-03-12,PFE,Healthcare,41.26,41.66,41.02,41.36,5168193
2024-03-13,PFE,Healthcare,41.82,42.27,41.51,41.72,4400703
2024-03-14,PFE,Healthcare,41.77,42.18,41.32,41.9,9364658
2024-03-15,PFE,Healthcare,41.5,42.09,41.48,41.63,6832136
2024-03-18,PFE,Healthcare,41.81,42.31,41.0,41.97,12982775
2024-03-19,PFE,Healthcare,41.98,42.62,41.83,42.12,10109364
2024-03-20,PFE,Healthcare,40.57,40.86,40.55,40.71,2705724
2024-03-21,PFE,Healthcare,39.72,39.82,39.36,39.81,6799546
2024-03-22,PFE,Healthcare,40.21,40.77,39.73,40.04,5938298
2024-03-25,PFE,Healthcare,40.6,40.71,40.51,40.57,8346541
2024-03-26,PFE,Healthcare,39.8,40.29,39.53,40.05,6857722
2024-03-27,PFE,Healthcare,40.55,40.98,40.31,40.57,4666344
2024-03-28,PFE,Healthcare,41.13,41.42,40.65,40.94,8701519
2024-03-29,PFE,Healthcare,40.71,41.27,40.69,40.82,7572593
2024-04-01,PFE,Healthcare,41.33,41.74,40.43,41.14,12184714
2024-04-02,PFE,Healthcare,41.26,41.68,41.25,41.44,5138221
2024-04-03,PFE,Healthcare,42.21,42.32,41.77,42.08,5480212
2024-04-04,PFE,Healthcare,42.38,42.87,42.11,42.76,8565215
2024-04-05,PFE,Healthcare,41.98,42.29,41.54,42.02,16359652
2024-04-08,PFE,Healthcare,41.5,42.03,41.18,41.51,7695944
2024-04-09,PFE,Healthcare,42.61,42.66,42.04,42.58,11188887
2024-04-10,PFE,Healthcare,43.06,43.34,42.82,43.23,5103839
2024-04-11,PFE,Healthcare,43.83,44.23,43.47,43.72,6487666
2024-04-12,PFE,Healthcare,44.6,44.7,44.04,44.33,11348025
2024-04-15,PFE,Healthcare,45.34,45.37,44.87,45.21,12298987
2024-04-16,PFE,Healthcare,45.32,45.94,44.83,45.34,2648825
2024-04-17,PFE,Healthcare,44.83,45.75,44.73,45.06,4994896
2024-04-18,PFE,Healthcare,45.33,45.85,44.78,45.51,9064296
2024-04-19,PFE,Healthcare,45.54,45.57,45.47,45.51,1896269
2024-04-22,PFE,Healthcare,46.54,47.22,46.16,46.73,13728259
2024-04-23,PFE,Healthcare,47.63,48.47,47.32,47.97,12097020
2024-04-24,PFE,Healthcare,48.59,48.84,48.56,48.72,8505310
2024-04-25,PFE,Healthcare,48.0,48.25,47.32,47.69,7834310
2024-04-26,PFE,Healthcare,47.24,47.34,46.34,46.82,4309597
2024-04-29,PFE,Healthcare,46.0,46.22,45.51,45.8,10939424
2024-04-30,PFE,Healthcare,46.34,46.8,45.46,45.96,10356331
2024-05-01,PFE,Healthcare,46.66,46.83,46.66,46.71,6012114
2024-05-02,PFE,Healthcare,46.4,46.89,45.89,46.48,3995108
2024-05-03,PFE,Healthcare,46.19,46.3,45.39,45.99,8484455
2024-05-06,PFE,Healthcare,46.05,46.23,45.83,46.1,4624731
2024-05-07,PFE,Healthcare,45.51,45.57,45.49,45.5,3413912
2024-05-08,PFE,Healthcare,45.61,45.73,45.44,45.73,14273856
2024-05-09,PFE,Healthcare,45.75,45.89,45.17,45.56,7748575
2024-05-10,PFE,Healthcare,45.43,45.78,44.94,45.07,14509223
2024-05-13,PFE,Healthcare,45.28,45.96,45.09,45.18,6965295
2024-05-14,PFE,Healthcare,45.7,45.99,45.53,45.88,12528876
2024-05-15,PFE,Healthcare,44.71,45.21,44.65,44.72,9051481
2024-05-16,PFE,Healthcare,44.76,44.95,44.75,44.87,10593877
2024-05-17,PFE,Healthcare,43.41,43.52,42.91,43.29,15101178
2024-05-20,PFE,Healthcare,42.78,43.16,42.46,43.12,9873356
2024-05-21,PFE,Healthcare,43.68,43.73,43.2,43.65,12034545
2024-05-22,PFE,Healthcare,44.35,44.67,43.88,44.43,12012844
2024-05-23,PFE,Healthcare,44.02,44.53,43.92,44.05,10699622
2024-05-24,PFE,Healthcare,43.5,43.68,43.48,43.67,12881879
2024-05-27,PFE,Healthcare,43.93,44.28,43.5,43.52,12153567
2024-05-28,PFE,Healthcare,42.87,42.89,42.12,42.73,6430918
2024-05-29,PFE,Healthcare,43.0,43.24,42.78,42.86,10367406
2024-05-30,PFE,Healthcare,42.36,42.43,42.02,42.15,8990539
2024-05-31,PFE,Healthcare,42.74,42.81,42.48,42.57,8732980
2024-06-03,PFE,Healthcare,42.33,42.83,41.81,42.07,15576878
2024-06-04,PFE,Healthcare,41.92,42.04,41.64,41.86,6288261
2024-06-05,PFE,Healthcare,41.78,42.34,41.58,42.24,8978274
2024-06-06,PFE,Healthcare,42.78,42.83,42.22,42.71,8750341
2024-06-07,PFE,Healthcare,43.26,43.67,42.71,43.16,5426412
2024-06-10,PFE,Healthcare,43.54,44.13,43.13,43.37,9860360
2024-06-11,PFE,Healthcare,42.54,43.02,42.31,42.59,11043435
2024-06-12,PFE,Healthcare,42.86,43.16,42.26,42.59,10752016
2024-06-13,PFE,Healthcare,42.48,42.7,42.31,42.48,14202619
2024-06-14,PFE,Healthcare,42.24,42.62,42.13,42.2,7296781
2024-06-17,PFE,Healthcare,42.4,43.02,42.09,42.27,11443909
2024-06-18,PFE,Healthcare,41.71,42.12,41.25,41.67,7298949
2024-06-19,PFE,Healthcare,41.74,41.99,41.22,41.66,10651331
2024-06-20,PFE,Healthcare,41.45,41.47,41.28,41.47,13969501
2024-06-21,PFE,Healthcare,41.23,41.61,41.12,41.17,11256562
2024-06-24,PFE,Healthcare,40.59,40.77,40.27,40.41,4519639
2024-06-25,PFE,Healthcare,39.76,40.09,39.45,39.64,10774515
2024-06-26,PFE,Healthcare,40.47,40.59,40.41,40.56,6804805
2024-06-27,PFE,Healthcare,40.37,40.67,40.36,40.66,12800964
2024-06-28,PFE,Healthcare,41.76,42.24,41.44,41.93,4590115
2024-07-01,PFE,Healthcare,43.21,43.55,42.81,43.28,14571056
2024-07-02,PFE,Healthcare,44.1,44.9,43.8,44.2,3485651
2024-07-03,PFE,Healthcare,43.54,43.76,43.22,43.26,4556638
2024-07-04,PFE,Healthcare,44.31,44.73,44.29,44.32,7232341
2024-07-05,PFE,Healthcare,44.29,44.48,44.17,44.24,10039380
2024-07-08,PFE,Healthcare,44.03,44.18,43.89,44.05,8332375
2024-07-09,PFE,Healthcare,43.74,43.88,43.43,43.76,13009035
2024-07-10,PFE,Healthcare,43.46,43.55,43.45,43.52,10651469
2024-07-11,PFE,Healthcare,43.91,43.92,43.4,43.83,100000
2024-07-12,PFE,Healthcare,45.86,46.14,45.0,45.57,11490687
2024-07-15,PFE,Healthcare,44.56,44.73,43.85,44.32,10742236
2024-07-16,PFE,Healthcare,46.04,46.22,45.66,45.8,7598704
2024-07-17,PFE,Healthcare,47.21,47.31,46.81,47.0,8551333
2024-07-18,PFE,Healthcare,46.56,46.92,46.44,46.88,11310656
2024-07-19,PFE,Healthcare,46.56,47.02,46.08,46.5,13028904
2024-07-22,PFE,Healthcare,45.49,45.72,45.29,45.46,8052956
2024-07-23,PFE,Healthcare,44.84,44.93,44.52,44.78,11775120
2024-07-24,PFE,Healthcare,44.39,44.71,44.25,44.34,9161817
2024-07-25,PFE,Healthcare,44.12,44.64,44.08,44.28,8013203
2024-07-26,PFE,Healthcare,44.26,44.41,44.24,44.28,8426160
2024-07-29,PFE,Healthcare,45.11,45.55,44.49,44.87,11028441
2024-07-30,PFE,Healthcare,45.95,46.22,44.81,45.39,7352396
2024-07-31,PFE,Healthcare,45.44,45.73,45.15,45.59,4690416
2024-08-01,PFE,Healthcare,45.53,45.59,45.32,45.58,6964409
2024-08-02,PFE,Healthcare,46.69,46.84,46.23,46.49,9692902
2024-08-05,PFE,Healthcare,46.96,47.31,46.66,47.17,7724507
2024-08-06,PFE,Healthcare,47.3,47.75,47.27,47.55,7282237
2024-08-07,PFE,Healthcare,47.03,47.61,46.99,47.24,7068480
2024-08-08,PFE,Healthcare,47.89,48.77,47.82,48.15,4488099
2024-08-09,PFE,Healthcare,49.04,49.05,48.34,48.86,9347551
2024-08-12,PFE,Healthcare,48.5,49.3,48.23,48.68,4728661
2024-08-13,PFE,Healthcare,47.01,47.65,46.82,47.11,9853713
2024-08-14,PFE,Healthcare,47.44,47.73,46.7,47.21,6843149
2024-08-15,PFE,Healthcare,46.59,46.97,46.58,46.68,8269299
2024-08-16,PFE,Healthcare,46.84,47.48,46.39,47.27,9411687
2024-08-19,PFE,Healthcare,47.63,47.67,46.85,47.46,8280214
2024-08-20,PFE,Healthcare,46.38,46.75,45.9,46.13,3506029
2024-08-21,PFE,Healthcare,46.39,46.56,46.29,46.39,16173809
2024-08-22,PFE,Healthcare,47.64,47.95,47.57,47.76,6379465
2024-08-23,PFE,Healthcare,47.31,48.01,47.06,47.66,7745185
2024-08-26,PFE,Healthcare,48.09,48.23,47.44,47.67,10220841
2024-08-27,PFE,Healthcare,47.31,47.7,46.75,47.42,10349145
2024-08-28,PFE,Healthcare,47.79,48.3,47.38,47.5,6646686
2024-08-29,PFE,Healthcare,48.9,49.01,48.32,48.76,7504066
2024-08-30,PFE,Healthcare,49.35,49.82,49.23,49.66,10267145
2024-09-02,PFE,Healthcare,49.1,49.34,48.84,49.2,7776329
2024-09-03,PFE,Healthcare,48.96,49.44,48.54,49.16,6500379
2024-09-04,PFE,Healthcare,49.09,49.52,48.84,49.17,13651167
2024-09-05,PFE,Healthcare,49.66,49.87,48.85,49.54,10437030
2024-09-06,PFE,Healthcare,49.89,49.94,49.83,49.93,7951932
2024-09-09,PFE,Healthcare,49.52,50.42,49.51,49.87,9227444
2024-09-10,PFE,Healthcare,49.35,49.58,48.62,48.83,6266193
2024-09-11,PFE,Healthcare,48.84,48.91,48.5,48.76,12337022
2024-09-12,PFE,Healthcare,48.34,48.95,47.85,48.48,7911954
2024-09-13,PFE,Healthcare,47.76,47.93,47.67,47.77,5018392
2024-09-16,PFE,Healthcare,48.62,49.3,48.2,48.43,8530498
2024-09-17,PFE,Healthcare,48.79,48.97,48.33,48.47,8424823
2024-09-18,PFE,Healthcare,47.87,47.99,47.37,47.64,6999572
2024-09-19,PFE,Healthcare,49.01,49.39,48.85,49.26,8762610
2024-09-20,PFE,Healthcare,49.71,50.13,49.37,49.63,6603923
2024-09-23,PFE,Healthcare,50.03,50.91,49.49,50.33,7297373
2024-09-24,PFE,Healthcare,51.41,51.99,51.18,51.24,8753564
2024-09-25,PFE,Healthcare,50.66,50.93,50.27,50.89,6393692
2024-09-26,PFE,Healthcare,51.58,51.73,51.06,51.38,8204737
2024-09-27,PFE,Healthcare,49.37,50.12,48.93,49.72,6844338
2024-09-30,PFE,Healthcare,50.5,50.9,50.32,50.56,5858273
2024-10-01,PFE,Healthcare,50.56,50.64,50.36,50.52,9327556
2024-10-02,PFE,Healthcare,50.68,51.59,49.95,51.0,8986760
2024-10-03,PFE,Healthcare,51.0,51.28,50.65,50.96,7051616
2024-10-04,PFE,Healthcare,51.81,52.76,51.71,52.56,8154433
2024-10-07,PFE,Healthcare,53.62,53.91,53.35,53.67,7766309
2024-10-08,PFE,Healthcare,50.89,52.0,50.85,51.32,9018773
2024-10-09,PFE,Healthcare,52.06,52.15,51.4,51.82,2784330
2024-10-10,PFE,Healthcare,51.36,51.75,50.86,51.6,8834720
2024-10-11,PFE,Healthcare,51.82,52.45,51.52,52.14,7438530
2024-10-14,PFE,Healthcare,52.98,53.41,52.62,52.68,9226150
2024-10-15,PFE,Healthcare,51.83,52.64,51.19,52.04,1622522
2024-10-16,PFE,Healthcare,51.47,52.59,51.47,51.96,5253766
2024-10-17,PFE,Healthcare,51.26,51.53,50.62,51.08,7053558
2024-10-18,PFE,Healthcare,52.63,52.92,52.3,52.4,12994471
2024-10-21,PFE,Healthcare,52.07,52.83,51.98,52.71,3232244
2024-10-22,PFE,Healthcare,52.98,53.5,52.73,53.12,4166093
2024-10-23,PFE,Healthcare,53.73,53.89,53.4,53.42,8371996
2024-10-24,PFE,Healthcare,52.76,52.86,52.25,52.48,6568851
2024-10-25,PFE,Healthcare,52.55,53.3,52.16,53.07,7989107
2024-10-28,PFE,Healthcare,54.96,55.08,54.67,54.71,13988691
2024-10-29,PFE,Healthcare,53.21,53.41,52.53,53.29,10764755
2024-10-30,PFE,Healthcare,53.19,53.44,53.08,53.38,7317737
2024-10-31,PFE,Healthcare,54.06,54.11,53.63,54.1,13283981
2024-11-01,PFE,Healthcare,53.61,54.07,53.12,53.43,10171594
2024-11-04,PFE,Healthcare,54.52,55.01,53.87,54.12,6179392
2024-11-05,PFE,Healthcare,54.11,54.44,53.7,54.19,10196434
2024-11-06,PFE,Healthcare,53.4,53.68,53.32,53.56,13772679
2024-11-07,PFE,Healthcare,51.11,51.32,50.74,51.3,6479688
2024-11-08,PFE,Healthcare,50.95,51.32,50.8,51.23,10755579
2024-11-11,PFE,Healthcare,51.0,51.37,50.96,51.19,8495324
2024-11-12,PFE,Healthcare,52.03,52.42,51.96,52.36,8979302
2024-11-13,PFE,Healthcare,52.79,53.04,52.29,52.69,8012977
2024-11-14,PFE,Healthcare,52.37,52.47,51.89,52.24,8944251
2024-11-15,PFE,Healthcare,50.36,51.15,50.32,50.86,3300035
2024-11-18,PFE,Healthcare,51.58,52.09,51.31,51.64,8561819
2024-11-19,PFE,Healthcare,51.53,52.06,51.37,51.77,7955110
2024-11-20,PFE,Healthcare,51.12,51.74,50.82,51.45,10935985
2024-11-21,PFE,Healthcare,50.56,51.01,50.47,51.0,11813142
2024-11-22,PFE,Healthcare,52.16,52.35,51.91,52.1,4934869
2024-11-25,PFE,Healthcare,53.27,53.64,52.99,53.36,7363880
2024-11-26,PFE,Healthcare,52.58,53.19,52.53,52.81,9084979
2024-11-27,PFE,Healthcare,51.15,51.2,50.56,50.77,6302096
2024-11-28,PFE,Healthcare,50.62,50.67,50.56,50.61,8604373
2024-11-29,PFE,Healthcare,50.86,51.03,50.42,50.83,1795316
2024-12-02,PFE,Healthcare,51.2,51.8,50.81,50.91,15819226
2024-12-03,PFE,Healthcare,49.56,49.64,49.46,49.58,10695531
2024-12-04,PFE,Healthcare,50.98,51.22,50.85,50.89,5276461
2024-12-05,PFE,Healthcare,49.27,49.44,49.23,49.3,6516207
2024-12-06,PFE,Healthcare,48.65,48.7,48.62,48.7,9502957
2024-12-09,PFE,Healthcare,47.83,48.13,47.81,47.88,8127805
2024-12-10,PFE,Healthcare,47.27,47.64,46.58,47.02,10543468
2024-12-11,PFE,Healthcare,45.49,45.9,45.12,45.3,11389545
2024-12-12,PFE,Healthcare,45.15,45.44,45.09,45.37,10401758
2024-12-13,PFE,Healthcare,46.24,46.84,45.61,46.48,12687764
2024-12-16,PFE,Healthcare,46.5,46.7,46.1,46.37,5490825
2024-12-17,PFE,Healthcare,45.62,45.7,45.52,45.6,6122291
2024-12-18,PFE,Healthcare,46.59,46.75,46.36,46.71,9494366
2024-12-19,PFE,Healthcare,47.25,47.72,46.75,47.4,7767870
2024-12-20,PFE,Healthcare,46.96,47.03,46.44,46.74,7378658
2024-12-23,PFE,Healthcare,47.04,47.61,46.82,47.02,8931634
2024-12-24,PFE,Healthcare,48.15,48.34,47.86,47.9,7590732
2024-12-25,PFE,Healthcare,47.55,48.25,47.08,47.19,11833640
2024-12-26,PFE,Healthcare,47.14,47.5,47.01,47.31,10748396
2024-12-27,PFE,Healthcare,46.76,47.51,46.46,47.02,10678090
2024-12-30,PFE,Healthcare,46.01,46.34,45.1,46.08,10008592
2024-12-31,PFE,Healthcare,46.27,46.87,46.11,46.24,10463769
2025-01-01,PFE,Healthcare,46.16,46.97,45.51,46.6,8105058
2025-01-02,PFE,Healthcare,46.88,47.24,46.53,46.65,11757614
2025-01-03,PFE,Healthcare,45.53,46.1,44.58,46.03,3371706
2025-01-06,PFE,Healthcare,47.56,47.91,47.55,47.69,8607918
2025-01-07,PFE,Healthcare,47.35,47.4,47.21,47.32,5760168
2025-01-08,PFE,Healthcare,47.61,47.8,47.6,47.79,5387255
2025-01-09,PFE,Healthcare,48.73,48.97,48.18,48.46,8038257
2025-01-10,PFE,Healthcare,46.91,46.96,46.31,46.43,6822646
2025-01-13,PFE,Healthcare,47.04,47.6,47.0,47.11,8455340
2025-01-14,PFE,Healthcare,47.14,47.96,47.13,47.14,6151548
2025-01-15,PFE,Healthcare,46.79,47.2,46.34,46.95,10037973
2025-01-16,PFE,Healthcare,46.7,47.47,46.39,46.87,8754143
2025-01-17,PFE,Healthcare,47.7,47.99,47.27,47.36,11620888
2025-01-20,PFE,Healthcare,45.46,46.0,45.45,45.54,4100520
2025-01-21,PFE,Healthcare,45.77,46.02,45.32,45.59,9112432
2025-01-22,PFE,Healthcare,45.98,46.25,45.56,45.94,10489854
2025-01-23,PFE,Healthcare,47.33,47.91,46.99,47.65,6638574
2025-01-24,PFE,Healthcare,46.87,47.37,46.23,46.58,13035877
2025-01-27,PFE,Healthcare,47.04,47.1,46.85,46.95,6838357
2025-01-28,PFE,Healthcare,47.21,47.4,46.17,46.59,6421179
2025-01-29,PFE,Healthcare,47.38,48.03,46.87,46.99,9540507
2025-01-30,PFE,Healthcare,47.48,48.06,47.38,47.71,13095771
2025-01-31,PFE,Healthcare,47.0,47.84,46.81,47.13,9366723
2025-02-03,PFE,Healthcare,48.78,48.81,48.04,48.72,6791882
2025-02-04,PFE,Healthcare,49.89,49.92,49.62,49.84,10967360
2025-02-05,PFE,Healthcare,50.47,50.86,49.94,50.53,4557157
2025-02-06,PFE,Healthcare,50.09,50.54,49.84,50.25,12667360
2025-02-07,PFE,Healthcare,49.75,49.87,49.61,49.8,14145207
2025-02-10,PFE,Healthcare,49.74,50.44,49.61,50.19,7545198
2025-02-11,PFE,Healthcare,49.96,50.21,49.68,49.88,15221000
2025-02-12,PFE,Healthcare,49.49,49.5,49.4,49.46,10348714
2025-02-13,PFE,Healthcare,51.08,51.09,51.07,51.09,8262089
2025-02-14,PFE,Healthcare,51.43,51.73,51.33,51.59,10532923
2025-02-17,PFE,Healthcare,52.36,52.5,51.78,52.33,8360098
2025-02-18,PFE,Healthcare,54.2,54.46,53.28,54.03,6949911
2025-02-19,PFE,Healthcare,53.54,54.22,53.0,54.13,5923313
2025-02-20,PFE,Healthcare,53.0,54.12,52.82,53.57,8622825
2025-02-21,PFE,Healthcare,52.83,53.02,52.35,52.62,11403123
2025-02-24,PFE,Healthcare,53.38,54.38,52.95,53.86,6298238
2025-02-25,PFE,Healthcare,53.36,54.0,53.21,53.54,7610515
2025-02-26,PFE,Healthcare,50.63,51.24,50.52,50.88,6219548
2025-02-27,PFE,Healthcare,48.45,49.32,47.81,48.6,11528745
2025-02-28,PFE,Healthcare,47.28,47.69,47.28,47.4,8620412
2025-03-03,PFE,Healthcare,46.81,47.94,46.65,47.12,3926205
2025-03-04,PFE,Healthcare,47.0,47.06,46.65,46.96,7048281
2025-03-05,PFE,Healthcare,47.83,48.08,47.26,47.4,15626008
2025-03-06,PFE,Healthcare,46.22,46.76,46.19,46.51,4024431
2025-03-07,PFE,Healthcare,47.13,47.19,46.45,46.7,10029488
2025-03-10,PFE,Healthcare,47.46,47.56,47.03,47.42,4312106
2025-03-11,PFE,Healthcare,47.86,48.3,46.78,47.33,6106991
2025-03-12,PFE,Healthcare,47.17,47.32,46.76,46.98,10892034
2025-03-13,PFE,Healthcare,45.93,46.52,45.5,46.31,9245059
2025-03-14,PFE,Healthcare,46.91,47.87,46.84,47.23,1966682
2025-03-17,PFE,Healthcare,46.21,46.61,45.89,46.15,1750196
2025-03-18,PFE,Healthcare,47.81,48.28,47.29,47.41,3233188
2025-03-19,PFE,Healthcare,47.21,47.98,47.12,47.41,6474579
2025-03-20,PFE,Healthcare,46.59,46.78,46.56,46.6,10928009
2025-03-21,PFE,Healthcare,47.21,47.36,47.13,47.29,7680830
2025-03-24,PFE,Healthcare,47.54,47.89,47.31,47.72,11044990
2025-03-25,PFE,Healthcare,47.8,48.16,47.55,48.08,11098206
2025-03-26,PFE,Healthcare,48.56,49.4,48.48,48.67,12257597
2025-03-27,PFE,Healthcare,48.58,48.83,48.37,48.83,5534824
2025-03-28,PFE,Healthcare,49.24,49.59,49.12,49.23,6085768
2025-03-31,PFE,Healthcare,50.86,51.26,50.34,50.39,6521176
2025-04-01,PFE,Healthcare,50.35,50.85,50.28,50.59,9902332
2025-04-02,PFE,Healthcare,50.73,51.49,50.48,51.32,2968824
2025-04-03,PFE,Healthcare,49.9,50.1,49.35,49.42,12462204
2025-04-04,PFE,Healthcare,49.78,50.05,49.66,49.72,6611945
2025-04-07,PFE,Healthcare,51.74,52.32,51.4,51.87,11385390
2025-04-08,PFE,Healthcare,50.41,50.58,49.97,50.32,7440326
2025-04-09,PFE,Healthcare,51.61,52.1,51.28,52.06,15853651
2025-04-10,PFE,Healthcare,52.42,53.04,52.17,52.72,5246054
2025-04-11,PFE,Healthcare,50.93,51.27,50.6,51.22,6828988
2025-04-14,PFE,Healthcare,51.16,51.54,50.88,51.28,1298802
2025-04-15,PFE,Healthcare,51.68,51.7,51.37,51.65,9764246
2025-04-16,PFE,Healthcare,52.85,52.86,52.0,52.48,15462657
2025-04-17,PFE,Healthcare,52.79,53.21,51.69,52.11,7321872
2025-04-18,PFE,Healthcare,52.79,53.36,52.53,52.75,5018964
2025-04-21,PFE,Healthcare,53.85,54.04,53.31,54.02,8712066
2025-04-22,PFE,Healthcare,54.53,55.48,54.18,54.86,9917914
2025-04-23,PFE,Healthcare,56.11,56.15,55.62,56.0,11358070
2025-04-24,PFE,Healthcare,55.66,55.68,55.55,55.6,8222527
2025-04-25,PFE,Healthcare,55.65,56.71,55.5,56.27,4979391
2025-04-28,PFE,Healthcare,58.92,59.16,58.45,58.5,11776837
2025-04-29,PFE,Healthcare,57.52,58.04,57.31,57.45,13802799
2025-04-30,PFE,Healthcare,57.66,58.41,56.77,57.89,5331828
2025-05-01,PFE,Healthcare,56.9,57.06,56.79,56.82,8796985
2025-05-02,PFE,Healthcare,57.7,58.5,57.61,58.06,6648462
2025-05-05,PFE,Healthcare,56.52,56.59,55.86,56.13,10014511
2025-05-06,PFE,Healthcare,55.45,56.36,55.0,55.62,5699886
2025-05-07,PFE,Healthcare,57.7,57.88,57.68,57.82,11589847
2025-05-08,PFE,Healthcare,57.36,57.41,56.97,57.36,10493389
2025-05-09,PFE,Healthcare,57.11,57.78,56.79,57.33,8521219
2025-05-12,PFE,Healthcare,58.2,58.61,58.15,58.57,954790
2025-05-13,PFE,Healthcare,58.04,59.61,57.9,58.46,11929901
2025-05-14,PFE,Healthcare,55.92,56.97,55.86,56.47,5442409
2025-05-15,PFE,Healthcare,55.16,55.67,54.98,55.47,4158814
2025-05-16,PFE,Healthcare,56.13,57.59,55.7,56.73,7300012
2025-05-19,PFE,Healthcare,58.2,58.4,57.98,58.18,6078297
2025-05-20,PFE,Healthcare,56.06,56.39,55.51,56.22,10920563
2025-05-21,PFE,Healthcare,55.69,55.8,55.1,55.34,2788171
2025-05-22,PFE,Healthcare,54.75,54.89,54.62,54.73,6313527
2025-05-23,PFE,Healthcare,54.75,54.98,53.92,54.4,5776755
2025-05-26,PFE,Healthcare,53.37,54.01,53.36,53.57,6943523
2025-05-27,PFE,Healthcare,53.55,53.69,53.19,53.69,8183477
2025-05-28,PFE,Healthcare,53.41,53.57,52.87,53.19,6002688
2025-05-29,PFE,Healthcare,52.71,53.31,52.52,52.83,13263411
2025-05-30,PFE,Healthcare,51.83,52.1,51.15,51.83,5846437
2025-06-02,PFE,Healthcare,52.29,52.99,52.06,52.55,8275896
2025-06-03,PFE,Healthcare,51.55,51.66,50.92,51.33,1394623
2025-06-04,PFE,Healthcare,51.54,52.07,51.39,51.69,10066846
2025-06-05,PFE,Healthcare,52.65,53.25,52.45,52.6,9759679
2025-06-06,PFE,Healthcare,54.18,54.53,54.04,54.4,8890997
2025-06-09,PFE,Healthcare,55.18,55.32,54.53,54.89,7221373
2025-06-10,PFE,Healthcare,55.13,55.63,54.95,55.12,3412750
2025-06-11,PFE,Healthcare,53.69,53.96,53.1,53.57,8727648
2025-06-12,PFE,Healthcare,55.2,55.42,54.75,54.93,10739993
2025-06-13,PFE,Healthcare,55.31,55.59,54.67,55.09,5682151
2025-06-16,PFE,Healthcare,55.63,55.88,55.04,55.4,15142533
2025-06-17,PFE,Healthcare,55.5,56.18,54.92,55.8,9003668
2025-06-18,PFE,Healthcare,55.72,56.22,55.62,55.94,11950711
2025-06-19,PFE,Healthcare,55.63,56.67,55.49,55.97,10435610
2025-06-20,PFE,Healthcare,56.21,56.74,55.6,55.65,12196421
2025-06-23,PFE,Healthcare,56.4,56.47,56.06,56.36,6851617
2025-06-24,PFE,Healthcare,55.19,55.66,54.38,54.95,7840327
2025-06-25,PFE,Healthcare,52.85,53.58,52.23,53.55,9527649
2025-06-26,PFE,Healthcare,52.86,52.88,52.65,52.81,9290265
2025-06-27,PFE,Healthcare,53.87,54.62,53.73,53.95,11013100
2025-06-30,PFE,Healthcare,54.68,54.93,53.62,54.39,9174368
2025-07-01,PFE,Healthcare,53.82,54.06,53.73,53.82,6451535
2025-07-02,PFE,Healthcare,53.3,53.63,53.09,53.12,10368646
2025-07-03,PFE,Healthcare,53.11,53.43,52.82,53.07,8411605
2025-07-04,PFE,Healthcare,52.67,53.81,52.17,53.45,13175066
2025-07-07,PFE,Healthcare,54.86,55.15,54.43,54.72,7881125
2025-07-08,PFE,Healthcare,57.01,57.17,56.62,56.65,8103677
2025-07-09,PFE,Healthcare,56.89,57.33,56.3,56.55,8871712
2025-07-10,PFE,Healthcare,58.59,58.97,58.15,58.7,5955830
2025-07-11,PFE,Healthcare,58.37,59.3,58.08,58.8,9896631
2025-07-14,PFE,Healthcare,59.1,60.3,58.92,59.13,3019538
2025-07-15,PFE,Healthcare,60.5,60.66,60.06,60.14,6629710
2025-07-16,PFE,Healthcare,61.38,61.46,61.05,61.32,7128517
2025-07-17,PFE,Healthcare,63.02,64.03,62.37,62.99,13738520
2025-07-18,PFE,Healthcare,61.75,61.97,60.93,61.64,8499683
2025-07-21,PFE,Healthcare,62.11,63.22,61.0,61.8,5978991
2025-07-22,PFE,Healthcare,62.99,63.78,62.63,63.15,8024670
2025-07-23,PFE,Healthcare,61.91,62.9,61.36,62.03,8533738
2025-07-24,PFE,Healthcare,59.45,60.22,58.91,60.08,12016732
2025-07-25,PFE,Healthcare,58.51,59.15,57.67,58.59,5700710
2025-07-28,PFE,Healthcare,58.57,58.74,58.3,58.5,11480108
2025-07-29,PFE,Healthcare,60.19,61.74,60.07,60.54,12585647
2025-07-30,PFE,Healthcare,59.4,59.93,58.79,59.01,10867167
2025-07-31,PFE,Healthcare,57.68,57.91,57.4,57.87,5364612
2025-08-01,PFE,Healthcare,57.14,57.77,57.13,57.4,12530372
2025-08-04,PFE,Healthcare,56.61,57.23,56.14,56.46,10974962
2025-08-05,PFE,Healthcare,55.32,56.49,55.28,55.36,2681828
2025-08-06,PFE,Healthcare,53.54,53.89,53.09,53.46,10873226
2025-08-07,PFE,Healthcare,52.96,53.33,52.9,53.01,6724631
2025-08-08,PFE,Healthcare,55.02,55.23,53.7,54.8,7319795
2025-08-11,PFE,Healthcare,55.25,55.4,55.21,55.34,11787468
2025-08-12,PFE,Healthcare,56.39,57.23,56.17,56.47,7196520
2025-08-13,PFE,Healthcare,55.71,56.31,55.69,55.92,8698081
2025-08-14,PFE,Healthcare,54.97,55.16,54.73,55.14,12802979
2025-08-15,PFE,Healthcare,55.86,55.93,55.58,55.66,8950308
2025-08-18,PFE,Healthcare,55.76,56.12,55.04,55.76,6249800
2025-08-19,PFE,Healthcare,55.7,56.01,55.39,55.73,7975174
2025-08-20,PFE,Healthcare,57.9,58.12,57.29,57.35,7793976
2025-08-21,PFE,Healthcare,56.72,57.13,56.36,56.59,2507718
2025-08-22,PFE,Healthcare,55.85,56.23,55.59,55.71,10762497
2025-08-25,PFE,Healthcare,56.22,56.98,56.08,56.54,15258742
2025-08-26,PFE,Healthcare,57.28,57.94,56.79,57.26,6816062
2025-08-27,PFE,Healthcare,55.89,56.31,55.67,56.27,13464567
2025-08-28,PFE,Healthcare,56.3,56.48,55.76,56.37,9942786
2025-08-29,PFE,Healthcare,54.35,54.84,54.13,54.67,6395543
2025-09-01,PFE,Healthcare,55.24,55.35,54.43,54.98,13360078
2025-09-02,PFE,Healthcare,54.31,54.75,54.15,54.56,9851647
2025-09-03,PFE,Healthcare,54.46,54.82,53.74,54.36,11572521
2025-09-04,PFE,Healthcare,53.46,53.95,52.98,53.33,10665773
2025-09-05,PFE,Healthcare,53.88,54.57,53.4,54.44,6036366
2025-09-08,PFE,Healthcare,54.31,54.8,53.9,54.71,9726717
2025-09-09,PFE,Healthcare,55.79,55.85,55.4,55.66,10088053
2025-09-10,PFE,Healthcare,54.81,55.93,54.51,55.58,7571074
2025-09-11,PFE,Healthcare,56.16,56.83,56.04,56.73,7333849
2025-09-12,PFE,Healthcare,55.01,55.41,54.06,54.96,9116396
2025-09-15,PFE,Healthcare,55.08,55.39,54.8,54.99,8257737
2025-09-16,PFE,Healthcare,56.47,56.78,55.39,56.13,4148189
2025-09-17,PFE,Healthcare,53.9,54.67,53.37,54.27,8771120
2025-09-18,PFE,Healthcare,53.17,54.68,53.05,54.41,5941133
2025-09-19,PFE,Healthcare,55.02,55.73,54.44,54.97,11125336
2025-09-22,PFE,Healthcare,54.62,54.82,54.34,54.63,8747652
2025-09-23,PFE,Healthcare,55.6,56.19,55.31,55.58,10952261
2025-09-24,PFE,Healthcare,56.24,56.66,56.08,56.56,10099592
2025-09-25,PFE,Healthcare,56.15,56.39,55.75,55.99,4216687
2025-09-26,PFE,Healthcare,55.4,55.92,54.95,55.65,5512639
2025-09-29,PFE,Healthcare,54.28,55.26,53.86,54.57,11706496
2025-09-30,PFE,Healthcare,54.69,55.55,54.5,54.89,10219947
2025-10-01,PFE,Healthcare,54.59,55.47,54.06,55.11,7470410
2025-10-02,PFE,Healthcare,55.02,55.35,55.0,55.14,11033288
2025-10-03,PFE,Healthcare,55.24,55.48,55.07,55.25,9299571
2025-10-06,PFE,Healthcare,54.29,54.49,54.01,54.48,6043324
2025-10-07,PFE,Healthcare,53.4,53.56,52.9,53.18,10598014
2025-10-08,PFE,Healthcare,53.36,53.97,53.25,53.6,11490489
2025-10-09,PFE,Healthcare,53.41,53.56,53.29,53.45,11138410
2025-10-10,PFE,Healthcare,52.1,53.1,51.86,52.53,9752041
2025-10-13,PFE,Healthcare,51.71,52.04,51.21,51.91,18576743
2025-10-14,PFE,Healthcare,53.1,53.32,52.72,52.75,6792929
2025-10-15,PFE,Healthcare,53.18,53.58,52.87,53.54,6238446
2025-10-16,PFE,Healthcare,53.78,54.26,53.64,54.17,10294371
2025-10-17,PFE,Healthcare,54.28,54.37,53.18,54.16,11170290
2025-10-20,PFE,Healthcare,53.21,53.72,53.19,53.55,4599436
2025-10-21,PFE,Healthcare,54.39,54.95,54.13,54.78,5495504
2025-10-22,PFE,Healthcare,54.78,54.88,54.06,54.51,11977263
2025-10-23,PFE,Healthcare,54.74,55.39,54.32,54.78,15924426
2025-10-24,PFE,Healthcare,53.77,54.03,53.57,54.01,7527137
2025-10-27,PFE,Healthcare,54.62,54.8,53.51,53.82,7956208
2025-10-28,PFE,Healthcare,51.65,51.84,51.32,51.41,10578500
2025-10-29,PFE,Healthcare,50.69,51.83,50.46,50.88,7984831
2025-10-30,PFE,Healthcare,49.41,49.62,49.0,49.59,14079327
2025-10-31,PFE,Healthcare,49.9,49.93,49.44,49.79,6481001
2025-11-03,PFE,Healthcare,49.02,49.35,48.98,49.31,10280759
2025-11-04,PFE,Healthcare,48.71,49.23,47.69,49.08,5082505
2025-11-05,PFE,Healthcare,51.07,51.4,50.48,50.88,7685507
2025-11-06,PFE,Healthcare,50.03,50.39,49.5,50.02,9135146
2025-11-07,PFE,Healthcare,50.08,50.64,50.04,50.15,14967365
2025-11-10,PFE,Healthcare,50.69,50.75,50.25,50.36,6581142
2025-11-11,PFE,Healthcare,49.48,49.62,49.43,49.57,11737915
2025-11-12,PFE,Healthcare,50.77,50.95,50.18,50.52,5752974
2025-11-13,PFE,Healthcare,51.72,52.04,51.01,51.96,8651543
2025-11-14,PFE,Healthcare,53.42,53.66,52.91,53.04,6551587
2025-11-17,PFE,Healthcare,52.42,52.53,52.12,52.2,6883051
2025-11-18,PFE,Healthcare,51.62,51.73,51.33,51.6,12437169
2025-11-19,PFE,Healthcare,49.5,50.26,49.05,49.85,9173798
2025-11-20,PFE,Healthcare,49.43,50.05,49.32,49.72,15356788
2025-11-21,PFE,Healthcare,49.59,50.02,49.1,49.65,12907119
2025-11-24,PFE,Healthcare,50.57,51.12,49.95,50.33,8370004
2025-11-25,PFE,Healthcare,51.55,52.07,50.93,51.86,5875929
2025-11-26,PFE,Healthcare,50.88,50.9,50.7,50.77,6263753
2025-11-27,PFE,Healthcare,50.46,50.98,50.33,50.92,5661483
2025-11-28,PFE,Healthcare,50.61,51.28,50.21,50.74,4165795
2025-12-01,PFE,Healthcare,50.62,51.14,50.54,50.64,7854423
2025-12-02,PFE,Healthcare,52.3,52.65,51.68,52.01,7875540
2025-12-03,PFE,Healthcare,52.29,52.82,52.1,52.12,7446357
2025-12-04,PFE,Healthcare,52.96,53.69,51.87,52.63,7534054
2025-12-05,PFE,Healthcare,53.0,53.45,52.96,53.07,5410952
2025-12-08,PFE,Healthcare,53.15,53.55,53.01,53.3,3175581
2025-12-09,PFE,Healthcare,53.05,53.44,52.28,52.63,4910823
2025-12-10,PFE,Healthcare,54.14,54.66,53.82,54.32,1192247
2025-12-11,PFE,Healthcare,54.35,54.44,53.49,54.32,10146488
2025-12-12,PFE,Healthcare,54.69,55.28,54.66,54.83,10032328
2025-12-15,PFE,Healthcare,54.95,55.12,54.24,55.09,7504925
2025-12-16,PFE,Healthcare,52.63,53.46,52.52,53.14,3484299
2025-12-17,PFE,Healthcare,52.34,52.69,52.07,52.22,14458569
2025-12-18,PFE,Healthcare,52.3,52.74,51.87,52.35,4059597
2025-12-19,PFE,Healthcare,52.15,52.26,51.39,51.62,12166635
2025-12-22,PFE,Healthcare,51.86,52.29,51.62,52.0,4741235
2025-12-23,PFE,Healthcare,51.61,52.07,50.77,51.21,9278397
2025-12-24,PFE,Healthcare,51.19,51.75,50.7,51.25,19602854
2025-12-25,PFE,Healthcare,49.74,50.04,49.27,49.79,8075786
2025-12-26,PFE,Healthcare,50.49,50.69,50.19,50.52,9495599
2025-12-29,PFE,Healthcare,50.89,51.11,50.74,50.93,10419285
2025-12-30,PFE,Healthcare,51.17,51.47,50.86,51.38,9420843
2025-12-31,PFE,Healthcare,51.05,51.34,50.9,51.33,11672736
2024-01-26,PG,Consumer Staples,149.72,150.24,149.36,150.0,51207653
2024-01-29,PG,Consumer Staples,152.42,152.96,152.2,152.35,72362034
2024-01-30,PG,Consumer Staples,150.59,151.36,150.18,150.57,58733415
2024-01-31,PG,Consumer Staples,150.13,151.21,149.77,150.26,53910587
2024-02-01,PG,Consumer Staples,150.11,150.49,148.89,150.28,64731312
2024-02-02,PG,Consumer Staples,150.77,151.0,150.05,150.9,55670535
2024-02-05,PG,Consumer Staples,150.91,151.27,149.55,150.22,80720598
2024-02-06,PG,Consumer Staples,148.39,149.7,147.45,148.68,66521220
2024-02-07,PG,Consumer Staples,148.28,150.02,147.78,149.11,45168833
2024-02-08,PG,Consumer Staples,152.94,154.14,152.38,152.43,34227889
2024-02-09,PG,Consumer Staples,154.34,155.34,153.34,154.47,70284191
2024-02-12,PG,Consumer Staples,155.54,156.9,155.45,156.22,42779302
2024-02-13,PG,Consumer Staples,156.06,157.0,155.23,155.79,40919988
2024-02-14,PG,Consumer Staples,154.33,154.96,154.3,154.82,60036945
2024-02-15,PG,Consumer Staples,156.35,156.57,155.93,155.97,60440161
2024-02-16,PG,Consumer Staples,157.86,157.89,157.44,157.82,34496336
2024-02-19,PG,Consumer Staples,157.6,157.88,157.24,157.54,61088082
2024-02-20,PG,Consumer Staples,156.81,157.36,156.01,156.8,96485251
2024-02-21,PG,Consumer Staples,155.21,156.95,155.1,156.13,48657716
2024-02-22,PG,Consumer Staples,155.9,156.86,155.8,156.52,63651948
2024-02-23,PG,Consumer Staples,157.12,157.17,156.33,156.51,66888617
2024-02-26,PG,Consumer Staples,156.48,156.73,156.42,156.62,72651815
2024-02-27,PG,Consumer Staples,158.07,158.75,157.87,158.46,37136361
2024-02-28,PG,Consumer Staples,159.83,160.15,159.49,159.78,88238481
2024-02-29,PG,Consumer Staples,159.39,160.06,159.27,159.62,51582123
2024-03-01,PG,Consumer Staples,159.71,160.46,159.61,159.71,86888814
2024-03-04,PG,Consumer Staples,161.2,162.08,161.12,161.26,28505934
2024-03-05,PG,Consumer Staples,161.97,162.32,160.92,162.11,93150859
2024-03-06,PG,Consumer Staples,164.65,165.36,164.37,164.61,29821112
2024-03-07,PG,Consumer Staples,165.94,166.16,165.14,165.7,40956672
2024-03-08,PG,Consumer Staples,166.6,167.61,165.85,166.18,53028336
2024-03-11,PG,Consumer Staples,165.79,166.38,165.02,165.54,35808102
2024-03-12,PG,Consumer Staples,163.94,163.97,163.1,163.29,78581341
2024-03-13,PG,Consumer Staples,164.51,165.48,164.14,164.94,90244768
2024-03-14,PG,Consumer Staples,167.28,167.32,166.17,166.63,60515987
2024-03-15,PG,Consumer Staples,168.83,169.52,168.63,168.76,22156310
2024-03-18,PG,Consumer Staples,166.94,167.8,166.48,167.01,61927834
2024-03-19,PG,Consumer Staples,167.58,168.0,167.03,167.67,76660521
2024-03-20,PG,Consumer Staples,166.06,167.69,165.52,166.76,63921713
2024-03-21,PG,Consumer Staples,166.72,166.84,165.49,166.7,60755566
2024-03-22,PG,Consumer Staples,164.58,165.8,164.41,164.45,95589904
2024-03-25,PG,Consumer Staples,162.6,164.22,162.21,163.53,71766236
2024-03-26,PG,Consumer Staples,164.25,164.6,162.9,163.47,106245076
2024-03-27,PG,Consumer Staples,164.84,165.08,163.63,164.14,66665316
2024-03-28,PG,Consumer Staples,165.05,165.6,164.77,165.34,62180299
2024-03-29,PG,Consumer Staples,167.18,168.87,167.01,167.8,66221823
2024-04-01,PG,Consumer Staples,167.21,168.04,167.18,167.72,73148113
2024-04-02,PG,Consumer Staples,167.53,168.34,166.74,167.1,53428998
2024-04-03,PG,Consumer Staples,167.81,169.21,167.12,167.72,61078767
2024-04-04,PG,Consumer Staples,168.21,168.64,167.49,168.27,95210240
2024-04-05,PG,Consumer Staples,166.89,167.66,166.6,166.68,86083398
2024-04-08,PG,Consumer Staples,164.75,165.43,164.54,164.95,73312843
2024-04-09,PG,Consumer Staples,168.24,168.81,167.96,168.44,36127756
2024-04-10,PG,Consumer Staples,168.7,169.02,168.26,168.95,50667561
2024-04-11,PG,Consumer Staples,170.51,171.23,169.95,170.26,126802313
2024-04-12,PG,Consumer Staples,171.88,172.04,171.11,171.22,48005436
2024-04-15,PG,Consumer Staples,172.82,172.95,171.16,172.05,23879872
2024-04-16,PG,Consumer Staples,174.16,174.24,173.53,174.11,28002670
2024-04-17,PG,Consumer Staples,176.77,178.19,176.54,177.71,74014019
2024-04-18,PG,Consumer Staples,178.64,179.39,178.25,178.7,70290472
2024-04-19,PG,Consumer Staples,179.47,180.36,178.65,179.0,109669312
2024-04-22,PG,Consumer Staples,179.8,180.93,179.5,180.73,20442584
2024-04-23,PG,Consumer Staples,180.1,181.77,179.99,180.47,47606420
2024-04-24,PG,Consumer Staples,178.72,179.09,177.51,178.62,38918590
2024-04-25,PG,Consumer Staples,179.51,180.73,179.32,179.76,55946215
2024-04-26,PG,Consumer Staples,178.98,179.63,178.09,178.4,61395583
2024-04-29,PG,Consumer Staples,176.33,177.7,175.85,177.24,94687313
2024-04-30,PG,Consumer Staples,175.58,175.67,172.61,175.32,19789134
2024-05-01,PG,Consumer Staples,171.79,172.27,170.99,171.45,60164094
2024-05-02,PG,Consumer Staples,169.49,169.61,169.26,169.51,76591688
2024-05-03,PG,Consumer Staples,170.28,170.86,169.04,169.77,42983574
2024-05-06,PG,Consumer Staples,171.72,171.94,171.21,171.7,79846245
2024-05-07,PG,Consumer Staples,171.14,171.28,169.95,170.97,59691132
2024-05-08,PG,Consumer Staples,170.27,170.47,169.89,170.0,56112600
2024-05-09,PG,Consumer Staples,170.6,170.66,169.78,170.0,44215263
2024-05-10,PG,Consumer Staples,170.18,170.49,169.78,169.98,63293354
2024-05-13,PG,Consumer Staples,169.79,170.85,169.17,169.99,41403626
2024-05-14,PG,Consumer Staples,171.24,171.99,169.93,171.71,48929952
2024-05-15,PG,Consumer Staples,171.15,171.69,170.62,171.33,68478697
2024-05-16,PG,Consumer Staples,170.66,171.42,170.07,170.67,63242672
2024-05-17,PG,Consumer Staples,170.89,170.9,170.38,170.79,34089515
2024-05-20,PG,Consumer Staples,172.03,172.18,171.29,171.88,46971429
2024-05-21,PG,Consumer Staples,176.74,177.46,174.85,176.41,71177484
2024-05-22,PG,Consumer Staples,179.25,179.44,178.74,179.28,51007995
2024-05-23,PG,Consumer Staples,179.6,180.72,179.29,179.78,62424885
2024-05-24,PG,Consumer Staples,178.68,179.22,178.31,179.05,94684312
2024-05-27,PG,Consumer Staples,178.56,179.95,178.39,179.01,46716696
2024-05-28,PG,Consumer Staples,178.02,178.36,176.57,178.03,50170947
2024-05-29,PG,Consumer Staples,177.41,178.63,177.19,178.48,39364818
2024-05-30,PG,Consumer Staples,179.21,179.3,178.93,179.1,76090189
2024-05-31,PG,Consumer Staples,180.14,180.54,178.97,180.18,39516050
2024-06-03,PG,Consumer Staples,176.93,177.73,176.92,177.09,52417950
2024-06-04,PG,Consumer Staples,175.58,176.35,175.53,175.8,36985652
2024-06-05,PG,Consumer Staples,177.9,178.68,177.77,178.19,84528664
2024-06-06,PG,Consumer Staples,176.93,177.18,175.61,176.52,91241498
2024-06-07,PG,Consumer Staples,174.56,175.42,174.21,175.4,54154527
2024-06-10,PG,Consumer Staples,174.6,175.58,174.04,174.99,35226464
2024-06-11,PG,Consumer Staples,177.37,178.23,176.52,177.33,60213222
2024-06-12,PG,Consumer Staples,178.84,178.97,178.32,178.48,61012756
2024-06-13,PG,Consumer Staples,178.86,179.44,176.5,178.14,43176476
2024-06-14,PG,Consumer Staples,176.92,178.12,176.81,177.5,76843677
2024-06-17,PG,Consumer Staples,176.52,176.53,176.4,176.51,90453351
2024-06-18,PG,Consumer Staples,174.7,175.4,173.95,174.61,56181343
2024-06-19,PG,Consumer Staples,173.4,173.67,172.6,173.43,39960630
2024-06-20,PG,Consumer Staples,175.94,176.46,175.21,176.28,47255165
2024-06-21,PG,Consumer Staples,179.29,179.71,178.47,178.74,76330171
2024-06-24,PG,Consumer Staples,179.29,179.49,177.38,178.29,77347079
2024-06-25,PG,Consumer Staples,177.45,177.72,177.12,177.6,44050213
2024-06-26,PG,Consumer Staples,178.25,180.06,176.87,179.52,43914993
2024-06-27,PG,Consumer Staples,177.82,179.21,177.06,178.64,70934445
2024-06-28,PG,Consumer Staples,180.19,180.64,178.6,179.81,83000051
2024-07-01,PG,Consumer Staples,178.33,178.84,176.95,178.12,76152968
2024-07-02,PG,Consumer Staples,177.92,178.91,176.96,178.49,58273681
2024-07-03,PG,Consumer Staples,177.59,177.84,176.63,177.84,30506522
2024-07-04,PG,Consumer Staples,178.45,178.81,178.18,178.67,89836620
2024-07-05,PG,Consumer Staples,181.05,181.31,180.6,180.84,30559646
2024-07-08,PG,Consumer Staples,179.96,181.13,179.81,179.96,82802926
2024-07-09,PG,Consumer Staples,178.93,179.29,178.19,178.33,38987320
2024-07-10,PG,Consumer Staples,177.86,178.19,177.64,177.96,30095931
2024-07-11,PG,Consumer Staples,179.94,180.46,179.48,180.2,40491447
2024-07-12,PG,Consumer Staples,180.13,180.69,178.58,180.51,44025410
2024-07-15,PG,Consumer Staples,180.96,181.17,180.22,180.49,21469625
2024-07-16,PG,Consumer Staples,182.26,182.54,181.96,182.47,82754189
2024-07-17,PG,Consumer Staples,183.89,184.28,183.05,183.42,89035011
2024-07-18,PG,Consumer Staples,187.17,188.08,187.03,187.35,87728291
2024-07-19,PG,Consumer Staples,185.17,185.91,184.59,185.62,79532839
2024-07-22,PG,Consumer Staples,185.85,186.47,184.66,185.71,28051368
2024-07-23,PG,Consumer Staples,183.12,183.79,183.08,183.5,70137551
2024-07-24,PG,Consumer Staples,181.56,182.26,180.94,181.8,70975936
2024-07-25,PG,Consumer Staples,184.21,185.63,183.25,184.05,63423604
2024-07-26,PG,Consumer Staples,182.58,183.2,182.17,182.66,41006485
2024-07-29,PG,Consumer Staples,184.34,185.88,183.28,185.34,58325784
2024-07-30,PG,Consumer Staples,183.02,184.07,181.93,183.59,84503737
2024-07-31,PG,Consumer Staples,183.96,184.66,183.48,183.54,41768463
2024-08-01,PG,Consumer Staples,181.96,183.14,180.9,181.67,45244010
2024-08-02,PG,Consumer Staples,182.9,183.9,182.5,182.85,80653158
2024-08-05,PG,Consumer Staples,183.61,183.66,183.24,183.28,34332970
2024-08-06,PG,Consumer Staples,185.08,186.06,184.84,185.46,61662968
2024-08-07,PG,Consumer Staples,186.92,187.12,186.47,186.97,50919649
2024-08-08,PG,Consumer Staples,187.66,188.43,187.01,187.29,48230511
2024-08-09,PG,Consumer Staples,188.06,188.39,187.17,187.58,91603468
2024-08-12,PG,Consumer Staples,185.91,186.96,185.45,185.55,50589236
2024-08-13,PG,Consumer Staples,186.87,187.54,185.03,186.29,86738652
2024-08-14,PG,Consumer Staples,186.28,187.09,185.79,186.24,32682726
2024-08-15,PG,Consumer Staples,187.03,187.64,186.93,187.45,86868398
2024-08-16,PG,Consumer Staples,188.97,189.83,188.44,188.81,75083745
2024-08-19,PG,Consumer Staples,186.9,188.78,186.65,187.83,78913871
2024-08-20,PG,Consumer Staples,186.6,187.02,186.6,186.71,56649328
2024-08-21,PG,Consumer Staples,186.61,187.51,185.77,186.94,54713842
2024-08-22,PG,Consumer Staples,187.19,187.7,185.56,186.61,15439571
2024-08-23,PG,Consumer Staples,184.59,185.08,184.03,184.26,33079050
2024-08-26,PG,Consumer Staples,182.63,183.47,181.79,182.7,81655504
2024-08-27,PG,Consumer Staples,183.72,185.32,183.65,184.57,79350526
2024-08-28,PG,Consumer Staples,186.15,186.82,184.38,185.42,63383798
2024-08-29,PG,Consumer Staples,185.16,186.27,184.26,185.48,78999540
2024-08-30,PG,Consumer Staples,187.98,188.92,187.44,187.67,59158667
2024-09-02,PG,Consumer Staples,188.03,188.36,187.07,187.67,56835269
2024-09-03,PG,Consumer Staples,189.43,190.01,188.82,188.97,43939021
2024-09-04,PG,Consumer Staples,189.64,190.47,188.36,189.01,63091038
2024-09-05,PG,Consumer Staples,187.94,190.27,187.93,189.22,91693392
2024-09-06,PG,Consumer Staples,195.62,195.73,193.73,194.67,37477807
2024-09-09,PG,Consumer Staples,193.79,194.12,193.08,193.56,77993277
2024-09-10,PG,Consumer Staples,194.55,195.01,193.89,194.63,63503918
2024-09-11,PG,Consumer Staples,197.01,197.11,194.5,195.67,83474446
2024-09-12,PG,Consumer Staples,196.81,198.87,196.05,197.8,61967413
2024-09-13,PG,Consumer Staples,197.98,198.33,196.81,197.78,50971978
2024-09-16,PG,Consumer Staples,202.32,203.11,200.18,201.46,71964238
2024-09-17,PG,Consumer Staples,201.6,201.73,199.28,200.92,28492699
2024-09-18,PG,Consumer Staples,200.45,200.46,199.29,200.22,61107721
2024-09-19,PG,Consumer Staples,201.45,202.07,200.71,201.85,87767387
2024-09-20,PG,Consumer Staples,204.14,204.25,203.56,204.2,43974328
2024-09-23,PG,Consumer Staples,202.42,202.59,201.96,202.02,59642672
2024-09-24,PG,Consumer Staples,200.8,202.18,200.39,200.73,50879851
2024-09-25,PG,Consumer Staples,201.94,202.26,200.6,201.15,38100568
2024-09-26,PG,Consumer Staples,202.48,203.07,201.85,202.34,72694324
2024-09-27,PG,Consumer Staples,204.8,205.39,204.05,204.91,83318486
2024-09-30,PG,Consumer Staples,205.31,205.64,204.26,205.24,51338814
2024-10-01,PG,Consumer Staples,207.68,207.97,206.72,207.48,51356317
2024-10-02,PG,Consumer Staples,203.61,204.55,203.05,204.23,30450741
2024-10-03,PG,Consumer Staples,202.54,203.04,201.9,202.14,74252406
2024-10-04,PG,Consumer Staples,201.8,202.51,201.5,202.24,81147204
2024-10-07,PG,Consumer Staples,204.04,204.69,203.32,204.25,72364674
2024-10-08,PG,Consumer Staples,203.86,204.72,202.35,203.77,67218195
2024-10-09,PG,Consumer Staples,203.03,203.72,202.43,203.35,85492654
2024-10-10,PG,Consumer Staples,203.78,204.31,203.16,204.17,63386150
2024-10-11,PG,Consumer Staples,203.98,204.53,203.77,203.86,60551772
2024-10-14,PG,Consumer Staples,206.23,206.76,205.2,206.55,88653043
2024-10-15,PG,Consumer Staples,206.8,208.07,206.71,206.85,19917292
2024-10-16,PG,Consumer Staples,211.29,211.55,211.24,211.54,73702565
2024-10-17,PG,Consumer Staples,212.05,212.31,211.25,211.95,51111880
2024-10-18,PG,Consumer Staples,211.69,212.35,210.83,211.35,80588167
2024-10-21,PG,Consumer Staples,211.96,212.64,211.45,211.64,67298494
2024-10-22,PG,Consumer Staples,213.22,214.88,212.86,213.84,50112747
2024-10-23,PG,Consumer Staples,214.51,215.84,213.28,213.64,79435774
2024-10-24,PG,Consumer Staples,207.78,209.35,207.67,208.36,32755120
2024-10-25,PG,Consumer Staples,207.76,208.34,207.44,207.58,55976744
2024-10-28,PG,Consumer Staples,203.72,203.96,203.07,203.37,31048625
2024-10-29,PG,Consumer Staples,204.52,205.8,203.51,204.43,70617985
2024-10-30,PG,Consumer Staples,202.94,203.65,202.22,202.48,45684587
2024-10-31,PG,Consumer Staples,202.76,203.49,202.62,202.68,30837050
2024-11-01,PG,Consumer Staples,200.02,201.29,198.76,200.11,62932164
2024-11-04,PG,Consumer Staples,200.07,200.56,199.13,200.07,43303981
2024-11-05,PG,Consumer Staples,200.77,200.89,199.97,200.48,73102106
2024-11-06,PG,Consumer Staples,199.87,200.23,199.42,199.7,45375923
2024-11-07,PG,Consumer Staples,199.69,201.07,199.33,199.74,54470122
2024-11-08,PG,Consumer Staples,197.15,197.52,196.29,196.82,43440480
2024-11-11,PG,Consumer Staples,197.71,197.91,196.93,197.01,75963528
2024-11-12,PG,Consumer Staples,195.95,196.1,195.72,195.99,48969933
2024-11-13,PG,Consumer Staples,196.33,197.62,196.0,196.25,70854002
2024-11-14,PG,Consumer Staples,196.38,197.37,195.56,196.15,68101231
2024-11-15,PG,Consumer Staples,195.85,196.18,195.48,195.84,66333357
2024-11-18,PG,Consumer Staples,194.96,195.77,194.93,195.16,83695841
2024-11-19,PG,Consumer Staples,195.81,195.83,195.45,195.75,69624987
2024-11-20,PG,Consumer Staples,198.93,198.96,198.43,198.8,80543542
2024-11-21,PG,Consumer Staples,198.44,199.79,198.33,198.67,60685751
2024-11-22,PG,Consumer Staples,200.16,200.63,199.33,199.75,61990611
2024-11-25,PG,Consumer Staples,202.9,203.4,202.17,202.67,21368968
2024-11-26,PG,Consumer Staples,203.27,203.89,202.78,203.52,57178854
2024-11-27,PG,Consumer Staples,205.05,205.42,204.6,205.02,73152843
2024-11-28,PG,Consumer Staples,203.93,204.13,203.51,203.55,78963681
2024-11-29,PG,Consumer Staples,204.71,205.8,204.2,204.32,21976218
2024-12-02,PG,Consumer Staples,204.08,205.46,203.98,205.09,50740462
2024-12-03,PG,Consumer Staples,207.48,209.06,206.95,208.48,69792990
2024-12-04,PG,Consumer Staples,205.88,206.63,205.56,206.26,52305251
2024-12-05,PG,Consumer Staples,210.5,210.71,209.33,210.41,69551329
2024-12-06,PG,Consumer Staples,212.16,213.55,211.61,212.7,76573326
2024-12-09,PG,Consumer Staples,213.74,215.17,213.48,214.67,61137114
2024-12-10,PG,Consumer Staples,212.71,212.93,212.05,212.57,50690760
2024-12-11,PG,Consumer Staples,210.03,211.02,209.43,210.96,69848517
2024-12-12,PG,Consumer Staples,213.3,213.5,212.14,212.26,54721096
2024-12-13,PG,Consumer Staples,207.97,208.76,207.19,208.41,11747101
2024-12-16,PG,Consumer Staples,205.38,205.72,204.91,205.7,47581326
2024-12-17,PG,Consumer Staples,206.97,208.06,205.98,207.29,56181726
2024-12-18,PG,Consumer Staples,210.17,210.7,208.47,209.62,95183883
2024-12-19,PG,Consumer Staples,214.24,214.88,213.71,213.78,72947388
2024-12-20,PG,Consumer Staples,211.83,213.6,211.1,213.26,30474707
2024-12-23,PG,Consumer Staples,211.52,211.96,210.93,211.72,59740667
2024-12-24,PG,Consumer Staples,210.59,210.82,210.07,210.37,42296626
2024-12-25,PG,Consumer Staples,211.57,211.83,211.12,211.34,61974704
2024-12-26,PG,Consumer Staples,211.27,211.94,210.84,211.08,61625014
2024-12-27,PG,Consumer Staples,208.33,209.67,207.49,208.62,55357591
2024-12-30,PG,Consumer Staples,209.44,211.11,209.17,209.73,55347749
2024-12-31,PG,Consumer Staples,207.93,208.06,207.34,207.91,77970168
2025-01-01,PG,Consumer Staples,208.79,210.75,208.61,209.42,71841079
2025-01-02,PG,Consumer Staples,210.97,211.05,210.44,210.87,87080889
2025-01-03,PG,Consumer Staples,210.86,211.05,210.36,210.42,47834975
2025-01-06,PG,Consumer Staples,211.49,211.94,210.82,211.08,87251734
2025-01-07,PG,Consumer Staples,211.25,212.64,210.04,210.64,57497343
2025-01-08,PG,Consumer Staples,210.51,212.6,210.51,210.63,85972521
2025-01-09,PG,Consumer Staples,208.9,208.96,208.27,208.32,70489705
2025-01-10,PG,Consumer Staples,202.75,202.88,201.7,202.07,79030017
2025-01-13,PG,Consumer Staples,201.33,202.14,200.56,201.95,68559838
2025-01-14,PG,Consumer Staples,199.95,200.98,199.1,200.26,55923274
2025-01-15,PG,Consumer Staples,198.34,199.64,197.77,198.83,37652373
2025-01-16,PG,Consumer Staples,198.64,199.03,196.75,197.3,101017863
2025-01-17,PG,Consumer Staples,199.58,199.76,198.07,199.1,102153327
2025-01-20,PG,Consumer Staples,201.61,202.64,200.02,201.14,60862208
2025-01-21,PG,Consumer Staples,201.72,202.29,201.59,201.87,76437261
2025-01-22,PG,Consumer Staples,201.12,201.48,198.67,201.39,69507760
2025-01-23,PG,Consumer Staples,202.63,203.33,201.11,202.1,90130270
2025-01-24,PG,Consumer Staples,204.86,206.13,204.15,204.21,85746070
2025-01-27,PG,Consumer Staples,205.95,207.78,205.18,207.38,45232254
2025-01-28,PG,Consumer Staples,206.67,206.81,206.03,206.09,54193655
2025-01-29,PG,Consumer Staples,204.25,204.59,202.96,203.38,41708985
2025-01-30,PG,Consumer Staples,203.86,204.21,203.39,204.06,43876671
2025-01-31,PG,Consumer Staples,201.08,201.53,200.21,200.88,60903594
2025-02-03,PG,Consumer Staples,201.45,201.55,201.06,201.49,56760953
2025-02-04,PG,Consumer Staples,202.03,203.38,201.98,202.01,87500016
2025-02-05,PG,Consumer Staples,202.65,203.62,201.67,201.88,89121714
2025-02-06,PG,Consumer Staples,205.35,205.43,204.69,205.25,81850518
2025-02-07,PG,Consumer Staples,205.49,205.71,203.74,205.5,60568174
2025-02-10,PG,Consumer Staples,206.43,207.39,206.28,206.64,50881563
2025-02-11,PG,Consumer Staples,209.0,209.21,208.57,208.91,63213726
2025-02-12,PG,Consumer Staples,209.61,210.02,207.56,208.9,81844595
2025-02-13,PG,Consumer Staples,209.11,209.3,208.06,208.27,48367744
2025-02-14,PG,Consumer Staples,208.69,209.51,206.95,207.71,79975412
2025-02-17,PG,Consumer Staples,208.15,208.85,207.53,208.61,89993528
2025-02-18,PG,Consumer Staples,209.47,209.57,209.3,209.33,81836363
2025-02-19,PG,Consumer Staples,213.13,213.14,211.25,212.67,8814925
2025-02-20,PG,Consumer Staples,211.71,212.61,211.18,211.58,54853884
2025-02-21,PG,Consumer Staples,212.43,212.53,210.7,211.25,70109390
2025-02-24,PG,Consumer Staples,211.79,213.49,210.86,213.18,95608364
2025-02-25,PG,Consumer Staples,213.51,214.88,213.31,214.56,39026773
2025-02-26,PG,Consumer Staples,214.63,214.66,214.44,214.57,70066511
2025-02-27,PG,Consumer Staples,214.45,214.74,213.45,214.31,25182435
2025-02-28,PG,Consumer Staples,213.87,214.67,212.97,213.47,62112142
2025-03-03,PG,Consumer Staples,212.08,212.49,211.13,211.85,93606051
2025-03-04,PG,Consumer Staples,211.68,212.47,210.71,211.92,31004255
2025-03-05,PG,Consumer Staples,212.35,213.39,211.88,213.15,41563513
2025-03-06,PG,Consumer Staples,213.32,214.14,213.24,213.98,65071354
2025-03-07,PG,Consumer Staples,213.38,214.07,212.18,213.94,34669572
2025-03-10,PG,Consumer Staples,214.66,215.06,213.91,214.67,72336059
2025-03-11,PG,Consumer Staples,212.18,213.44,212.15,212.95,29984268
2025-03-12,PG,Consumer Staples,214.55,215.25,214.04,214.16,72729236
2025-03-13,PG,Consumer Staples,210.97,211.92,210.11,211.52,16420197
2025-03-14,PG,Consumer Staples,212.93,214.06,211.59,212.12,65476676
2025-03-17,PG,Consumer Staples,213.72,213.95,213.33,213.37,50492962
2025-03-18,PG,Consumer Staples,214.59,215.19,212.78,213.69,50799279
2025-03-19,PG,Consumer Staples,212.48,214.61,212.2,213.82,63400500
2025-03-20,PG,Consumer Staples,211.58,212.17,211.12,211.9,60528847
2025-03-21,PG,Consumer Staples,211.29,212.52,209.74,211.94,47122571
2025-03-24,PG,Consumer Staples,214.91,215.92,214.67,215.84,69039645
2025-03-25,PG,Consumer Staples,216.76,217.4,214.42,215.83,33810135
2025-03-26,PG,Consumer Staples,215.65,216.0,214.24,215.41,40042578
2025-03-27,PG,Consumer Staples,212.95,213.45,212.2,212.4,42320130
2025-03-28,PG,Consumer Staples,213.54,214.36,213.02,213.21,99402575
2025-03-31,PG,Consumer Staples,213.76,214.25,213.11,214.17,39778858
2025-04-01,PG,Consumer Staples,213.41,213.92,212.66,213.38,83400451
2025-04-02,PG,Consumer Staples,212.53,213.25,211.52,213.03,44479741
2025-04-03,PG,Consumer Staples,210.5,211.46,210.1,210.6,60422968
2025-04-04,PG,Consumer Staples,211.2,211.6,210.67,210.95,47593395
2025-04-07,PG,Consumer Staples,211.46,212.18,210.86,212.01,72543860
2025-04-08,PG,Consumer Staples,208.68,209.1,206.47,207.82,46380154
2025-04-09,PG,Consumer Staples,207.88,208.95,207.84,207.87,69374697
2025-04-10,PG,Consumer Staples,212.02,213.41,210.31,211.22,57155362
2025-04-11,PG,Consumer Staples,211.57,212.17,211.49,211.63,57916969
2025-04-14,PG,Consumer Staples,213.03,214.07,212.58,212.68,49366670
2025-04-15,PG,Consumer Staples,214.23,216.41,213.53,214.83,67922984
2025-04-16,PG,Consumer Staples,215.95,217.3,215.82,216.05,23879969
2025-04-17,PG,Consumer Staples,215.62,216.58,215.26,215.47,87619308
2025-04-18,PG,Consumer Staples,211.49,213.14,210.83,212.45,49170192
2025-04-21,PG,Consumer Staples,217.98,218.31,217.04,217.74,46101927
2025-04-22,PG,Consumer Staples,217.81,219.63,216.58,219.32,79090334
2025-04-23,PG,Consumer Staples,221.08,221.34,220.53,221.11,23260003
2025-04-24,PG,Consumer Staples,223.18,223.66,222.98,223.3,49392100
2025-04-25,PG,Consumer Staples,225.38,226.93,224.64,225.68,45735257
2025-04-28,PG,Consumer Staples,228.25,228.87,227.02,227.42,70569102
2025-04-29,PG,Consumer Staples,226.9,228.84,226.12,227.6,64699001
2025-04-30,PG,Consumer Staples,227.23,227.3,226.61,227.08,70735071
2025-05-01,PG,Consumer Staples,228.21,228.82,228.13,228.7,67619969
2025-05-02,PG,Consumer Staples,229.71,230.04,228.55,229.13,19128577
2025-05-05,PG,Consumer Staples,229.77,229.84,229.18,229.49,48552685
2025-05-06,PG,Consumer Staples,232.37,232.58,231.03,231.65,47734425
2025-05-07,PG,Consumer Staples,236.73,236.8,236.15,236.15,55463480
2025-05-08,PG,Consumer Staples,234.92,235.33,233.28,234.28,39236760
2025-05-09,PG,Consumer Staples,235.43,235.98,233.6,235.43,44049035
2025-05-12,PG,Consumer Staples,233.25,233.76,232.65,233.43,12984639
2025-05-13,PG,Consumer Staples,233.48,234.64,232.92,233.97,34322813
2025-05-14,PG,Consumer Staples,230.14,230.93,229.93,230.56,44467544
2025-05-15,PG,Consumer Staples,229.54,229.85,228.2,229.24,61563653
2025-05-16,PG,Consumer Staples,228.61,230.38,227.59,229.41,53587308
2025-05-19,PG,Consumer Staples,232.42,233.05,231.63,231.75,47390840
2025-05-20,PG,Consumer Staples,228.78,228.85,228.77,228.79,57706037
2025-05-21,PG,Consumer Staples,229.89,230.93,228.15,229.81,99648437
2025-05-22,PG,Consumer Staples,229.65,229.93,228.55,229.87,72239596
2025-05-23,PG,Consumer Staples,233.36,234.41,232.89,233.02,78753290
2025-05-26,PG,Consumer Staples,231.52,232.66,231.05,232.31,83488182
2025-05-27,PG,Consumer Staples,233.79,233.96,233.08,233.34,52730808
2025-05-28,PG,Consumer Staples,232.94,234.24,231.48,233.15,80414621
2025-05-29,PG,Consumer Staples,231.39,232.06,230.6,231.23,38877912
2025-05-30,PG,Consumer Staples,230.56,231.62,229.6,230.17,27600914
2025-06-02,PG,Consumer Staples,228.01,228.81,227.01,228.73,55999618
2025-06-03,PG,Consumer Staples,224.86,225.26,224.45,225.26,58836477
2025-06-04,PG,Consumer Staples,228.89,229.68,228.29,228.52,41812786
2025-06-05,PG,Consumer Staples,227.91,227.98,227.62,227.91,63437330
2025-06-06,PG,Consumer Staples,229.79,229.81,228.5,229.02,78976657
2025-06-09,PG,Consumer Staples,227.07,227.79,226.77,226.87,32293415
2025-06-10,PG,Consumer Staples,228.47,228.96,226.14,227.09,74539941
2025-06-11,PG,Consumer Staples,227.67,228.57,227.57,228.25,56597870
2025-06-12,PG,Consumer Staples,228.33,229.87,228.24,228.56,40828961
2025-06-13,PG,Consumer Staples,227.58,228.17,226.89,226.98,40720503
2025-06-16,PG,Consumer Staples,228.89,228.92,228.73,228.76,62715543
2025-06-17,PG,Consumer Staples,225.16,225.73,223.83,224.67,45516691
2025-06-18,PG,Consumer Staples,222.16,222.79,221.21,221.61,77094598
2025-06-19,PG,Consumer Staples,220.52,221.82,219.87,221.5,56521655
2025-06-20,PG,Consumer Staples,216.61,217.5,215.75,216.85,45438348
2025-06-23,PG,Consumer Staples,216.46,217.86,214.27,215.44,50110587
2025-06-24,PG,Consumer Staples,214.45,214.87,214.04,214.64,44453950
2025-06-25,PG,Consumer Staples,217.57,218.16,217.04,217.7,60225331
2025-06-26,PG,Consumer Staples,216.4,216.59,215.53,216.53,49505218
2025-06-27,PG,Consumer Staples,214.89,216.39,214.71,215.63,69628795
2025-06-30,PG,Consumer Staples,212.67,213.93,211.6,212.17,41172622
2025-07-01,PG,Consumer Staples,212.31,214.08,212.07,212.43,46967108
2025-07-02,PG,Consumer Staples,211.24,214.18,210.95,212.57,15640145
2025-07-03,PG,Consumer Staples,210.44,211.85,208.99,210.6,60804195
2025-07-04,PG,Consumer Staples,212.5,213.44,212.33,212.45,69186257
2025-07-07,PG,Consumer Staples,214.67,215.5,213.0,214.19,41240600
2025-07-08,PG,Consumer Staples,212.86,213.31,212.14,213.23,73714405
2025-07-09,PG,Consumer Staples,209.63,209.87,208.82,209.65,59761902
2025-07-10,PG,Consumer Staples,207.29,208.2,206.61,207.75,42668186
2025-07-11,PG,Consumer Staples,209.84,210.96,209.78,210.73,77532890
2025-07-14,PG,Consumer Staples,210.28,211.38,209.41,211.12,42540794
2025-07-15,PG,Consumer Staples,209.82,211.45,209.12,209.78,76179334
2025-07-16,PG,Consumer Staples,212.46,213.49,211.95,212.47,54477324
2025-07-17,PG,Consumer Staples,210.65,212.83,209.76,212.24,87518611
2025-07-18,PG,Consumer Staples,211.65,213.85,211.34,212.38,70387125
2025-07-21,PG,Consumer Staples,216.52,218.32,215.95,217.07,52387428
2025-07-22,PG,Consumer Staples,219.36,219.37,218.86,218.99,58249273
2025-07-23,PG,Consumer Staples,218.34,218.91,217.48,218.55,69667300
2025-07-24,PG,Consumer Staples,220.14,220.54,217.93,219.4,67440538
2025-07-25,PG,Consumer Staples,220.77,221.29,219.84,220.61,50106533
2025-07-28,PG,Consumer Staples,222.7,223.54,222.06,222.37,59685684
2025-07-29,PG,Consumer Staples,219.96,220.81,219.68,220.42,40729469
2025-07-30,PG,Consumer Staples,223.74,224.04,223.39,223.77,42725863
2025-07-31,PG,Consumer Staples,226.4,227.46,225.9,226.77,76775694
2025-08-01,PG,Consumer Staples,224.55,225.3,223.95,225.0,4326589
2025-08-04,PG,Consumer Staples,225.62,226.68,224.84,225.1,66797366
2025-08-05,PG,Consumer Staples,224.86,225.67,222.87,225.37,13773053
2025-08-06,PG,Consumer Staples,225.52,226.47,224.49,225.82,30755884
2025-08-07,PG,Consumer Staples,227.13,228.0,226.6,227.53,57163987
2025-08-08,PG,Consumer Staples,226.1,227.18,225.34,226.97,58150858
2025-08-11,PG,Consumer Staples,227.55,228.12,226.7,227.98,79455806
2025-08-12,PG,Consumer Staples,229.21,229.42,229.09,229.41,59737685
2025-08-13,PG,Consumer Staples,230.56,231.23,230.32,230.56,44575273
2025-08-14,PG,Consumer Staples,231.7,232.21,231.62,231.68,37646406
2025-08-15,PG,Consumer Staples,233.62,234.28,231.96,232.96,58312053
2025-08-18,PG,Consumer Staples,234.09,234.73,231.89,233.55,25200266
2025-08-19,PG,Consumer Staples,231.2,231.69,228.74,229.64,32521629
2025-08-20,PG,Consumer Staples,227.79,228.07,225.35,227.68,52957783
2025-08-21,PG,Consumer Staples,224.72,225.44,223.97,225.15,68128744
2025-08-22,PG,Consumer Staples,223.07,223.71,222.67,223.1,61845939
2025-08-25,PG,Consumer Staples,221.7,223.01,220.84,221.24,51004690
2025-08-26,PG,Consumer Staples,222.62,223.85,222.1,223.43,66792978
2025-08-27,PG,Consumer Staples,226.95,227.51,225.85,226.24,80744921
2025-08-28,PG,Consumer Staples,228.11,228.6,227.35,227.67,29637049
2025-08-29,PG,Consumer Staples,225.33,226.59,224.86,225.77,65520664
2025-09-01,PG,Consumer Staples,223.66,224.36,223.27,224.02,52927076
2025-09-02,PG,Consumer Staples,222.49,224.43,222.05,222.84,73531601
2025-09-03,PG,Consumer Staples,221.73,222.95,220.96,221.5,76669964
2025-09-04,PG,Consumer Staples,224.17,225.44,223.86,224.25,47442658
2025-09-05,PG,Consumer Staples,221.9,224.05,221.33,221.64,72353967
2025-09-08,PG,Consumer Staples,222.24,223.29,221.42,222.39,46951834
2025-09-09,PG,Consumer Staples,219.83,221.38,219.56,219.96,84933007
2025-09-10,PG,Consumer Staples,221.3,221.74,220.8,221.07,44645601
2025-09-11,PG,Consumer Staples,220.97,221.96,220.39,220.43,87584736
2025-09-12,PG,Consumer Staples,218.42,219.14,216.01,218.33,111206381
2025-09-15,PG,Consumer Staples,217.25,217.58,216.42,217.36,76242927
2025-09-16,PG,Consumer Staples,218.69,219.29,217.52,218.46,54047460
2025-09-17,PG,Consumer Staples,215.07,215.69,214.71,215.38,58926165
2025-09-18,PG,Consumer Staples,215.29,215.77,213.76,214.28,47417746
2025-09-19,PG,Consumer Staples,213.48,214.1,211.42,214.04,75887971
2025-09-22,PG,Consumer Staples,211.77,212.17,211.22,211.51,28648344
2025-09-23,PG,Consumer Staples,210.83,211.04,209.68,209.81,63838176
2025-09-24,PG,Consumer Staples,213.88,214.11,212.53,212.68,97108043
2025-09-25,PG,Consumer Staples,210.19,211.54,209.03,210.26,55588670
2025-09-26,PG,Consumer Staples,209.53,210.15,208.67,209.37,54888994
2025-09-29,PG,Consumer Staples,209.94,211.24,208.97,210.4,100427192
2025-09-30,PG,Consumer Staples,210.57,211.99,209.85,210.37,64090407
2025-10-01,PG,Consumer Staples,208.81,209.84,208.59,209.41,8410900
2025-10-02,PG,Consumer Staples,211.64,212.29,210.58,211.0,65451765
2025-10-03,PG,Consumer Staples,206.34,207.75,205.1,207.18,35512497
2025-10-06,PG,Consumer Staples,208.6,209.65,208.35,208.6,71323128
2025-10-07,PG,Consumer Staples,207.34,207.69,205.87,206.93,48032373
2025-10-08,PG,Consumer Staples,201.71,202.72,200.73,202.29,61229836
2025-10-09,PG,Consumer Staples,206.25,206.68,205.05,206.33,59315476
2025-10-10,PG,Consumer Staples,207.19,207.61,205.1,206.51,59342659
2025-10-13,PG,Consumer Staples,207.64,208.06,207.36,208.06,95860575
2025-10-14,PG,Consumer Staples,210.23,210.47,210.15,210.19,69481711
2025-10-15,PG,Consumer Staples,208.43,209.14,208.14,208.55,88293339
2025-10-16,PG,Consumer Staples,208.46,208.58,207.55,208.18,69869192
2025-10-17,PG,Consumer Staples,208.7,208.76,208.05,208.23,62408093
2025-10-20,PG,Consumer Staples,206.75,207.76,205.66,207.03,71662913
2025-10-21,PG,Consumer Staples,210.16,211.02,209.16,209.36,77017640
2025-10-22,PG,Consumer Staples,211.25,212.13,210.35,211.99,57299936
2025-10-23,PG,Consumer Staples,211.04,212.69,210.74,211.86,78488573
2025-10-24,PG,Consumer Staples,212.89,214.34,212.51,212.93,48518651
2025-10-27,PG,Consumer Staples,214.68,215.85,213.38,214.69,54764415
2025-10-28,PG,Consumer Staples,214.62,215.93,214.25,215.35,57329414
2025-10-29,PG,Consumer Staples,213.44,214.74,212.43,214.35,65681969
2025-10-30,PG,Consumer Staples,209.71,210.0,209.34,209.68,70931369
2025-10-31,PG,Consumer Staples,210.06,210.64,209.56,209.98,59998125
2025-11-03,PG,Consumer Staples,211.82,212.27,211.56,211.6,87552910
2025-11-04,PG,Consumer Staples,209.92,210.09,209.76,209.92,35278420
2025-11-05,PG,Consumer Staples,210.49,211.77,209.75,210.36,65156396
2025-11-06,PG,Consumer Staples,211.31,211.36,211.26,211.32,74484051
2025-11-07,PG,Consumer Staples,211.67,212.82,211.62,212.3,22824570
2025-11-10,PG,Consumer Staples,212.87,212.96,211.99,212.66,62935639
2025-11-11,PG,Consumer Staples,210.11,211.38,210.08,210.86,24432630
2025-11-12,PG,Consumer Staples,212.61,214.04,212.54,213.27,68791157
2025-11-13,PG,Consumer Staples,212.79,214.03,212.68,213.3,61904930
2025-11-14,PG,Consumer Staples,211.99,213.79,211.85,212.39,56037993
2025-11-17,PG,Consumer Staples,209.15,210.13,208.74,209.37,23347585
2025-11-18,PG,Consumer Staples,209.85,210.59,209.84,210.25,72666003
2025-11-19,PG,Consumer Staples,214.39,215.08,213.08,215.01,60192920
2025-11-20,PG,Consumer Staples,214.28,215.71,213.9,214.68,37089128
2025-11-21,PG,Consumer Staples,213.63,214.28,213.6,213.86,49575944
2025-11-24,PG,Consumer Staples,212.92,214.59,212.65,213.95,61838960
2025-11-25,PG,Consumer Staples,213.4,214.24,212.96,213.93,31767445
2025-11-26,PG,Consumer Staples,212.82,213.35,212.59,213.34,45323145
2025-11-27,PG,Consumer Staples,216.74,217.72,216.13,217.44,40000452
2025-11-28,PG,Consumer Staples,217.66,218.18,216.77,217.65,49021388
2025-12-01,PG,Consumer Staples,215.61,216.39,214.03,215.22,31362989
2025-12-02,PG,Consumer Staples,212.26,213.95,211.49,213.06,46720586
2025-12-03,PG,Consumer Staples,213.48,215.43,212.32,215.36,42324851
2025-12-04,PG,Consumer Staples,216.14,216.39,214.81,216.04,51813284
2025-12-05,PG,Consumer Staples,214.9,216.18,214.61,215.47,52013593
2025-12-08,PG,Consumer Staples,214.77,215.06,214.22,214.75,94789506
2025-12-09,PG,Consumer Staples,215.79,216.55,214.61,216.22,37218191
2025-12-10,PG,Consumer Staples,215.13,215.18,213.95,214.8,59769579
2025-12-11,PG,Consumer Staples,215.14,216.26,213.28,214.63,71537583
2025-12-12,PG,Consumer Staples,216.51,216.51,214.8,216.16,79656482
2025-12-15,PG,Consumer Staples,214.62,215.42,214.06,214.84,53742163
2025-12-16,PG,Consumer Staples,218.28,218.58,216.9,217.42,83979852
2025-12-17,PG,Consumer Staples,214.65,215.28,213.05,214.33,70351312
2025-12-18,PG,Consumer Staples,214.87,214.91,213.67,214.53,99524032
2025-12-19,PG,Consumer Staples,214.58,215.62,214.55,214.79,17915527
2025-12-22,PG,Consumer Staples,210.01,211.13,209.24,210.81,72289366
2025-12-23,PG,Consumer Staples,209.95,211.91,209.12,209.52,54061795
2025-12-24,PG,Consumer Staples,210.69,212.0,209.72,210.76,85404995
2025-12-25,PG,Consumer Staples,209.52,210.15,208.42,209.51,90465226
2025-12-26,PG,Consumer Staples,208.64,209.17,207.91,209.13,100585647
2025-12-29,PG,Consumer Staples,208.54,209.55,208.16,208.48,88641245
2025-12-30,PG,Consumer Staples,209.87,210.7,208.97,210.42,66725467
2025-12-31,PG,Consumer Staples,210.49,211.36,210.38,211.19,60679987
2024-01-26,TSLA,Consumer Discretionary,213.42,215.27,209.14,210.0,57549034
2024-01-29,TSLA,Consumer Discretionary,210.51,213.97,206.38,211.65,47227755
2024-01-30,TSLA,Consumer Discretionary,216.62,217.49,214.74,215.36,49154901
2024-01-31,TSLA,Consumer Discretionary,213.8,219.24,210.75,215.69,57396534
2024-02-01,TSLA,Consumer Discretionary,214.01,216.85,212.87,213.08,35203063
2024-02-02,TSLA,Consumer Discretionary,225.74,229.34,220.46,222.49,29516505
2024-02-05,TSLA,Consumer Discretionary,223.03,231.29,221.33,226.25,54181443
2024-02-06,TSLA,Consumer Discretionary,211.53,215.71,209.09,213.0,65991276
2024-02-07,TSLA,Consumer Discretionary,204.75,208.51,202.58,206.64,67259990
2024-02-08,TSLA,Consumer Discretionary,199.58,202.52,197.1,198.34,54481599
2024-02-09,TSLA,Consumer Discretionary,195.85,201.4,189.26,197.61,37569069
2024-02-12,TSLA,Consumer Discretionary,203.19,212.42,199.22,204.29,62948197
2024-02-13,TSLA,Consumer Discretionary,201.75,206.2,197.33,201.69,59473224
2024-02-14,TSLA,Consumer Discretionary,200.68,200.86,192.58,200.02,26437551
2024-02-15,TSLA,Consumer Discretionary,193.48,195.15,192.49,193.28,35513376
2024-02-16,TSLA,Consumer Discretionary,200.49,204.65,195.93,198.54,69533435
2024-02-19,TSLA,Consumer Discretionary,206.0,210.34,205.58,207.21,60892350
2024-02-20,TSLA,Consumer Discretionary,207.89,208.24,204.6,207.1,50160812
2024-02-21,TSLA,Consumer Discretionary,220.93,222.3,215.93,218.67,64968745
2024-02-22,TSLA,Consumer Discretionary,213.95,218.8,212.89,214.63,78931970
2024-02-23,TSLA,Consumer Discretionary,205.18,205.23,201.71,204.25,50050123
2024-02-26,TSLA,Consumer Discretionary,209.67,213.82,209.03,210.12,37116020
2024-02-27,TSLA,Consumer Discretionary,210.82,214.68,205.93,209.53,82597060
2024-02-28,TSLA,Consumer Discretionary,205.11,208.19,202.94,205.39,43575430
2024-02-29,TSLA,Consumer Discretionary,205.88,207.22,203.53,206.06,64732427
2024-03-01,TSLA,Consumer Discretionary,194.16,198.66,192.66,194.75,29853489
2024-03-04,TSLA,Consumer Discretionary,180.73,186.0,177.7,182.94,9773618
2024-03-05,TSLA,Consumer Discretionary,184.84,185.63,183.08,183.64,45960622
2024-03-06,TSLA,Consumer Discretionary,186.99,188.96,182.68,186.53,24961273
2024-03-07,TSLA,Consumer Discretionary,196.65,198.42,193.66,195.74,33140558
2024-03-08,TSLA,Consumer Discretionary,204.08,206.91,200.21,201.92,67684442
2024-03-11,TSLA,Consumer Discretionary,206.6,211.8,201.48,206.53,42065072
2024-03-12,TSLA,Consumer Discretionary,214.92,216.6,213.04,215.83,87094289
2024-03-13,TSLA,Consumer Discretionary,215.82,222.19,213.58,219.65,49166126
2024-03-14,TSLA,Consumer Discretionary,218.92,221.79,212.93,217.13,83274163
2024-03-15,TSLA,Consumer Discretionary,220.52,227.75,219.71,224.19,86440595
2024-03-18,TSLA,Consumer Discretionary,230.44,231.29,225.82,231.18,46216980
2024-03-19,TSLA,Consumer Discretionary,228.39,232.6,224.01,231.25,52926459
2024-03-20,TSLA,Consumer Discretionary,226.17,228.5,219.67,221.67,52568760
2024-03-21,TSLA,Consumer Discretionary,206.08,209.89,193.16,207.95,70058092
2024-03-22,TSLA,Consumer Discretionary,216.13,218.02,209.49,214.2,71518466
2024-03-25,TSLA,Consumer Discretionary,222.21,227.91,213.39,217.91,31584130
2024-03-26,TSLA,Consumer Discretionary,220.4,225.69,219.41,222.75,41400010
2024-03-27,TSLA,Consumer Discretionary,234.74,240.99,229.71,229.74,86989845
2024-03-28,TSLA,Consumer Discretionary,226.12,227.54,216.37,222.64,47705528
2024-03-29,TSLA,Consumer Discretionary,206.73,208.74,206.47,208.14,52784612
2024-04-01,TSLA,Consumer Discretionary,213.18,216.8,210.79,212.01,43699039
2024-04-02,TSLA,Consumer Discretionary,221.49,224.46,217.23,221.02,46560865
2024-04-03,TSLA,Consumer Discretionary,223.59,225.48,220.77,223.87,38623821
2024-04-04,TSLA,Consumer Discretionary,211.11,214.46,207.88,212.35,42744124
2024-04-05,TSLA,Consumer Discretionary,215.29,221.25,214.03,214.26,71747038
2024-04-08,TSLA,Consumer Discretionary,209.56,212.57,205.9,205.95,63252203
2024-04-09,TSLA,Consumer Discretionary,192.31,197.07,190.68,194.94,92146653
2024-04-10,TSLA,Consumer Discretionary,193.34,197.26,190.51,195.0,61764626
2024-04-11,TSLA,Consumer Discretionary,196.52,199.51,194.38,196.22,26693681
2024-04-12,TSLA,Consumer Discretionary,194.0,199.4,193.44,195.66,73112333
2024-04-15,TSLA,Consumer Discretionary,198.45,201.46,197.61,198.77,34147110
2024-04-16,TSLA,Consumer Discretionary,192.23,193.92,190.85,193.38,22901325
2024-04-17,TSLA,Consumer Discretionary,194.03,195.66,192.27,194.07,54043906
2024-04-18,TSLA,Consumer Discretionary,189.78,194.58,186.62,190.88,73008152
2024-04-19,TSLA,Consumer Discretionary,188.32,191.86,188.11,189.31,48927823
2024-04-22,TSLA,Consumer Discretionary,189.97,194.34,189.86,191.19,44341578
2024-04-23,TSLA,Consumer Discretionary,199.83,201.69,195.34,198.39,28882573
2024-04-24,TSLA,Consumer Discretionary,201.38,203.43,197.11,200.53,43898126
2024-04-25,TSLA,Consumer Discretionary,207.33,208.41,200.53,205.03,61566997
2024-04-26,TSLA,Consumer Discretionary,204.37,208.55,203.09,205.22,34788632
2024-04-29,TSLA,Consumer Discretionary,212.91,213.68,208.78,208.84,36180962
2024-04-30,TSLA,Consumer Discretionary,219.19,220.78,214.6,216.51,42471409
2024-05-01,TSLA,Consumer Discretionary,232.89,235.87,228.71,230.87,26032097
2024-05-02,TSLA,Consumer Discretionary,242.26,247.59,240.27,240.79,43561138
2024-05-03,TSLA,Consumer Discretionary,243.54,244.88,236.73,240.46,42350696
2024-05-06,TSLA,Consumer Discretionary,252.86,260.15,246.49,250.23,56924326
2024-05-07,TSLA,Consumer Discretionary,262.54,262.79,254.96,255.18,65898359
2024-05-08,TSLA,Consumer Discretionary,250.01,255.98,245.94,249.9,15440357
2024-05-09,TSLA,Consumer Discretionary,253.85,259.27,252.58,254.96,39106301
2024-05-10,TSLA,Consumer Discretionary,247.3,250.25,240.84,245.04,56607604
2024-05-13,TSLA,Consumer Discretionary,249.53,254.37,247.31,250.01,60041553
2024-05-14,TSLA,Consumer Discretionary,264.48,266.57,262.74,265.49,73162396
2024-05-15,TSLA,Consumer Discretionary,272.47,275.78,270.31,273.28,67539804
2024-05-16,TSLA,Consumer Discretionary,285.0,288.64,283.03,284.88,57842903
2024-05-17,TSLA,Consumer Discretionary,286.64,288.58,278.1,281.27,45715584
2024-05-20,TSLA,Consumer Discretionary,286.49,292.57,283.1,286.16,29207872
2024-05-21,TSLA,Consumer Discretionary,291.55,298.48,290.97,293.32,30879157
2024-05-22,TSLA,Consumer Discretionary,287.85,293.21,283.85,290.35,51968260
2024-05-23,TSLA,Consumer Discretionary,305.19,308.72,296.45,297.46,36900865
2024-05-24,TSLA,Consumer Discretionary,299.27,303.78,297.22,302.36,81899981
2024-05-27,TSLA,Consumer Discretionary,314.66,317.45,304.77,309.89,39494529
2024-05-28,TSLA,Consumer Discretionary,302.83,305.22,294.2,298.89,60224415
2024-05-29,TSLA,Consumer Discretionary,312.58,315.66,312.0,312.41,55073572
2024-05-30,TSLA,Consumer Discretionary,320.96,324.94,316.35,317.52,52455729
2024-05-31,TSLA,Consumer Discretionary,318.58,322.64,310.55,316.38,63828055
2024-06-03,TSLA,Consumer Discretionary,310.49,321.2,309.81,315.52,23672448
2024-06-04,TSLA,Consumer Discretionary,313.68,316.94,311.34,315.27,52007565
2024-06-05,TSLA,Consumer Discretionary,308.68,309.56,302.28,306.3,46241096
2024-06-06,TSLA,Consumer Discretionary,323.97,331.61,310.2,319.22,71366851
2024-06-07,TSLA,Consumer Discretionary,331.03,335.31,327.62,330.16,19682504
2024-06-10,TSLA,Consumer Discretionary,344.36,348.89,335.61,342.26,27814180
2024-06-11,TSLA,Consumer Discretionary,362.85,363.56,356.63,360.58,63739665
2024-06-12,TSLA,Consumer Discretionary,361.57,363.54,358.98,363.18,47843639
2024-06-13,TSLA,Consumer Discretionary,338.86,344.21,333.76,342.34,36884470
2024-06-14,TSLA,Consumer Discretionary,354.77,355.34,348.88,350.06,20926743
2024-06-17,TSLA,Consumer Discretionary,350.73,358.23,346.85,357.51,39509684
2024-06-18,TSLA,Consumer Discretionary,383.77,387.72,372.36,377.16,52203127
2024-06-19,TSLA,Consumer Discretionary,401.84,408.83,388.76,391.65,45811601
2024-06-20,TSLA,Consumer Discretionary,396.63,403.67,391.58,393.71,71870887
2024-06-21,TSLA,Consumer Discretionary,401.09,401.46,387.64,391.95,40972744
2024-06-24,TSLA,Consumer Discretionary,406.02,407.02,401.41,405.94,73421145
2024-06-25,TSLA,Consumer Discretionary,368.02,376.36,360.14,368.45,66953176
2024-06-26,TSLA,Consumer Discretionary,369.75,374.95,365.55,371.77,68802567
2024-06-27,TSLA,Consumer Discretionary,379.39,387.92,373.65,384.28,66531869
2024-06-28,TSLA,Consumer Discretionary,382.94,390.09,376.75,382.87,77585648
2024-07-01,TSLA,Consumer Discretionary,383.76,384.54,371.84,377.97,32620178
2024-07-02,TSLA,Consumer Discretionary,373.71,387.88,373.35,382.08,41529240
2024-07-03,TSLA,Consumer Discretionary,399.59,403.11,397.89,400.34,31367412
2024-07-04,TSLA,Consumer Discretionary,406.66,412.01,405.12,406.89,75917449
2024-07-05,TSLA,Consumer Discretionary,396.35,407.33,388.41,397.48,41174028
2024-07-08,TSLA,Consumer Discretionary,409.8,414.94,403.18,414.63,42784853
2024-07-09,TSLA,Consumer Discretionary,439.51,446.94,430.64,435.36,39425258
2024-07-10,TSLA,Consumer Discretionary,426.47,427.37,419.23,423.3,45279520
2024-07-11,TSLA,Consumer Discretionary,464.66,475.19,459.68,465.0,42992703
2024-07-12,TSLA,Consumer Discretionary,451.66,465.41,446.97,465.25,82172538
2024-07-15,TSLA,Consumer Discretionary,478.0,488.35,474.61,480.96,39707310
2024-07-16,TSLA,Consumer Discretionary,489.44,497.0,482.31,493.48,25303935
2024-07-17,TSLA,Consumer Discretionary,490.43,494.41,479.92,481.7,51582655
2024-07-18,TSLA,Consumer Discretionary,476.88,483.38,469.34,474.36,58263947
2024-07-19,TSLA,Consumer Discretionary,473.22,477.01,472.16,475.76,51524787
2024-07-22,TSLA,Consumer Discretionary,448.32,451.38,435.49,444.89,27101594
2024-07-23,TSLA,Consumer Discretionary,456.14,469.64,450.7,457.92,47881690
2024-07-24,TSLA,Consumer Discretionary,425.39,431.11,424.33,427.8,76965858
2024-07-25,TSLA,Consumer Discretionary,430.31,435.15,411.75,428.26,53065793
2024-07-26,TSLA,Consumer Discretionary,415.9,426.7,413.16,418.43,81704217
2024-07-29,TSLA,Consumer Discretionary,423.24,435.7,422.05,427.15,74982476
2024-07-30,TSLA,Consumer Discretionary,402.31,408.69,387.39,394.43,26178263
2024-07-31,TSLA,Consumer Discretionary,367.62,375.89,365.03,371.71,52242301
2024-08-01,TSLA,Consumer Discretionary,363.52,364.9,360.51,364.16,63724714
2024-08-02,TSLA,Consumer Discretionary,375.24,384.8,370.87,370.98,42226342
2024-08-05,TSLA,Consumer Discretionary,376.47,382.5,370.51,374.06,69710247
2024-08-06,TSLA,Consumer Discretionary,387.52,394.59,379.44,388.03,52526108
2024-08-07,TSLA,Consumer Discretionary,394.38,400.61,389.11,389.71,87958411
2024-08-08,TSLA,Consumer Discretionary,389.26,390.45,375.27,389.69,43559008
2024-08-09,TSLA,Consumer Discretionary,378.65,386.94,370.93,375.29,60001149
2024-08-12,TSLA,Consumer Discretionary,376.67,376.73,360.66,372.57,56115505
2024-08-13,TSLA,Consumer Discretionary,375.51,380.49,371.2,372.53,30758845
2024-08-14,TSLA,Consumer Discretionary,336.61,350.92,336.6,345.95,80524967
2024-08-15,TSLA,Consumer Discretionary,338.38,340.06,334.98,335.37,61879691
2024-08-16,TSLA,Consumer Discretionary,344.46,346.01,335.72,340.99,46282946
2024-08-19,TSLA,Consumer Discretionary,339.73,343.64,338.76,343.33,29926641
2024-08-20,TSLA,Consumer Discretionary,335.7,342.62,333.79,340.48,48647781
2024-08-21,TSLA,Consumer Discretionary,332.18,340.54,326.31,333.44,29279192
2024-08-22,TSLA,Consumer Discretionary,311.53,317.01,308.91,313.29,50896118
2024-08-23,TSLA,Consumer Discretionary,286.15,292.38,284.08,289.61,56652438
2024-08-26,TSLA,Consumer Discretionary,291.79,294.6,282.55,286.67,49682707
2024-08-27,TSLA,Consumer Discretionary,305.04,311.21,295.63,301.77,48535882
2024-08-28,TSLA,Consumer Discretionary,300.0,309.1,297.03,302.33,48551431
2024-08-29,TSLA,Consumer Discretionary,313.87,317.83,311.91,313.31,42850101
2024-08-30,TSLA,Consumer Discretionary,300.26,303.4,293.81,300.58,100965674
2024-09-02,TSLA,Consumer Discretionary,299.38,304.5,291.95,303.73,15547023
2024-09-03,TSLA,Consumer Discretionary,296.72,297.45,291.19,296.42,58867689
2024-09-04,TSLA,Consumer Discretionary,288.43,292.73,282.38,288.89,68435357
2024-09-05,TSLA,Consumer Discretionary,292.7,296.74,292.11,296.58,45397498
2024-09-06,TSLA,Consumer Discretionary,297.89,301.36,294.71,295.5,46568536
2024-09-09,TSLA,Consumer Discretionary,285.76,289.49,281.05,281.33,22196043
2024-09-10,TSLA,Consumer Discretionary,283.48,286.25,271.57,282.46,56198283
2024-09-11,TSLA,Consumer Discretionary,274.33,276.39,270.85,275.54,48966850
2024-09-12,TSLA,Consumer Discretionary,265.59,267.25,258.23,261.77,37070324
2024-09-13,TSLA,Consumer Discretionary,254.81,254.81,251.55,252.79,51774811
2024-09-16,TSLA,Consumer Discretionary,272.87,282.67,265.65,271.04,59184626
2024-09-17,TSLA,Consumer Discretionary,276.63,284.79,276.42,282.69,36676107
2024-09-18,TSLA,Consumer Discretionary,261.01,263.92,257.32,262.92,34320647
2024-09-19,TSLA,Consumer Discretionary,259.76,264.01,250.95,261.34,54207081
2024-09-20,TSLA,Consumer Discretionary,262.98,266.73,257.25,260.43,29019905
2024-09-23,TSLA,Consumer Discretionary,258.21,261.21,257.59,258.15,56874959
2024-09-24,TSLA,Consumer Discretionary,255.32,257.97,251.52,252.3,81192521
2024-09-25,TSLA,Consumer Discretionary,258.5,263.63,256.08,259.04,34687037
2024-09-26,TSLA,Consumer Discretionary,268.74,272.11,266.72,267.73,38340447
2024-09-27,TSLA,Consumer Discretionary,271.52,278.9,270.96,277.71,61004462
2024-09-30,TSLA,Consumer Discretionary,279.09,284.15,277.52,281.08,79103198
2024-10-01,TSLA,Consumer Discretionary,287.26,288.97,285.93,287.23,23742954
2024-10-02,TSLA,Consumer Discretionary,286.81,290.46,281.1,283.92,48356676
2024-10-03,TSLA,Consumer Discretionary,270.1,273.48,262.33,268.42,69514036
2024-10-04,TSLA,Consumer Discretionary,253.68,258.33,252.96,253.51,56283383
2024-10-07,TSLA,Consumer Discretionary,247.93,252.63,245.77,246.1,89622803
2024-10-08,TSLA,Consumer Discretionary,240.0,245.95,237.31,244.51,17170701
2024-10-09,TSLA,Consumer Discretionary,233.17,238.44,232.65,233.67,52273995
2024-10-10,TSLA,Consumer Discretionary,227.2,231.99,221.71,224.56,53418404
2024-10-11,TSLA,Consumer Discretionary,224.11,225.46,217.58,221.71,29638078
2024-10-14,TSLA,Consumer Discretionary,225.45,230.07,220.78,228.55,41433486
2024-10-15,TSLA,Consumer Discretionary,232.88,237.84,230.76,231.35,63730399
2024-10-16,TSLA,Consumer Discretionary,221.07,225.13,218.86,224.49,100000
2024-10-17,TSLA,Consumer Discretionary,228.13,229.26,222.72,224.98,44185225
2024-10-18,TSLA,Consumer Discretionary,210.76,216.25,210.52,214.64,52226025
2024-10-21,TSLA,Consumer Discretionary,210.66,212.9,202.68,208.28,54426567
2024-10-22,TSLA,Consumer Discretionary,194.89,196.83,193.76,196.32,70008058
2024-10-23,TSLA,Consumer Discretionary,196.3,199.4,191.88,199.37,47303511
2024-10-24,TSLA,Consumer Discretionary,199.44,200.82,194.87,197.51,37008335
2024-10-25,TSLA,Consumer Discretionary,194.87,196.59,190.69,196.53,46769697
2024-10-28,TSLA,Consumer Discretionary,202.73,207.79,201.05,202.19,62947094
2024-10-29,TSLA,Consumer Discretionary,197.63,200.3,194.8,195.25,95487093
2024-10-30,TSLA,Consumer Discretionary,198.38,201.65,195.71,198.55,24927231
2024-10-31,TSLA,Consumer Discretionary,213.15,213.58,211.47,212.45,38014226
2024-11-01,TSLA,Consumer Discretionary,202.86,206.64,202.58,205.27,73065203
2024-11-04,TSLA,Consumer Discretionary,197.86,201.73,191.82,194.16,33491126
2024-11-05,TSLA,Consumer Discretionary,184.92,186.26,183.28,185.72,62079037
2024-11-06,TSLA,Consumer Discretionary,189.77,191.2,185.65,188.35,35294183
2024-11-07,TSLA,Consumer Discretionary,201.93,203.89,197.33,199.97,61264002
2024-11-08,TSLA,Consumer Discretionary,214.72,216.19,211.96,212.02,57251827
2024-11-11,TSLA,Consumer Discretionary,218.72,222.17,214.61,218.41,50220658
2024-11-12,TSLA,Consumer Discretionary,225.44,225.48,223.12,225.25,47750567
2024-11-13,TSLA,Consumer Discretionary,230.4,230.86,223.2,229.04,53104484
2024-11-14,TSLA,Consumer Discretionary,240.76,241.95,234.28,234.98,35387152
2024-11-15,TSLA,Consumer Discretionary,234.02,240.91,231.13,237.62,58782247
2024-11-18,TSLA,Consumer Discretionary,229.82,231.7,225.7,231.1,50058291
2024-11-19,TSLA,Consumer Discretionary,250.44,254.56,244.57,245.09,41896927
2024-11-20,TSLA,Consumer Discretionary,259.21,267.33,251.5,256.68,49705115
2024-11-21,TSLA,Consumer Discretionary,253.92,254.72,245.12,249.85,30005611
2024-11-22,TSLA,Consumer Discretionary,260.15,262.41,252.28,255.66,78350389
2024-11-25,TSLA,Consumer Discretionary,271.73,276.58,265.3,268.88,24077809
2024-11-26,TSLA,Consumer Discretionary,273.35,274.64,271.58,272.97,78365056
2024-11-27,TSLA,Consumer Discretionary,266.23,274.43,262.14,271.16,67113719
2024-11-28,TSLA,Consumer Discretionary,283.47,288.13,281.05,284.89,25514763
2024-11-29,TSLA,Consumer Discretionary,287.72,290.83,284.43,287.59,63215117
2024-12-02,TSLA,Consumer Discretionary,286.43,287.89,279.39,281.44,76953613
2024-12-03,TSLA,Consumer Discretionary,268.49,275.9,267.73,270.27,25930088
2024-12-04,TSLA,Consumer Discretionary,248.95,254.02,235.34,242.69,52774296
2024-12-05,TSLA,Consumer Discretionary,261.09,262.77,256.38,259.59,29673437
2024-12-06,TSLA,Consumer Discretionary,245.4,254.93,240.4,252.13,78360406
2024-12-09,TSLA,Consumer Discretionary,265.76,270.98,256.07,260.78,68842676
2024-12-10,TSLA,Consumer Discretionary,248.37,253.91,246.35,252.53,65166220
2024-12-11,TSLA,Consumer Discretionary,250.87,254.5,248.46,254.15,60201590
2024-12-12,TSLA,Consumer Discretionary,257.71,260.23,256.94,258.29,88448873
2024-12-13,TSLA,Consumer Discretionary,246.16,250.84,244.14,247.24,49051167
2024-12-16,TSLA,Consumer Discretionary,251.86,263.65,250.62,255.66,44815168
2024-12-17,TSLA,Consumer Discretionary,254.46,260.62,248.06,254.03,56634209
2024-12-18,TSLA,Consumer Discretionary,264.77,265.24,254.61,259.09,40467412
2024-12-19,TSLA,Consumer Discretionary,273.02,278.1,271.13,272.42,66588007
2024-12-20,TSLA,Consumer Discretionary,275.42,285.28,273.55,279.63,77639213
2024-12-23,TSLA,Consumer Discretionary,279.06,280.19,277.77,278.86,71695473
2024-12-24,TSLA,Consumer Discretionary,296.08,300.86,292.64,297.99,87495003
2024-12-25,TSLA,Consumer Discretionary,295.19,301.37,292.92,297.69,53087759
2024-12-26,TSLA,Consumer Discretionary,299.86,300.81,294.27,298.83,80808469
2024-12-27,TSLA,Consumer Discretionary,300.08,305.79,295.09,297.29,59174559
2024-12-30,TSLA,Consumer Discretionary,285.3,289.8,280.08,284.71,55135081
2024-12-31,TSLA,Consumer Discretionary,267.23,278.32,265.15,271.56,40647445
2025-01-01,TSLA,Consumer Discretionary,267.58,273.24,262.51,266.44,25051991
2025-01-02,TSLA,Consumer Discretionary,256.54,258.02,252.81,257.14,53571403
2025-01-03,TSLA,Consumer Discretionary,256.49,256.59,254.67,254.79,53190589
2025-01-06,TSLA,Consumer Discretionary,261.78,268.49,258.96,262.3,56070041
2025-01-07,TSLA,Consumer Discretionary,258.01,259.26,256.85,258.69,36035166
2025-01-08,TSLA,Consumer Discretionary,259.48,261.95,259.46,260.83,58756188
2025-01-09,TSLA,Consumer Discretionary,255.87,260.05,250.86,256.36,98596597
2025-01-10,TSLA,Consumer Discretionary,276.03,281.37,274.03,279.34,58168399
2025-01-13,TSLA,Consumer Discretionary,295.85,297.69,293.26,294.24,52754352
2025-01-14,TSLA,Consumer Discretionary,290.9,292.86,286.6,291.86,51244219
2025-01-15,TSLA,Consumer Discretionary,294.76,299.21,290.79,294.81,80276630
2025-01-16,TSLA,Consumer Discretionary,275.96,284.7,273.63,281.14,35636520
2025-01-17,TSLA,Consumer Discretionary,279.93,284.05,275.95,279.19,59645236
2025-01-20,TSLA,Consumer Discretionary,275.98,280.12,272.94,273.48,57085792
2025-01-21,TSLA,Consumer Discretionary,278.4,284.2,277.87,280.75,66135891
2025-01-22,TSLA,Consumer Discretionary,273.6,276.9,269.28,271.77,36535121
2025-01-23,TSLA,Consumer Discretionary,282.82,289.17,278.38,287.69,63502605
2025-01-24,TSLA,Consumer Discretionary,287.19,288.87,285.62,287.19,53611897
2025-01-27,TSLA,Consumer Discretionary,275.49,279.97,274.66,278.61,27223584
2025-01-28,TSLA,Consumer Discretionary,276.63,280.69,276.59,279.09,46064353
2025-01-29,TSLA,Consumer Discretionary,283.7,292.76,280.37,286.44,56193282
2025-01-30,TSLA,Consumer Discretionary,290.33,291.97,288.47,291.82,26876849
2025-01-31,TSLA,Consumer Discretionary,293.56,298.48,286.32,293.58,49295386
2025-02-03,TSLA,Consumer Discretionary,302.9,312.28,297.96,302.77,40487517
2025-02-04,TSLA,Consumer Discretionary,309.57,315.76,305.19,311.59,71307180
2025-02-05,TSLA,Consumer Discretionary,321.85,324.19,319.57,320.73,40260841
2025-02-06,TSLA,Consumer Discretionary,322.69,323.81,315.99,317.81,50196957
2025-02-07,TSLA,Consumer Discretionary,315.49,320.04,312.36,314.85,40474005
2025-02-10,TSLA,Consumer Discretionary,315.52,319.43,305.06,312.74,16088449
2025-02-11,TSLA,Consumer Discretionary,302.76,313.37,302.7,307.51,60706051
2025-02-12,TSLA,Consumer Discretionary,310.56,310.81,308.5,308.82,70526294
2025-02-13,TSLA,Consumer Discretionary,309.41,315.47,306.25,308.94,40478268
2025-02-14,TSLA,Consumer Discretionary,325.3,330.34,319.76,327.01,44323837
2025-02-17,TSLA,Consumer Discretionary,318.72,322.86,318.29,321.42,56970108
2025-02-18,TSLA,Consumer Discretionary,316.66,320.71,310.38,310.5,26186949
2025-02-19,TSLA,Consumer Discretionary,316.02,320.85,310.84,317.69,90345534
2025-02-20,TSLA,Consumer Discretionary,318.71,318.93,315.69,318.67,60624505
2025-02-21,TSLA,Consumer Discretionary,307.41,320.62,301.74,311.19,69437581
2025-02-24,TSLA,Consumer Discretionary,315.22,320.81,309.88,319.89,62366439
2025-02-25,TSLA,Consumer Discretionary,313.61,319.83,311.62,316.94,40737810
2025-02-26,TSLA,Consumer Discretionary,339.39,348.52,330.96,334.03,28285926
2025-02-27,TSLA,Consumer Discretionary,319.85,332.2,317.39,323.11,78953386
2025-02-28,TSLA,Consumer Discretionary,317.61,322.94,312.22,316.73,73902476
2025-03-03,TSLA,Consumer Discretionary,318.67,327.75,314.66,318.32,63985087
2025-03-04,TSLA,Consumer Discretionary,330.81,336.56,329.81,333.63,61041901
2025-03-05,TSLA,Consumer Discretionary,323.15,326.07,319.45,325.49,12834103
2025-03-06,TSLA,Consumer Discretionary,333.42,340.43,329.46,329.96,57664831
2025-03-07,TSLA,Consumer Discretionary,317.79,319.05,315.5,316.7,60158676
2025-03-10,TSLA,Consumer Discretionary,329.57,337.57,325.97,327.04,52803251
2025-03-11,TSLA,Consumer Discretionary,316.72,321.72,313.77,319.77,48169450
2025-03-12,TSLA,Consumer Discretionary,328.74,330.09,323.8,326.87,68141643
2025-03-13,TSLA,Consumer Discretionary,337.89,338.45,329.86,334.73,40584612
2025-03-14,TSLA,Consumer Discretionary,315.6,326.42,312.15,313.64,59885198
2025-03-17,TSLA,Consumer Discretionary,314.27,320.43,311.3,316.12,14002895
2025-03-18,TSLA,Consumer Discretionary,315.12,324.96,309.56,310.7,30349754
2025-03-19,TSLA,Consumer Discretionary,313.36,322.4,312.48,316.3,34195077
2025-03-20,TSLA,Consumer Discretionary,304.9,310.09,304.72,306.8,54770687
2025-03-21,TSLA,Consumer Discretionary,306.72,314.95,300.59,300.73,45941330
2025-03-24,TSLA,Consumer Discretionary,316.63,318.21,310.93,313.52,57883262
2025-03-25,TSLA,Consumer Discretionary,322.81,331.53,319.2,326.0,68194560
2025-03-26,TSLA,Consumer Discretionary,319.02,320.88,308.31,314.84,58471695
2025-03-27,TSLA,Consumer Discretionary,334.04,334.84,333.93,334.81,42257029
2025-03-28,TSLA,Consumer Discretionary,309.97,311.25,304.34,304.74,58663926
2025-03-31,TSLA,Consumer Discretionary,316.82,321.84,303.57,307.21,26690406
2025-04-01,TSLA,Consumer Discretionary,292.85,294.58,290.94,293.57,41889446
2025-04-02,TSLA,Consumer Discretionary,298.0,300.09,296.26,297.55,71786329
2025-04-03,TSLA,Consumer Discretionary,297.09,300.76,290.51,294.99,56757890
2025-04-04,TSLA,Consumer Discretionary,284.18,287.73,282.62,284.65,42179407
2025-04-07,TSLA,Consumer Discretionary,279.6,280.96,274.76,277.47,30671343
2025-04-08,TSLA,Consumer Discretionary,274.04,275.68,265.83,269.99,43706240
2025-04-09,TSLA,Consumer Discretionary,277.92,279.43,269.63,270.86,48173038
2025-04-10,TSLA,Consumer Discretionary,279.82,283.32,279.26,280.25,71087885
2025-04-11,TSLA,Consumer Discretionary,300.62,305.29,298.18,299.63,41676139
2025-04-14,TSLA,Consumer Discretionary,298.17,303.72,297.38,298.0,50052028
2025-04-15,TSLA,Consumer Discretionary,306.91,310.68,298.87,301.29,87040555
2025-04-16,TSLA,Consumer Discretionary,315.58,324.36,310.31,313.97,22868478
2025-04-17,TSLA,Consumer Discretionary,310.68,318.13,307.19,309.21,45069766
2025-04-18,TSLA,Consumer Discretionary,298.48,302.38,294.17,300.91,38740147
2025-04-21,TSLA,Consumer Discretionary,323.45,327.82,320.75,321.6,57499204
2025-04-22,TSLA,Consumer Discretionary,316.42,325.64,314.24,319.76,71946230
2025-04-23,TSLA,Consumer Discretionary,322.11,324.44,321.41,322.38,52648360
2025-04-24,TSLA,Consumer Discretionary,305.24,316.04,299.9,304.46,36367190
2025-04-25,TSLA,Consumer Discretionary,299.53,300.31,296.39,299.05,56301538
2025-04-28,TSLA,Consumer Discretionary,314.62,325.44,309.02,318.97,28902425
2025-04-29,TSLA,Consumer Discretionary,325.45,328.17,323.69,324.32,70685070
2025-04-30,TSLA,Consumer Discretionary,331.43,334.92,322.84,324.18,45502926
2025-05-01,TSLA,Consumer Discretionary,340.83,347.31,339.96,340.18,35628200
2025-05-02,TSLA,Consumer Discretionary,315.33,323.09,314.23,320.78,39970119
2025-05-05,TSLA,Consumer Discretionary,319.71,321.6,315.71,316.31,51344289
2025-05-06,TSLA,Consumer Discretionary,340.41,342.8,334.92,341.67,30994088
2025-05-07,TSLA,Consumer Discretionary,343.02,343.84,340.53,341.27,67404909
2025-05-08,TSLA,Consumer Discretionary,340.96,343.25,337.37,340.78,42528640
2025-05-09,TSLA,Consumer Discretionary,356.15,357.4,354.38,355.04,45823950
2025-05-12,TSLA,Consumer Discretionary,372.59,373.01,368.71,370.76,51328866
2025-05-13,TSLA,Consumer Discretionary,348.11,354.23,347.8,354.08,56030656
2025-05-14,TSLA,Consumer Discretionary,357.34,365.6,354.21,359.58,46699816
2025-05-15,TSLA,Consumer Discretionary,382.57,384.07,381.85,381.88,43524259
2025-05-16,TSLA,Consumer Discretionary,369.7,375.98,366.58,373.5,54609084
2025-05-19,TSLA,Consumer Discretionary,370.43,373.48,362.63,368.84,95499258
2025-05-20,TSLA,Consumer Discretionary,367.38,372.65,357.4,369.42,65923825
2025-05-21,TSLA,Consumer Discretionary,377.42,378.97,373.02,378.61,67582990
2025-05-22,TSLA,Consumer Discretionary,362.05,364.65,354.66,359.91,27762983
2025-05-23,TSLA,Consumer Discretionary,324.23,324.77,319.94,320.9,36769948
2025-05-26,TSLA,Consumer Discretionary,318.53,327.86,318.35,323.5,68044617
2025-05-27,TSLA,Consumer Discretionary,335.52,338.01,332.17,336.89,64883380
2025-05-28,TSLA,Consumer Discretionary,336.19,337.58,330.53,333.4,71693511
2025-05-29,TSLA,Consumer Discretionary,326.11,328.81,319.98,326.47,39815795
2025-05-30,TSLA,Consumer Discretionary,326.89,327.16,316.37,324.74,72045894
2025-06-02,TSLA,Consumer Discretionary,333.15,352.62,330.69,343.09,61172810
2025-06-03,TSLA,Consumer Discretionary,333.05,335.99,321.25,335.3,64424747
2025-06-04,TSLA,Consumer Discretionary,343.08,343.3,342.08,342.18,60561536
2025-06-05,TSLA,Consumer Discretionary,328.46,337.18,318.36,328.56,73351098
2025-06-06,TSLA,Consumer Discretionary,311.77,317.56,310.74,316.03,71146716
2025-06-09,TSLA,Consumer Discretionary,318.18,327.83,310.33,325.56,46492143
2025-06-10,TSLA,Consumer Discretionary,342.65,344.75,339.75,344.36,38070064
2025-06-11,TSLA,Consumer Discretionary,357.58,359.86,352.53,355.27,48447875
2025-06-12,TSLA,Consumer Discretionary,327.96,330.48,325.65,329.94,12298195
2025-06-13,TSLA,Consumer Discretionary,326.62,328.03,324.99,325.27,48946530
2025-06-16,TSLA,Consumer Discretionary,319.33,330.2,311.33,328.18,51878712
2025-06-17,TSLA,Consumer Discretionary,327.99,329.12,326.36,329.05,63554296
2025-06-18,TSLA,Consumer Discretionary,306.39,308.95,299.2,307.13,69834426
2025-06-19,TSLA,Consumer Discretionary,300.56,303.33,286.47,293.35,37353349
2025-06-20,TSLA,Consumer Discretionary,286.35,289.28,283.25,285.29,53235545
2025-06-23,TSLA,Consumer Discretionary,287.5,290.36,278.12,284.78,26617640
2025-06-24,TSLA,Consumer Discretionary,271.07,274.87,265.33,265.66,44366907
2025-06-25,TSLA,Consumer Discretionary,269.95,271.91,269.76,271.39,74334888
2025-06-26,TSLA,Consumer Discretionary,276.26,277.03,267.46,270.66,41781004
2025-06-27,TSLA,Consumer Discretionary,260.43,264.69,256.13,260.93,89553030
2025-06-30,TSLA,Consumer Discretionary,263.68,266.76,259.84,262.85,30345809
2025-07-01,TSLA,Consumer Discretionary,246.87,252.56,241.16,249.75,47074467
2025-07-02,TSLA,Consumer Discretionary,243.04,253.66,242.0,249.43,18215742
2025-07-03,TSLA,Consumer Discretionary,233.08,235.56,231.76,233.86,84153529
2025-07-04,TSLA,Consumer Discretionary,218.47,220.59,216.33,220.44,23768941
2025-07-07,TSLA,Consumer Discretionary,219.08,220.5,216.2,217.06,59360138
2025-07-08,TSLA,Consumer Discretionary,210.22,214.73,210.11,211.75,72635483
2025-07-09,TSLA,Consumer Discretionary,218.34,220.77,214.63,214.71,56522104
2025-07-10,TSLA,Consumer Discretionary,214.72,217.81,214.62,214.69,27517275
2025-07-11,TSLA,Consumer Discretionary,230.3,235.88,227.65,230.6,34959273
2025-07-14,TSLA,Consumer Discretionary,228.42,231.26,228.22,228.59,70464499
2025-07-15,TSLA,Consumer Discretionary,203.71,210.79,198.94,202.32,55333005
2025-07-16,TSLA,Consumer Discretionary,189.37,189.9,185.06,188.03,75248633
2025-07-17,TSLA,Consumer Discretionary,182.17,182.79,179.57,180.27,74076637
2025-07-18,TSLA,Consumer Discretionary,203.51,207.68,201.03,201.72,48615413
2025-07-21,TSLA,Consumer Discretionary,203.93,206.88,197.85,201.58,31438531
2025-07-22,TSLA,Consumer Discretionary,207.79,212.78,206.06,209.51,24144195
2025-07-23,TSLA,Consumer Discretionary,218.23,219.9,211.58,217.02,56999320
2025-07-24,TSLA,Consumer Discretionary,207.86,208.94,202.89,207.52,58126714
2025-07-25,TSLA,Consumer Discretionary,193.77,196.77,193.58,194.61,33973635
2025-07-28,TSLA,Consumer Discretionary,201.25,206.34,198.71,199.09,62674239
2025-07-29,TSLA,Consumer Discretionary,184.39,186.25,182.04,183.73,35629524
2025-07-30,TSLA,Consumer Discretionary,190.08,191.86,188.85,190.13,39443552
2025-07-31,TSLA,Consumer Discretionary,191.84,192.07,187.48,189.45,79285429
2025-08-01,TSLA,Consumer Discretionary,195.92,198.99,193.12,193.65,65996623
2025-08-04,TSLA,Consumer Discretionary,196.25,199.57,194.98,195.81,56279472
2025-08-05,TSLA,Consumer Discretionary,199.58,199.94,196.25,198.37,63512466
2025-08-06,TSLA,Consumer Discretionary,196.46,203.27,195.82,199.21,56083658
2025-08-07,TSLA,Consumer Discretionary,202.46,204.14,197.31,201.28,66541639
2025-08-08,TSLA,Consumer Discretionary,202.36,204.16,199.6,201.72,45607189
2025-08-11,TSLA,Consumer Discretionary,189.5,196.75,185.55,192.12,59810409
2025-08-12,TSLA,Consumer Discretionary,189.13,190.1,187.13,189.58,83419862
2025-08-13,TSLA,Consumer Discretionary,202.86,207.27,198.46,204.08,19341320
2025-08-14,TSLA,Consumer Discretionary,204.25,207.15,199.79,206.44,71748635
2025-08-15,TSLA,Consumer Discretionary,216.74,218.49,210.96,214.81,77842815
2025-08-18,TSLA,Consumer Discretionary,207.3,208.85,200.74,207.54,64681178
2025-08-19,TSLA,Consumer Discretionary,200.93,204.77,199.54,200.39,42505947
2025-08-20,TSLA,Consumer Discretionary,192.23,195.02,186.71,192.06,46439086
2025-08-21,TSLA,Consumer Discretionary,185.88,187.21,179.25,183.22,77218317
2025-08-22,TSLA,Consumer Discretionary,172.8,174.3,172.11,172.92,99810889
2025-08-25,TSLA,Consumer Discretionary,177.86,178.17,172.94,174.43,53761134
2025-08-26,TSLA,Consumer Discretionary,172.8,175.8,172.16,172.36,75549195
2025-08-27,TSLA,Consumer Discretionary,174.38,179.79,171.02,177.73,41512914
2025-08-28,TSLA,Consumer Discretionary,179.03,180.76,174.82,175.9,46100308
2025-08-29,TSLA,Consumer Discretionary,160.69,162.6,159.12,161.21,66988455
2025-09-01,TSLA,Consumer Discretionary,163.69,166.92,162.77,163.8,59273810
2025-09-02,TSLA,Consumer Discretionary,151.91,156.23,148.58,152.25,11566048
2025-09-03,TSLA,Consumer Discretionary,152.31,155.01,150.05,153.48,33913549
2025-09-04,TSLA,Consumer Discretionary,150.92,151.9,148.64,149.43,65770562
2025-09-05,TSLA,Consumer Discretionary,150.05,151.53,148.35,150.73,27335432
2025-09-08,TSLA,Consumer Discretionary,139.97,144.06,138.15,143.2,56264988
2025-09-09,TSLA,Consumer Discretionary,148.5,152.7,146.53,147.18,63464717
2025-09-10,TSLA,Consumer Discretionary,145.36,149.23,145.14,147.46,107162771
2025-09-11,TSLA,Consumer Discretionary,142.43,148.56,141.64,145.76,22413990
2025-09-12,TSLA,Consumer Discretionary,136.44,137.73,134.46,137.2,82771612
2025-09-15,TSLA,Consumer Discretionary,148.15,150.15,143.66,145.97,58718348
2025-09-16,TSLA,Consumer Discretionary,140.45,141.84,139.05,141.42,52315987
2025-09-17,TSLA,Consumer Discretionary,141.71,144.86,140.76,142.8,63010397
2025-09-18,TSLA,Consumer Discretionary,137.87,140.79,137.37,138.14,46172578
2025-09-19,TSLA,Consumer Discretionary,157.57,157.86,156.3,156.48,6086244
2025-09-22,TSLA,Consumer Discretionary,157.42,161.44,154.7,157.39,27508314
2025-09-23,TSLA,Consumer Discretionary,152.41,155.28,151.37,154.09,63652900
2025-09-24,TSLA,Consumer Discretionary,157.81,162.01,157.26,157.45,57398268
2025-09-25,TSLA,Consumer Discretionary,161.11,161.81,160.68,161.67,65466356
2025-09-26,TSLA,Consumer Discretionary,161.28,164.55,157.88,163.99,77252977
2025-09-29,TSLA,Consumer Discretionary,163.68,164.91,158.47,162.23,86312392
2025-09-30,TSLA,Consumer Discretionary,164.6,167.06,163.98,164.82,107621155
2025-10-01,TSLA,Consumer Discretionary,161.32,165.1,158.13,164.02,53900731
2025-10-02,TSLA,Consumer Discretionary,161.9,164.22,157.48,163.97,62809576
2025-10-03,TSLA,Consumer Discretionary,161.6,162.47,159.25,159.55,48691771
2025-10-06,TSLA,Consumer Discretionary,151.76,151.84,149.84,151.47,73933836
2025-10-07,TSLA,Consumer Discretionary,153.22,155.21,151.29,154.54,25947521
2025-10-08,TSLA,Consumer Discretionary,154.64,158.41,153.57,157.91,38589262
2025-10-09,TSLA,Consumer Discretionary,164.16,166.92,162.17,165.16,64181090
2025-10-10,TSLA,Consumer Discretionary,163.49,166.15,161.41,165.54,25339810
2025-10-13,TSLA,Consumer Discretionary,165.88,167.09,163.95,164.38,24385637
2025-10-14,TSLA,Consumer Discretionary,155.15,158.02,149.53,156.36,15923569
2025-10-15,TSLA,Consumer Discretionary,155.91,157.14,154.56,156.24,67001407
2025-10-16,TSLA,Consumer Discretionary,156.85,158.63,155.71,158.29,73687858
2025-10-17,TSLA,Consumer Discretionary,147.25,149.03,145.3,148.3,33062756
2025-10-20,TSLA,Consumer Discretionary,154.05,157.98,151.59,153.93,58552886
2025-10-21,TSLA,Consumer Discretionary,148.62,151.33,147.6,150.19,41176182
2025-10-22,TSLA,Consumer Discretionary,150.53,150.98,148.33,149.24,74077114
2025-10-23,TSLA,Consumer Discretionary,152.96,156.25,150.5,152.45,42183620
2025-10-24,TSLA,Consumer Discretionary,154.56,155.13,151.65,152.49,56677589
2025-10-27,TSLA,Consumer Discretionary,161.94,162.97,155.99,160.07,71285557
2025-10-28,TSLA,Consumer Discretionary,164.58,166.95,163.27,163.68,52940905
2025-10-29,TSLA,Consumer Discretionary,164.12,165.58,162.54,162.93,53820945
2025-10-30,TSLA,Consumer Discretionary,146.32,148.08,141.78,145.23,14641067
2025-10-31,TSLA,Consumer Discretionary,152.67,152.77,148.26,150.37,58222262
2025-11-03,TSLA,Consumer Discretionary,144.77,145.9,142.61,144.25,45701586
2025-11-04,TSLA,Consumer Discretionary,150.25,152.53,148.62,148.63,66756441
2025-11-05,TSLA,Consumer Discretionary,152.85,153.83,150.43,151.26,67854334
2025-11-06,TSLA,Consumer Discretionary,149.24,153.98,149.06,150.3,23815345
2025-11-07,TSLA,Consumer Discretionary,153.45,155.49,153.15,155.4,87248882
2025-11-10,TSLA,Consumer Discretionary,156.59,158.41,154.27,158.32,42740315
2025-11-11,TSLA,Consumer Discretionary,163.06,165.66,158.91,160.23,58747674
2025-11-12,TSLA,Consumer Discretionary,150.66,151.79,148.21,150.69,81585076
2025-11-13,TSLA,Consumer Discretionary,154.04,154.14,145.87,150.99,44432709
2025-11-14,TSLA,Consumer Discretionary,145.11,148.02,143.58,144.51,26672727
2025-11-17,TSLA,Consumer Discretionary,136.69,143.06,135.68,139.05,48288144
2025-11-18,TSLA,Consumer Discretionary,135.76,139.19,134.28,137.37,42765474
2025-11-19,TSLA,Consumer Discretionary,144.93,147.09,144.12,144.48,76991749
2025-11-20,TSLA,Consumer Discretionary,147.07,147.34,145.97,146.41,44611531
2025-11-21,TSLA,Consumer Discretionary,151.82,153.55,148.26,148.7,53724703
2025-11-24,TSLA,Consumer Discretionary,154.42,156.8,152.73,152.8,56899576
2025-11-25,TSLA,Consumer Discretionary,148.72,153.45,144.91,148.21,40708421
2025-11-26,TSLA,Consumer Discretionary,139.29,142.46,137.82,140.11,51683801
2025-11-27,TSLA,Consumer Discretionary,131.29,133.9,131.21,131.59,4165744
2025-11-28,TSLA,Consumer Discretionary,132.5,132.85,132.05,132.73,23372918
2025-12-01,TSLA,Consumer Discretionary,137.71,139.72,135.82,137.39,64622785
2025-12-02,TSLA,Consumer Discretionary,144.85,144.96,140.23,141.85,55055902
2025-12-03,TSLA,Consumer Discretionary,139.17,140.38,132.52,137.81,38715118
2025-12-04,TSLA,Consumer Discretionary,144.81,147.95,141.42,144.42,16396040
2025-12-05,TSLA,Consumer Discretionary,154.83,158.05,148.56,154.83,64367273
2025-12-08,TSLA,Consumer Discretionary,157.6,160.45,152.71,158.21,64818189
2025-12-09,TSLA,Consumer Discretionary,165.06,167.01,164.34,166.54,61475319
2025-12-10,TSLA,Consumer Discretionary,170.1,173.2,166.16,171.72,70440177
2025-12-11,TSLA,Consumer Discretionary,169.83,171.55,166.45,170.44,55619866
2025-12-12,TSLA,Consumer Discretionary,166.37,167.02,166.23,166.57,74171098
2025-12-15,TSLA,Consumer Discretionary,157.77,158.98,154.95,157.26,73887656
2025-12-16,TSLA,Consumer Discretionary,152.73,158.23,151.95,154.9,56765876
2025-12-17,TSLA,Consumer Discretionary,155.33,156.56,151.65,153.71,44834942
2025-12-18,TSLA,Consumer Discretionary,150.27,154.77,149.08,152.64,34555291
2025-12-19,TSLA,Consumer Discretionary,154.69,157.27,149.28,152.12,53900997
2025-12-22,TSLA,Consumer Discretionary,140.38,142.72,138.05,140.0,58511351
2025-12-23,TSLA,Consumer Discretionary,144.75,148.17,142.67,143.89,49365383
2025-12-24,TSLA,Consumer Discretionary,148.99,150.94,148.09,148.48,60556034
2025-12-25,TSLA,Consumer Discretionary,149.98,153.25,146.81,150.49,71940641
2025-12-26,TSLA,Consumer Discretionary,145.42,146.58,142.55,144.42,14042469
2025-12-29,TSLA,Consumer Discretionary,145.14,148.5,145.02,146.36,72667468
2025-12-30,TSLA,Consumer Discretionary,145.6,148.01,144.14,146.56,34191844
2025-12-31,TSLA,Consumer Discretionary,148.9,150.46,145.69,149.07,48350001
2024-01-26,UNH,Healthcare,482.39,485.31,478.49,480.0,41751959
2024-01-29,UNH,Healthcare,482.66,484.89,474.39,474.69,49486531
2024-01-30,UNH,Healthcare,467.79,469.8,465.11,469.06,39642674
2024-01-31,UNH,Healthcare,461.63,463.42,460.75,463.21,21026000
2024-02-01,UNH,Healthcare,464.89,469.98,461.44,466.09,24056277
2024-02-02,UNH,Healthcare,471.37,475.58,465.03,469.36,62198845
2024-02-05,UNH,Healthcare,459.78,464.19,459.06,462.12,48961963
2024-02-06,UNH,Healthcare,463.88,471.4,461.65,466.33,46032610
2024-02-07,UNH,Healthcare,487.9,490.91,483.35,483.64,29549127
2024-02-08,UNH,Healthcare,480.31,485.91,475.99,480.35,40386030
2024-02-09,UNH,Healthcare,473.58,474.23,471.09,471.63,55872731
2024-02-12,UNH,Healthcare,472.43,472.9,469.9,472.15,32557996
2024-02-13,UNH,Healthcare,460.38,464.54,456.93,462.49,65400731
2024-02-14,UNH,Healthcare,458.24,461.92,457.36,460.82,59630685
2024-02-15,UNH,Healthcare,457.73,457.76,455.41,457.46,18577861
2024-02-16,UNH,Healthcare,463.92,464.9,461.28,462.33,31648230
2024-02-19,UNH,Healthcare,449.98,452.41,447.33,450.28,23530252
2024-02-20,UNH,Healthcare,438.48,443.4,437.95,439.74,52445049
2024-02-21,UNH,Healthcare,441.82,444.13,440.93,442.37,72377142
2024-02-22,UNH,Healthcare,448.49,450.45,445.24,446.09,39870512
2024-02-23,UNH,Healthcare,430.09,434.6,428.62,431.85,26679799
2024-02-26,UNH,Healthcare,440.61,442.09,440.54,441.82,31353110
2024-02-27,UNH,Healthcare,448.74,449.25,447.16,447.74,29612047
2024-02-28,UNH,Healthcare,444.73,446.16,439.07,443.35,36895365
2024-02-29,UNH,Healthcare,443.92,445.69,441.76,444.11,52939230
2024-03-01,UNH,Healthcare,434.54,436.27,430.93,431.1,32624965
2024-03-04,UNH,Healthcare,435.51,439.65,431.88,435.77,28568920
2024-03-05,UNH,Healthcare,429.93,432.51,428.88,430.36,65367443
2024-03-06,UNH,Healthcare,427.6,429.24,423.35,428.18,24596040
2024-03-07,UNH,Healthcare,429.38,433.68,427.02,427.59,35759624
2024-03-08,UNH,Healthcare,436.43,443.23,434.86,435.45,25385581
2024-03-11,UNH,Healthcare,440.19,445.98,436.97,438.63,39474746
2024-03-12,UNH,Healthcare,434.88,437.36,432.52,436.38,39705746
2024-03-13,UNH,Healthcare,430.83,435.08,430.18,432.64,44148964
2024-03-14,UNH,Healthcare,432.48,440.86,430.13,434.22,25921627
2024-03-15,UNH,Healthcare,432.59,435.97,432.29,433.78,52396538
2024-03-18,UNH,Healthcare,434.42,436.6,430.0,432.33,40874735
2024-03-19,UNH,Healthcare,435.53,439.67,428.99,432.48,26086543
2024-03-20,UNH,Healthcare,431.42,432.49,430.36,430.85,71286038
2024-03-21,UNH,Healthcare,420.28,424.99,419.38,420.85,37665629
2024-03-22,UNH,Healthcare,421.65,423.88,420.51,420.6,46164958
2024-03-25,UNH,Healthcare,420.85,425.37,419.64,420.58,30418319
2024-03-26,UNH,Healthcare,423.2,425.56,420.54,421.53,37671948
2024-03-27,UNH,Healthcare,415.11,421.37,412.04,415.3,54368785
2024-03-28,UNH,Healthcare,411.41,413.12,409.79,410.43,48225679
2024-03-29,UNH,Healthcare,421.01,421.25,419.63,420.64,43882233
2024-04-01,UNH,Healthcare,415.09,417.83,410.07,416.08,59094877
2024-04-02,UNH,Healthcare,416.89,422.05,415.87,419.37,47617579
2024-04-03,UNH,Healthcare,418.35,419.09,414.37,414.47,42730591
2024-04-04,UNH,Healthcare,405.71,411.61,402.38,402.83,47657255
2024-04-05,UNH,Healthcare,402.17,402.53,397.64,402.31,27072955
2024-04-08,UNH,Healthcare,401.85,406.89,398.95,406.11,43131444
2024-04-09,UNH,Healthcare,405.11,406.93,403.92,404.19,47846981
2024-04-10,UNH,Healthcare,393.15,397.77,391.93,392.2,18003117
2024-04-11,UNH,Healthcare,379.1,380.29,376.75,379.17,43475092
2024-04-12,UNH,Healthcare,386.65,387.1,383.4,385.83,17659100
2024-04-15,UNH,Healthcare,384.3,388.83,383.3,385.85,9970578
2024-04-16,UNH,Healthcare,392.02,394.55,387.81,389.47,41372419
2024-04-17,UNH,Healthcare,393.85,396.83,387.3,390.93,49798074
2024-04-18,UNH,Healthcare,384.51,385.43,381.37,384.29,47086380
2024-04-19,UNH,Healthcare,383.93,384.74,381.51,382.92,35392912
2024-04-22,UNH,Healthcare,374.74,376.72,370.92,373.28,36676874
2024-04-23,UNH,Healthcare,380.09,382.73,376.29,378.68,17024643
2024-04-24,UNH,Healthcare,380.17,383.82,374.22,380.59,45185736
2024-04-25,UNH,Healthcare,384.62,388.15,383.43,384.93,46242260
2024-04-26,UNH,Healthcare,391.83,392.95,390.9,392.48,31886873
2024-04-29,UNH,Healthcare,389.45,391.96,387.69,390.49,25789501
2024-04-30,UNH,Healthcare,385.6,387.74,383.12,386.26,50786484
2024-05-01,UNH,Healthcare,387.89,387.89,385.59,385.75,30341312
2024-05-02,UNH,Healthcare,395.08,399.2,392.8,393.19,32739897
2024-05-03,UNH,Healthcare,384.65,384.94,382.9,384.06,46653953
2024-05-06,UNH,Healthcare,385.9,387.72,378.42,384.28,18561571
2024-05-07,UNH,Healthcare,387.53,389.57,382.31,389.03,32163172
2024-05-08,UNH,Healthcare,389.05,392.22,388.47,390.93,49374127
2024-05-09,UNH,Healthcare,397.2,399.37,391.6,397.33,100000
2024-05-10,UNH,Healthcare,391.47,393.66,386.55,388.29,66295179
2024-05-13,UNH,Healthcare,392.29,397.11,387.39,394.73,23987120
2024-05-14,UNH,Healthcare,389.12,392.9,389.09,391.14,28471245
2024-05-15,UNH,Healthcare,375.48,380.0,375.37,378.95,45781124
2024-05-16,UNH,Healthcare,377.49,379.65,377.03,377.2,54241805
2024-05-17,UNH,Healthcare,371.25,374.16,368.19,372.55,59051776
2024-05-20,UNH,Healthcare,372.7,374.69,369.57,371.74,58664836
2024-05-21,UNH,Healthcare,365.44,365.58,358.26,363.36,46481601
2024-05-22,UNH,Healthcare,360.98,363.39,360.97,362.79,41260178
2024-05-23,UNH,Healthcare,361.78,363.86,356.89,359.76,48491997
2024-05-24,UNH,Healthcare,369.74,375.98,367.65,370.59,32684530
2024-05-27,UNH,Healthcare,373.68,375.32,370.24,371.65,38335595
2024-05-28,UNH,Healthcare,373.73,378.45,370.08,373.03,100000
2024-05-29,UNH,Healthcare,371.11,375.41,370.0,371.85,39010196
2024-05-30,UNH,Healthcare,376.87,385.22,376.4,378.91,69295133
2024-05-31,UNH,Healthcare,381.17,383.97,377.73,381.77,13415921
2024-06-03,UNH,Healthcare,389.74,393.53,387.85,390.54,63906532
2024-06-04,UNH,Healthcare,397.22,399.1,396.72,396.82,23080566
2024-06-05,UNH,Healthcare,395.84,398.82,393.89,394.64,46905260
2024-06-06,UNH,Healthcare,396.85,400.76,393.64,399.07,45720263
2024-06-07,UNH,Healthcare,400.78,408.01,398.51,404.05,45484793
2024-06-10,UNH,Healthcare,411.64,414.31,405.46,409.88,41692168
2024-06-11,UNH,Healthcare,412.56,416.12,411.33,412.46,60347651
2024-06-12,UNH,Healthcare,405.25,405.43,403.79,404.26,61405658
2024-06-13,UNH,Healthcare,401.84,406.39,400.32,404.2,28239923
2024-06-14,UNH,Healthcare,406.84,409.0,404.06,404.98,33195527
2024-06-17,UNH,Healthcare,401.22,406.68,400.92,405.52,13275152
2024-06-18,UNH,Healthcare,411.31,417.08,409.51,412.61,59504875
2024-06-19,UNH,Healthcare,410.3,412.74,407.47,408.74,47715505
2024-06-20,UNH,Healthcare,409.67,410.14,407.32,409.69,56526141
2024-06-21,UNH,Healthcare,408.65,412.83,408.19,409.37,36975517
2024-06-24,UNH,Healthcare,414.21,416.28,408.93,413.68,30644789
2024-06-25,UNH,Healthcare,423.18,428.22,422.65,425.03,32859926
2024-06-26,UNH,Healthcare,430.15,431.68,429.07,429.11,65477291
2024-06-27,UNH,Healthcare,436.29,437.35,432.33,432.81,31372072
2024-06-28,UNH,Healthcare,422.61,428.95,416.47,426.3,33833197
2024-07-01,UNH,Healthcare,415.02,417.23,414.81,416.55,24132171
2024-07-02,UNH,Healthcare,417.4,420.81,417.08,418.26,57856353
2024-07-03,UNH,Healthcare,417.89,420.62,415.76,417.2,43531151
2024-07-04,UNH,Healthcare,418.08,423.36,415.09,420.2,47279239
2024-07-05,UNH,Healthcare,415.76,419.4,413.53,416.45,5603267
2024-07-08,UNH,Healthcare,425.08,429.53,424.99,425.33,20816221
2024-07-09,UNH,Healthcare,414.76,420.81,412.75,417.81,61660749
2024-07-10,UNH,Healthcare,417.92,419.85,413.78,416.7,27098670
2024-07-11,UNH,Healthcare,411.66,416.52,409.77,414.36,56000210
2024-07-12,UNH,Healthcare,420.55,426.02,416.62,421.3,25083722
2024-07-15,UNH,Healthcare,417.51,420.62,412.65,419.95,51203663
2024-07-16,UNH,Healthcare,414.31,418.16,413.07,416.43,45504800
2024-07-17,UNH,Healthcare,419.99,421.17,413.19,417.04,69540030
2024-07-18,UNH,Healthcare,411.57,413.15,410.68,412.22,40925046
2024-07-19,UNH,Healthcare,411.53,414.38,407.71,412.2,32555213
2024-07-22,UNH,Healthcare,412.12,414.27,406.09,411.51,21980601
2024-07-23,UNH,Healthcare,428.19,435.29,425.34,429.45,15253751
2024-07-24,UNH,Healthcare,425.59,427.17,424.39,426.59,35863586
2024-07-25,UNH,Healthcare,427.04,427.33,423.49,426.13,16412294
2024-07-26,UNH,Healthcare,428.77,433.0,421.14,427.64,53161557
2024-07-29,UNH,Healthcare,432.33,433.53,428.73,429.51,41605034
2024-07-30,UNH,Healthcare,436.14,437.94,434.78,436.35,37982383
2024-07-31,UNH,Healthcare,446.66,450.32,444.09,449.04,40522122
2024-08-01,UNH,Healthcare,444.77,446.33,441.72,443.77,37059364
2024-08-02,UNH,Healthcare,447.79,449.1,441.53,446.81,47482557
2024-08-05,UNH,Healthcare,446.43,449.14,445.76,445.83,17577267
2024-08-06,UNH,Healthcare,447.98,450.55,446.7,448.16,37992165
2024-08-07,UNH,Healthcare,452.34,458.55,451.04,455.75,16708289
2024-08-08,UNH,Healthcare,466.33,467.11,463.11,467.0,48662542
2024-08-09,UNH,Healthcare,475.3,476.17,470.85,473.25,31447317
2024-08-12,UNH,Healthcare,473.62,477.31,471.65,475.62,34526335
2024-08-13,UNH,Healthcare,483.12,487.88,481.17,483.07,29215879
2024-08-14,UNH,Healthcare,477.43,482.16,475.35,477.11,17646106
2024-08-15,UNH,Healthcare,470.1,474.85,466.04,472.04,57658644
2024-08-16,UNH,Healthcare,472.03,475.2,471.91,473.36,41095762
2024-08-19,UNH,Healthcare,479.67,482.48,475.49,481.76,57883472
2024-08-20,UNH,Healthcare,475.95,484.85,474.71,479.75,22711583
2024-08-21,UNH,Healthcare,477.43,478.69,475.5,478.51,36950162
2024-08-22,UNH,Healthcare,468.13,468.13,461.09,464.41,43953681
2024-08-23,UNH,Healthcare,485.79,488.88,481.05,481.18,48863551
2024-08-26,UNH,Healthcare,479.09,480.43,475.34,479.65,28719556
2024-08-27,UNH,Healthcare,464.32,467.68,458.25,460.06,38735439
2024-08-28,UNH,Healthcare,461.21,462.4,459.91,461.33,46292037
2024-08-29,UNH,Healthcare,467.12,470.67,463.99,464.73,48618428
2024-08-30,UNH,Healthcare,460.87,465.26,457.62,463.26,39407900
2024-09-02,UNH,Healthcare,455.29,461.23,454.24,457.06,15819226
2024-09-03,UNH,Healthcare,466.1,467.66,460.6,463.34,33151709
2024-09-04,UNH,Healthcare,466.38,472.21,466.14,468.91,66498276
2024-09-05,UNH,Healthcare,471.74,474.0,468.9,472.73,54231040
2024-09-06,UNH,Healthcare,467.77,477.13,466.66,467.44,22254805
2024-09-09,UNH,Healthcare,461.21,464.07,457.01,463.3,37437095
2024-09-10,UNH,Healthcare,464.24,465.45,458.0,460.99,45476128
2024-09-11,UNH,Healthcare,459.03,461.11,456.69,458.25,32259570
2024-09-12,UNH,Healthcare,463.4,468.8,458.4,462.68,11605633
2024-09-13,UNH,Healthcare,459.52,462.91,459.37,460.06,23658394
2024-09-16,UNH,Healthcare,453.79,458.51,451.92,453.63,35716286
2024-09-17,UNH,Healthcare,456.47,457.8,455.9,456.63,32462174
2024-09-18,UNH,Healthcare,475.24,477.51,468.0,473.04,36821757
2024-09-19,UNH,Healthcare,465.31,471.14,463.82,467.58,34172247
2024-09-20,UNH,Healthcare,462.44,464.59,461.41,462.73,49557628
2024-09-23,UNH,Healthcare,466.52,467.03,458.0,462.01,32985938
2024-09-24,UNH,Healthcare,469.16,471.33,463.22,467.38,29510741
2024-09-25,UNH,Healthcare,470.34,474.53,469.73,471.47,38941441
2024-09-26,UNH,Healthcare,472.44,473.7,469.19,470.76,33148859
2024-09-27,UNH,Healthcare,465.43,469.34,460.91,467.81,65114869
2024-09-30,UNH,Healthcare,482.98,485.28,481.58,482.67,5700494
2024-10-01,UNH,Healthcare,494.25,498.22,490.77,491.08,44527075
2024-10-02,UNH,Healthcare,501.12,507.61,496.02,504.0,37791390
2024-10-03,UNH,Healthcare,511.88,513.06,508.39,509.45,53769612
2024-10-04,UNH,Healthcare,505.16,514.51,501.65,508.88,47252443
2024-10-07,UNH,Healthcare,514.19,517.18,511.16,512.06,60069554
2024-10-08,UNH,Healthcare,525.0,527.53,520.84,526.07,2326055
2024-10-09,UNH,Healthcare,531.32,533.63,524.84,530.27,43999437
2024-10-10,UNH,Healthcare,514.9,517.98,514.61,516.75,26784251
2024-10-11,UNH,Healthcare,530.39,531.73,526.9,527.76,58468366
2024-10-14,UNH,Healthcare,537.53,539.78,535.93,539.75,36233918
2024-10-15,UNH,Healthcare,555.25,556.77,548.88,549.92,47395343
2024-10-16,UNH,Healthcare,540.03,545.95,531.56,538.99,19522767
2024-10-17,UNH,Healthcare,546.49,548.52,541.68,542.27,35767071
2024-10-18,UNH,Healthcare,557.21,559.23,550.69,550.75,32546233
2024-10-21,UNH,Healthcare,549.41,551.2,546.34,551.03,49575909
2024-10-22,UNH,Healthcare,552.72,557.68,549.46,554.33,39272059
2024-10-23,UNH,Healthcare,560.6,562.72,554.23,559.14,64322580
2024-10-24,UNH,Healthcare,551.73,554.67,549.33,552.36,5152799
2024-10-25,UNH,Healthcare,554.76,559.21,554.55,556.41,49706525
2024-10-28,UNH,Healthcare,548.56,552.61,547.96,548.33,60010838
2024-10-29,UNH,Healthcare,545.22,548.06,543.28,547.64,45496697
2024-10-30,UNH,Healthcare,542.37,543.8,540.08,543.05,33590895
2024-10-31,UNH,Healthcare,550.3,557.0,542.7,550.33,40878172
2024-11-01,UNH,Healthcare,549.07,556.64,547.83,556.0,47646959
2024-11-04,UNH,Healthcare,559.19,566.16,556.34,560.88,18851000
2024-11-05,UNH,Healthcare,562.69,568.57,560.33,563.41,39307710
2024-11-06,UNH,Healthcare,570.83,572.68,563.42,567.24,27293475
2024-11-07,UNH,Healthcare,576.9,588.8,575.38,584.49,47121685
2024-11-08,UNH,Healthcare,593.33,599.89,589.23,596.26,43458195
2024-11-11,UNH,Healthcare,587.51,588.6,582.19,587.82,50193187
2024-11-12,UNH,Healthcare,582.03,588.19,579.97,583.27,27097677
2024-11-13,UNH,Healthcare,578.51,586.2,575.48,581.61,45455344
2024-11-14,UNH,Healthcare,576.42,585.87,572.86,579.65,35790891
2024-11-15,UNH,Healthcare,571.29,572.89,569.65,572.62,71053087
2024-11-18,UNH,Healthcare,576.81,581.52,571.31,577.81,32072464
2024-11-19,UNH,Healthcare,579.48,581.83,577.24,577.44,26410432
2024-11-20,UNH,Healthcare,579.36,583.55,579.27,579.48,50881336
2024-11-21,UNH,Healthcare,569.15,572.86,563.93,564.78,32692735
2024-11-22,UNH,Healthcare,552.29,557.33,548.54,551.61,16331795
2024-11-25,UNH,Healthcare,543.74,549.45,538.29,547.28,44921493
2024-11-26,UNH,Healthcare,552.59,557.05,551.15,552.42,46743386
2024-11-27,UNH,Healthcare,555.35,558.66,550.98,556.54,31623526
2024-11-28,UNH,Healthcare,564.38,566.27,564.26,565.1,34931864
2024-11-29,UNH,Healthcare,557.02,560.65,555.35,559.31,45008344
2024-12-02,UNH,Healthcare,560.35,566.36,557.84,565.22,48733193
2024-12-03,UNH,Healthcare,577.83,581.52,573.42,578.34,38798693
2024-12-04,UNH,Healthcare,586.03,590.19,578.92,586.54,25217107
2024-12-05,UNH,Healthcare,579.85,588.31,572.52,575.33,30232493
2024-12-06,UNH,Healthcare,585.72,590.68,584.02,585.05,60157238
2024-12-09,UNH,Healthcare,586.77,589.34,584.0,588.07,33889532
2024-12-10,UNH,Healthcare,593.83,598.04,589.15,592.23,17917209
2024-12-11,UNH,Healthcare,613.62,615.6,612.72,614.57,41161600
2024-12-12,UNH,Healthcare,617.83,619.78,616.29,617.01,23494324
2024-12-13,UNH,Healthcare,621.68,628.72,621.24,623.02,37340680
2024-12-16,UNH,Healthcare,621.49,630.75,620.57,624.06,44065779
2024-12-17,UNH,Healthcare,620.17,623.5,618.96,621.95,35391886
2024-12-18,UNH,Healthcare,625.53,628.56,623.58,625.53,21375956
2024-12-19,UNH,Healthcare,617.32,626.96,613.88,621.59,49241580
2024-12-20,UNH,Healthcare,621.9,628.1,620.84,623.12,38740546
2024-12-23,UNH,Healthcare,617.31,625.94,610.9,620.47,49263916
2024-12-24,UNH,Healthcare,598.03,602.41,596.61,601.29,48314178
2024-12-25,UNH,Healthcare,597.93,598.76,596.56,597.02,38502510
2024-12-26,UNH,Healthcare,604.07,609.31,602.53,605.74,38831717
2024-12-27,UNH,Healthcare,606.74,611.63,604.52,610.63,33365034
2024-12-30,UNH,Healthcare,606.35,609.1,599.05,608.65,49613839
2024-12-31,UNH,Healthcare,609.61,611.43,603.95,609.72,46119489
2025-01-01,UNH,Healthcare,600.8,607.24,599.04,602.52,61560671
2025-01-02,UNH,Healthcare,596.74,600.6,594.72,596.37,33727620
2025-01-03,UNH,Healthcare,597.1,600.09,589.19,596.6,38635266
2025-01-06,UNH,Healthcare,594.9,596.29,590.95,594.83,58571021
2025-01-07,UNH,Healthcare,585.55,592.68,584.97,588.27,22116957
2025-01-08,UNH,Healthcare,591.97,592.79,576.48,587.84,42851828
2025-01-09,UNH,Healthcare,579.63,581.09,573.48,578.19,38601038
2025-01-10,UNH,Healthcare,590.71,595.46,586.94,592.0,42239098
2025-01-13,UNH,Healthcare,602.55,604.22,593.89,600.11,48676383
2025-01-14,UNH,Healthcare,582.74,587.62,577.42,580.73,39255702
2025-01-15,UNH,Healthcare,589.69,591.56,586.24,588.19,39712330
2025-01-16,UNH,Healthcare,582.83,587.73,578.46,585.06,26082123
2025-01-17,UNH,Healthcare,577.37,581.62,577.26,580.42,21663867
2025-01-20,UNH,Healthcare,585.76,590.01,583.51,587.13,75442100
2025-01-21,UNH,Healthcare,585.24,589.13,578.14,586.03,52499947
2025-01-22,UNH,Healthcare,584.69,587.61,578.62,582.79,51490987
2025-01-23,UNH,Healthcare,571.71,577.6,571.27,571.33,64297878
2025-01-24,UNH,Healthcare,579.91,581.22,578.54,579.34,37816842
2025-01-27,UNH,Healthcare,586.38,588.65,581.31,588.5,58684332
2025-01-28,UNH,Healthcare,588.08,594.6,585.4,590.09,48926738
2025-01-29,UNH,Healthcare,581.05,584.3,578.52,579.93,51724287
2025-01-30,UNH,Healthcare,579.55,586.36,578.49,582.72,28982083
2025-01-31,UNH,Healthcare,590.66,593.33,587.62,588.48,44647753
2025-02-03,UNH,Healthcare,587.13,589.25,584.73,588.4,39788326
2025-02-04,UNH,Healthcare,593.76,597.15,591.1,596.35,24115057
2025-02-05,UNH,Healthcare,596.71,599.88,589.28,598.02,66059184
2025-02-06,UNH,Healthcare,603.74,609.31,593.33,600.92,40464267
2025-02-07,UNH,Healthcare,611.33,617.97,609.88,614.42,41778539
2025-02-10,UNH,Healthcare,608.49,615.91,605.74,610.06,48503801
2025-02-11,UNH,Healthcare,599.09,602.75,591.28,595.87,36340047
2025-02-12,UNH,Healthcare,595.42,595.98,587.83,594.53,53468444
2025-02-13,UNH,Healthcare,584.82,593.08,583.23,589.66,12664913
2025-02-14,UNH,Healthcare,574.39,578.09,573.19,577.24,36346431
2025-02-17,UNH,Healthcare,580.39,582.95,579.25,582.79,17047389
2025-02-18,UNH,Healthcare,582.42,587.3,579.29,582.95,34561288
2025-02-19,UNH,Healthcare,573.62,576.95,566.74,567.19,48171776
2025-02-20,UNH,Healthcare,575.04,583.85,572.21,580.49,41306917
2025-02-21,UNH,Healthcare,572.43,576.46,571.81,574.31,41126091
2025-02-24,UNH,Healthcare,569.1,569.17,563.55,569.17,72737892
2025-02-25,UNH,Healthcare,577.96,579.48,576.18,577.36,27795920
2025-02-26,UNH,Healthcare,581.62,582.63,576.68,581.22,69171472
2025-02-27,UNH,Healthcare,594.83,601.13,589.27,590.9,44756324
2025-02-28,UNH,Healthcare,570.71,571.89,563.36,571.74,52863808
2025-03-03,UNH,Healthcare,564.64,574.82,561.2,569.44,38681960
2025-03-04,UNH,Healthcare,566.57,574.37,562.67,570.74,38474135
2025-03-05,UNH,Healthcare,583.17,587.5,581.85,582.04,38144644
2025-03-06,UNH,Healthcare,572.77,575.0,566.26,574.82,46197174
2025-03-07,UNH,Healthcare,571.01,572.93,568.1,572.04,46105007
2025-03-10,UNH,Healthcare,572.59,577.25,568.02,573.41,21264368
2025-03-11,UNH,Healthcare,581.75,587.33,576.92,580.11,54214895
2025-03-12,UNH,Healthcare,565.71,572.16,564.46,570.62,49903887
2025-03-13,UNH,Healthcare,578.67,582.01,576.97,577.72,63382777
2025-03-14,UNH,Healthcare,569.91,573.87,565.97,572.76,26161542
2025-03-17,UNH,Healthcare,572.47,580.52,571.11,576.14,22182749
2025-03-18,UNH,Healthcare,574.28,579.36,574.11,574.63,29146363
2025-03-19,UNH,Healthcare,577.48,577.72,575.59,577.16,62744967
2025-03-20,UNH,Healthcare,580.19,587.27,577.57,579.15,29293284
2025-03-21,UNH,Healthcare,596.48,596.93,586.67,590.4,72621256
2025-03-24,UNH,Healthcare,586.54,591.2,584.6,588.48,42356711
2025-03-25,UNH,Healthcare,588.42,597.77,582.71,585.97,32276095
2025-03-26,UNH,Healthcare,594.41,601.65,593.65,595.52,46324626
2025-03-27,UNH,Healthcare,608.06,610.98,602.15,608.19,5355653
2025-03-28,UNH,Healthcare,607.69,613.33,602.92,604.74,30554394
2025-03-31,UNH,Healthcare,608.02,619.85,604.71,611.18,61322181
2025-04-01,UNH,Healthcare,604.58,612.0,602.37,603.52,17515346
2025-04-02,UNH,Healthcare,610.01,615.45,600.21,610.01,48872907
2025-04-03,UNH,Healthcare,620.76,623.66,616.02,618.59,38198415
2025-04-04,UNH,Healthcare,616.51,623.7,611.93,616.21,29836413
2025-04-07,UNH,Healthcare,625.62,629.18,620.14,626.64,2136757
2025-04-08,UNH,Healthcare,619.21,628.46,619.18,624.34,51761019
2025-04-09,UNH,Healthcare,623.1,625.11,617.07,624.74,61813918
2025-04-10,UNH,Healthcare,631.24,632.01,626.62,628.57,45244419
2025-04-11,UNH,Healthcare,619.23,621.2,615.06,619.69,21888055
2025-04-14,UNH,Healthcare,611.29,612.3,602.44,607.23,32402667
2025-04-15,UNH,Healthcare,607.54,612.05,605.38,609.94,31166492
2025-04-16,UNH,Healthcare,602.49,603.56,599.72,603.32,36615564
2025-04-17,UNH,Healthcare,593.31,593.33,590.52,592.44,40703369
2025-04-18,UNH,Healthcare,597.69,602.74,596.94,599.43,57898299
2025-04-21,UNH,Healthcare,612.6,615.81,611.66,613.24,32179939
2025-04-22,UNH,Healthcare,619.42,626.67,618.52,621.29,43354045
2025-04-23,UNH,Healthcare,607.45,613.63,603.99,610.42,20611784
2025-04-24,UNH,Healthcare,609.58,612.94,604.68,612.22,38121153
2025-04-25,UNH,Healthcare,607.61,612.94,606.24,609.54,31076350
2025-04-28,UNH,Healthcare,600.64,606.6,597.32,601.91,61998272
2025-04-29,UNH,Healthcare,601.9,606.95,599.9,602.84,41013143
2025-04-30,UNH,Healthcare,605.8,608.7,602.16,602.4,57710153
2025-05-01,UNH,Healthcare,595.37,601.36,594.27,600.46,44564644
2025-05-02,UNH,Healthcare,605.1,613.24,604.5,609.52,55675355
2025-05-05,UNH,Healthcare,626.93,629.43,616.69,621.57,51483794
2025-05-06,UNH,Healthcare,626.0,630.16,615.95,618.73,80154243
2025-05-07,UNH,Healthcare,619.14,622.08,610.07,617.23,27854272
2025-05-08,UNH,Healthcare,613.39,617.79,613.29,615.11,40567848
2025-05-09,UNH,Healthcare,620.13,624.28,611.38,620.02,44037197
2025-05-12,UNH,Healthcare,622.46,626.09,619.64,623.28,3084246
2025-05-13,UNH,Healthcare,614.59,621.59,611.53,616.81,37366477
2025-05-14,UNH,Healthcare,611.88,618.82,607.07,615.79,54545614
2025-05-15,UNH,Healthcare,599.5,605.25,593.55,602.13,23098531
2025-05-16,UNH,Healthcare,589.36,595.65,587.04,588.1,48251276
2025-05-19,UNH,Healthcare,577.76,579.66,573.51,577.84,28554989
2025-05-20,UNH,Healthcare,577.07,579.48,575.06,575.82,53324199
2025-05-21,UNH,Healthcare,576.92,582.88,570.61,581.26,58039737
2025-05-22,UNH,Healthcare,576.23,576.77,571.02,574.59,46064470
2025-05-23,UNH,Healthcare,569.74,577.09,566.78,573.66,50697806
2025-05-26,UNH,Healthcare,571.51,581.22,570.57,575.7,24499334
2025-05-27,UNH,Healthcare,587.3,590.31,587.28,589.12,58525809
2025-05-28,UNH,Healthcare,589.96,597.65,585.42,589.77,78701999
2025-05-29,UNH,Healthcare,591.18,594.56,589.73,590.82,25967285
2025-05-30,UNH,Healthcare,584.35,586.07,582.74,585.62,66940638
2025-06-02,UNH,Healthcare,600.24,605.72,597.33,601.91,53113167
2025-06-03,UNH,Healthcare,609.06,611.26,602.04,608.98,57160196
2025-06-04,UNH,Healthcare,601.34,602.92,598.78,599.0,36871735
2025-06-05,UNH,Healthcare,617.11,620.95,610.34,612.62,30002624
2025-06-06,UNH,Healthcare,620.24,620.45,618.63,619.37,27705475
2025-06-09,UNH,Healthcare,625.87,627.57,617.28,621.71,84050667
2025-06-10,UNH,Healthcare,625.57,629.33,625.08,628.04,68516363
2025-06-11,UNH,Healthcare,638.11,639.87,637.24,638.91,38641803
2025-06-12,UNH,Healthcare,634.02,634.37,630.04,631.87,43043221
2025-06-13,UNH,Healthcare,626.64,629.36,624.55,628.35,47777633
2025-06-16,UNH,Healthcare,631.68,638.72,626.19,628.16,41939668
2025-06-17,UNH,Healthcare,616.11,620.74,614.02,616.65,50952202
2025-06-18,UNH,Healthcare,620.54,624.96,618.78,623.56,18905237
2025-06-19,UNH,Healthcare,621.05,625.42,620.46,621.15,43821439
2025-06-20,UNH,Healthcare,618.82,620.46,612.05,617.73,28714166
2025-06-23,UNH,Healthcare,609.85,614.34,609.37,611.94,55823028
2025-06-24,UNH,Healthcare,613.34,620.4,611.46,611.79,19275083
2025-06-25,UNH,Healthcare,614.33,614.59,611.42,613.39,49337002
2025-06-26,UNH,Healthcare,621.22,626.49,620.68,622.72,6671499
2025-06-27,UNH,Healthcare,632.69,634.23,629.19,632.46,12213097
2025-06-30,UNH,Healthcare,621.89,627.77,619.35,621.87,53795377
2025-07-01,UNH,Healthcare,627.3,633.55,625.71,626.34,45774984
2025-07-02,UNH,Healthcare,634.97,638.55,623.92,638.06,35365994
2025-07-03,UNH,Healthcare,634.86,641.46,632.56,636.11,36315534
2025-07-04,UNH,Healthcare,634.43,636.91,631.69,634.66,12121376
2025-07-07,UNH,Healthcare,634.28,634.33,626.13,631.05,1540639
2025-07-08,UNH,Healthcare,629.35,637.44,627.43,636.32,32270515
2025-07-09,UNH,Healthcare,640.92,644.69,636.68,639.24,41496646
2025-07-10,UNH,Healthcare,649.08,651.48,648.59,648.8,25692274
2025-07-11,UNH,Healthcare,645.61,649.9,643.82,647.9,29710567
2025-07-14,UNH,Healthcare,661.66,663.16,659.47,660.32,37961456
2025-07-15,UNH,Healthcare,667.67,671.55,665.61,666.42,23340147
2025-07-16,UNH,Healthcare,677.68,680.02,673.4,678.36,47028730
2025-07-17,UNH,Healthcare,674.22,677.16,668.48,672.48,42256131
2025-07-18,UNH,Healthcare,688.46,689.75,687.92,688.48,39873253
2025-07-21,UNH,Healthcare,682.52,687.46,678.99,682.93,37621743
2025-07-22,UNH,Healthcare,681.2,684.52,674.81,677.9,50336901
2025-07-23,UNH,Healthcare,669.77,676.76,667.8,674.08,45796168
2025-07-24,UNH,Healthcare,665.53,673.97,660.67,669.21,50210878
2025-07-25,UNH,Healthcare,684.76,695.87,684.46,688.4,67394645
2025-07-28,UNH,Healthcare,691.42,695.82,686.4,693.98,20057852
2025-07-29,UNH,Healthcare,697.13,701.4,692.86,699.33,47363525
2025-07-30,UNH,Healthcare,680.2,686.37,675.73,679.67,22353348
2025-07-31,UNH,Healthcare,695.37,695.91,691.07,692.97,24554475
2025-08-01,UNH,Healthcare,683.37,686.95,677.41,682.36,57492811
2025-08-04,UNH,Healthcare,687.21,688.37,680.52,682.17,35887372
2025-08-05,UNH,Healthcare,674.03,676.16,672.26,675.15,57312183
2025-08-06,UNH,Healthcare,677.83,683.53,676.11,677.76,61857781
2025-08-07,UNH,Healthcare,688.69,696.62,687.07,693.54,27665425
2025-08-08,UNH,Healthcare,684.95,691.36,682.33,683.73,36368980
2025-08-11,UNH,Healthcare,672.6,676.95,667.22,676.54,35704845
2025-08-12,UNH,Healthcare,677.95,687.75,672.31,678.14,22688522
2025-08-13,UNH,Healthcare,693.72,696.52,688.27,694.3,28945353
2025-08-14,UNH,Healthcare,682.27,694.53,677.16,690.07,45087496
2025-08-15,UNH,Healthcare,684.14,697.49,676.22,682.84,33589834
2025-08-18,UNH,Healthcare,676.74,690.2,676.24,684.71,38808820
2025-08-19,UNH,Healthcare,685.9,687.75,678.06,684.97,22039150
2025-08-20,UNH,Healthcare,676.94,683.13,670.71,674.62,43678240
2025-08-21,UNH,Healthcare,673.14,674.1,669.7,670.71,31068999
2025-08-22,UNH,Healthcare,656.91,657.29,649.57,651.09,44595168
2025-08-25,UNH,Healthcare,648.59,651.17,647.34,650.97,35281199
2025-08-26,UNH,Healthcare,639.89,643.41,634.36,638.98,47095904
2025-08-27,UNH,Healthcare,661.23,664.19,653.58,662.82,53548825
2025-08-28,UNH,Healthcare,670.09,672.94,666.96,668.52,18799656
2025-08-29,UNH,Healthcare,671.93,674.39,667.36,671.24,47058383
2025-09-01,UNH,Healthcare,681.78,687.89,674.2,676.73,39625398
2025-09-02,UNH,Healthcare,671.28,675.57,670.19,671.93,52784064
2025-09-03,UNH,Healthcare,676.18,679.49,662.65,670.68,32607750
2025-09-04,UNH,Healthcare,678.69,687.13,670.63,675.94,58065198
2025-09-05,UNH,Healthcare,663.69,669.52,658.41,666.23,30720956
2025-09-08,UNH,Healthcare,676.01,682.6,671.85,673.24,36473033
2025-09-09,UNH,Healthcare,691.37,695.17,690.53,694.7,19540954
2025-09-10,UNH,Healthcare,682.29,684.02,675.96,679.47,39896045
2025-09-11,UNH,Healthcare,686.0,688.89,683.67,685.09,49048738
2025-09-12,UNH,Healthcare,676.46,681.35,676.01,676.86,45455191
2025-09-15,UNH,Healthcare,688.29,693.05,683.8,684.06,32377011
2025-09-16,UNH,Healthcare,687.02,689.89,684.93,687.73,54650329
2025-09-17,UNH,Healthcare,711.25,713.01,705.13,707.3,34156364
2025-09-18,UNH,Healthcare,719.24,730.78,719.09,725.55,45365436
2025-09-19,UNH,Healthcare,711.55,714.89,707.89,709.98,36271426
2025-09-22,UNH,Healthcare,717.09,721.28,711.46,718.32,23939218
2025-09-23,UNH,Healthcare,725.59,732.52,717.31,726.56,19114760
2025-09-24,UNH,Healthcare,738.91,742.52,736.02,739.72,62307223
2025-09-25,UNH,Healthcare,745.5,746.56,744.04,745.16,37220072
2025-09-26,UNH,Healthcare,759.07,760.26,750.46,752.03,23997828
2025-09-29,UNH,Healthcare,741.96,744.89,735.65,740.59,48881126
2025-09-30,UNH,Healthcare,745.05,746.23,744.73,745.48,41551573
2025-10-01,UNH,Healthcare,747.5,752.31,739.9,743.26,68492932
2025-10-02,UNH,Healthcare,742.1,753.15,742.05,751.08,30626344
2025-10-03,UNH,Healthcare,747.08,757.95,745.69,750.22,52580858
2025-10-06,UNH,Healthcare,758.09,761.51,754.46,755.46,59078845
2025-10-07,UNH,Healthcare,757.43,763.37,756.13,762.65,40189499
2025-10-08,UNH,Healthcare,773.07,780.01,765.47,770.12,49609414
2025-10-09,UNH,Healthcare,755.9,765.44,753.86,761.73,50448741
2025-10-10,UNH,Healthcare,787.91,791.99,782.37,789.58,34238917
2025-10-13,UNH,Healthcare,792.93,797.21,791.76,792.8,24010542
2025-10-14,UNH,Healthcare,801.5,809.87,794.49,800.53,39732882
2025-10-15,UNH,Healthcare,795.62,805.46,792.27,801.46,34012909
2025-10-16,UNH,Healthcare,790.98,792.67,788.05,788.35,25619641
2025-10-17,UNH,Healthcare,800.28,801.74,790.51,797.82,26529174
2025-10-20,UNH,Healthcare,791.27,807.82,789.78,801.25,25248983
2025-10-21,UNH,Healthcare,809.11,818.93,804.12,812.15,30311816
2025-10-22,UNH,Healthcare,807.15,813.03,801.29,804.27,44239235
2025-10-23,UNH,Healthcare,804.44,808.15,794.66,800.48,37400813
2025-10-24,UNH,Healthcare,801.92,809.48,799.13,803.92,29505593
2025-10-27,UNH,Healthcare,808.44,809.7,794.52,804.72,27962909
2025-10-28,UNH,Healthcare,799.61,806.88,793.47,801.48,58547489
2025-10-29,UNH,Healthcare,800.56,807.88,791.71,804.93,40681705
2025-10-30,UNH,Healthcare,817.35,831.92,812.09,822.42,28430866
2025-10-31,UNH,Healthcare,830.28,833.28,824.81,828.29,30084430
2025-11-03,UNH,Healthcare,840.1,843.23,833.96,843.09,45605054
2025-11-04,UNH,Healthcare,844.51,847.32,837.95,841.19,13068052
2025-11-05,UNH,Healthcare,840.36,843.26,833.03,842.11,31900816
2025-11-06,UNH,Healthcare,836.65,850.5,833.34,845.41,9821293
2025-11-07,UNH,Healthcare,843.67,851.61,837.76,840.0,24736780
2025-11-10,UNH,Healthcare,849.12,850.53,840.98,843.4,47453754
2025-11-11,UNH,Healthcare,859.55,866.45,857.07,863.47,31714465
2025-11-12,UNH,Healthcare,885.95,892.09,884.93,886.3,44807738
2025-11-13,UNH,Healthcare,895.42,910.74,891.04,904.82,14053152
2025-11-14,UNH,Healthcare,900.99,913.81,896.86,909.21,48782308
2025-11-17,UNH,Healthcare,893.88,909.53,889.83,899.65,43405900
2025-11-18,UNH,Healthcare,933.98,942.9,932.22,932.92,45878039
2025-11-19,UNH,Healthcare,925.66,932.63,912.78,925.98,40505790
2025-11-20,UNH,Healthcare,941.39,949.4,940.55,947.41,41793322
2025-11-21,UNH,Healthcare,948.35,958.79,945.65,952.87,23485002
2025-11-24,UNH,Healthcare,947.1,948.3,930.85,938.36,29419148
2025-11-25,UNH,Healthcare,911.53,925.25,905.62,917.76,50414537
2025-11-26,UNH,Healthcare,939.48,946.51,935.79,937.15,45973647
2025-11-27,UNH,Healthcare,925.94,930.19,923.44,929.34,100000
2025-11-28,UNH,Healthcare,909.48,912.93,909.06,912.02,33707787
2025-12-01,UNH,Healthcare,911.0,914.87,901.93,908.6,56642185
2025-12-02,UNH,Healthcare,913.04,916.32,908.4,908.77,51907509
2025-12-03,UNH,Healthcare,914.26,917.17,911.47,914.08,35575242
2025-12-04,UNH,Healthcare,920.84,926.17,916.53,918.7,39010471
2025-12-05,UNH,Healthcare,907.38,915.66,906.67,908.86,40589198
2025-12-08,UNH,Healthcare,905.69,917.84,896.76,909.13,36487723
2025-12-09,UNH,Healthcare,934.08,944.45,932.55,932.8,17265768
2025-12-10,UNH,Healthcare,917.47,925.22,913.71,918.32,55728790
2025-12-11,UNH,Healthcare,925.79,929.39,914.74,925.06,14295836
2025-12-12,UNH,Healthcare,914.36,914.88,905.5,910.69,38638497
2025-12-15,UNH,Healthcare,912.2,919.51,894.45,905.31,29258123
2025-12-16,UNH,Healthcare,924.85,924.97,920.84,920.94,18065583
2025-12-17,UNH,Healthcare,890.1,900.38,881.27,893.1,22419160
2025-12-18,UNH,Healthcare,917.6,925.66,912.96,921.45,54353038
2025-12-19,UNH,Healthcare,900.14,911.56,897.52,903.82,46205442
2025-12-22,UNH,Healthcare,878.69,883.42,875.1,876.83,32999253
2025-12-23,UNH,Healthcare,878.79,879.47,873.38,877.32,41717974
2025-12-24,UNH,Healthcare,873.25,882.94,871.56,871.92,40189401
2025-12-25,UNH,Healthcare,865.73,870.66,855.12,864.06,35674318
2025-12-26,UNH,Healthcare,876.82,883.31,862.77,872.61,49385674
2025-12-29,UNH,Healthcare,852.27,863.11,850.23,860.73,15883757
2025-12-30,UNH,Healthcare,872.23,881.36,868.0,868.33,42025534
2025-12-31,UNH,Healthcare,885.19,891.17,873.53,879.34,28283314
2024-01-26,V,Financials,233.3,236.21,232.82,235.0,50341660
2024-01-29,V,Financials,237.81,239.2,236.58,239.05,21384986
2024-01-30,V,Financials,240.24,241.8,239.31,239.83,38527434
2024-01-31,V,Financials,237.25,238.4,236.24,238.39,53144427
2024-02-01,V,Financials,240.07,240.91,238.65,239.53,53200894
2024-02-02,V,Financials,244.42,244.66,243.01,243.59,58616938
2024-02-05,V,Financials,236.4,237.74,236.22,236.75,26357734
2024-02-06,V,Financials,238.87,239.03,236.32,237.26,21357820
2024-02-07,V,Financials,236.25,238.04,233.71,237.54,33099644
2024-02-08,V,Financials,244.08,244.26,241.0,242.6,34722971
2024-02-09,V,Financials,244.19,246.69,242.98,245.51,13885784
2024-02-12,V,Financials,249.99,250.29,247.46,248.42,44845487
2024-02-13,V,Financials,246.1,250.66,242.02,246.96,44377094
2024-02-14,V,Financials,248.75,252.07,246.67,249.37,65713865
2024-02-15,V,Financials,249.33,250.38,246.22,247.77,63608900
2024-02-16,V,Financials,247.95,248.86,246.87,247.48,19665587
2024-02-19,V,Financials,248.31,250.28,247.41,249.57,21508915
2024-02-20,V,Financials,249.77,250.2,248.66,249.96,51442367
2024-02-21,V,Financials,250.09,253.19,248.46,251.16,57524420
2024-02-22,V,Financials,255.27,256.1,254.95,255.87,44495184
2024-02-23,V,Financials,255.38,255.93,253.54,254.65,48382878
2024-02-26,V,Financials,249.72,251.43,248.93,251.05,25458615
2024-02-27,V,Financials,247.65,248.21,247.31,247.96,56996938
2024-02-28,V,Financials,245.48,245.95,243.44,244.14,43003708
2024-02-29,V,Financials,250.53,251.22,249.65,249.73,72960026
2024-03-01,V,Financials,251.53,254.16,249.62,252.11,53466160
2024-03-04,V,Financials,257.53,260.28,255.78,255.98,52035799
2024-03-05,V,Financials,259.54,260.09,259.07,259.27,25677310
2024-03-06,V,Financials,261.22,261.96,258.02,258.65,32193999
2024-03-07,V,Financials,262.11,266.01,259.99,264.64,57514634
2024-03-08,V,Financials,261.51,262.94,259.96,262.18,42985157
2024-03-11,V,Financials,268.86,271.17,268.4,269.67,33286608
2024-03-12,V,Financials,271.2,271.21,270.2,270.23,20311597
2024-03-13,V,Financials,277.02,277.6,274.95,277.1,30663843
2024-03-14,V,Financials,275.75,276.61,270.81,273.13,29304824
2024-03-15,V,Financials,273.21,275.11,271.56,271.59,43799106
2024-03-18,V,Financials,264.29,267.56,262.83,265.59,53919503
2024-03-19,V,Financials,271.1,271.17,268.11,269.57,68527144
2024-03-20,V,Financials,270.93,271.19,270.52,270.62,30793559
2024-03-21,V,Financials,277.47,279.05,277.21,278.36,46386675
2024-03-22,V,Financials,274.85,276.72,273.26,276.58,25317887
2024-03-25,V,Financials,281.88,284.81,279.8,281.86,53379413
2024-03-26,V,Financials,281.91,285.16,281.23,282.28,49343842
2024-03-27,V,Financials,280.74,282.62,279.59,282.02,26096883
2024-03-28,V,Financials,281.76,283.13,280.35,280.98,29554343
2024-03-29,V,Financials,278.14,281.12,275.7,277.76,22707386
2024-04-01,V,Financials,278.0,279.5,277.68,279.32,40555878
2024-04-02,V,Financials,278.94,282.02,276.31,280.25,20011052
2024-04-03,V,Financials,274.06,276.12,272.18,274.18,24454298
2024-04-04,V,Financials,266.37,267.92,262.81,264.64,69101987
2024-04-05,V,Financials,263.67,265.17,263.43,263.58,33361768
2024-04-08,V,Financials,267.17,268.19,266.7,267.97,30659240
2024-04-09,V,Financials,268.62,269.73,267.18,268.9,18268228
2024-04-10,V,Financials,263.76,264.3,262.01,264.1,39871927
2024-04-11,V,Financials,257.8,258.54,257.52,257.63,28784091
2024-04-12,V,Financials,264.11,265.34,261.09,261.9,56251283
2024-04-15,V,Financials,256.2,258.04,255.85,255.93,41640944
2024-04-16,V,Financials,259.44,261.73,256.56,258.75,50250567
2024-04-17,V,Financials,261.47,262.49,259.47,260.91,60532071
2024-04-18,V,Financials,266.71,268.94,266.2,266.97,51096586
2024-04-19,V,Financials,266.26,267.37,263.36,264.72,35943446
2024-04-22,V,Financials,269.99,271.04,268.11,268.3,57653105
2024-04-23,V,Financials,276.63,278.44,272.43,273.66,80728097
2024-04-24,V,Financials,269.12,269.41,268.46,268.64,59216872
2024-04-25,V,Financials,272.19,273.2,269.09,269.24,36507003
2024-04-26,V,Financials,270.01,271.86,266.74,269.19,52783067
2024-04-29,V,Financials,268.08,268.95,264.04,265.28,63017112
2024-04-30,V,Financials,266.49,268.55,265.88,266.36,45339268
2024-05-01,V,Financials,261.38,263.59,261.08,262.1,26110113
2024-05-02,V,Financials,264.3,267.18,263.46,263.6,49182373
2024-05-03,V,Financials,271.61,273.38,269.53,271.72,31403827
2024-05-06,V,Financials,270.66,272.12,270.33,271.04,72834522
2024-05-07,V,Financials,269.86,272.9,267.16,270.78,20774432
2024-05-08,V,Financials,277.04,278.56,273.05,276.25,36156607
2024-05-09,V,Financials,282.29,284.22,280.32,281.22,52726922
2024-05-10,V,Financials,277.41,279.25,274.96,278.9,51091648
2024-05-13,V,Financials,281.38,282.34,280.3,281.69,57836939
2024-05-14,V,Financials,271.41,271.6,269.8,270.15,27067593
2024-05-15,V,Financials,264.94,267.01,264.81,266.45,57093110
2024-05-16,V,Financials,271.59,271.87,268.74,270.54,27873217
2024-05-17,V,Financials,269.93,271.12,266.84,268.71,41421095
2024-05-20,V,Financials,265.81,269.15,264.6,268.06,34965210
2024-05-21,V,Financials,264.27,264.92,261.42,264.69,7172227
2024-05-22,V,Financials,262.19,263.4,258.06,260.77,61575973
2024-05-23,V,Financials,253.41,254.33,249.48,251.75,25784592
2024-05-24,V,Financials,250.09,253.89,249.43,250.56,38677966
2024-05-27,V,Financials,250.92,253.76,250.61,252.29,46804956
2024-05-28,V,Financials,252.31,253.67,252.11,253.25,42298404
2024-05-29,V,Financials,249.71,252.27,247.34,250.4,50796163
2024-05-30,V,Financials,246.52,246.63,245.26,245.48,48762157
2024-05-31,V,Financials,242.41,245.81,241.32,244.29,34994540
2024-06-03,V,Financials,238.95,240.28,238.84,239.83,61903154
2024-06-04,V,Financials,239.81,241.51,237.15,237.35,43735137
2024-06-05,V,Financials,237.85,239.31,236.63,237.86,45117101
2024-06-06,V,Financials,234.12,235.26,233.79,235.05,43678799
2024-06-07,V,Financials,238.41,239.58,237.24,239.37,43956091
2024-06-10,V,Financials,237.28,237.63,235.53,235.95,53518450
2024-06-11,V,Financials,232.66,236.3,231.29,234.04,54428125
2024-06-12,V,Financials,237.66,238.86,235.58,236.91,48866345
2024-06-13,V,Financials,241.19,241.45,239.15,239.29,34117758
2024-06-14,V,Financials,239.35,241.54,238.98,241.11,45432480
2024-06-17,V,Financials,237.62,239.37,236.85,239.05,51454575
2024-06-18,V,Financials,239.21,242.05,238.88,241.09,38920730
2024-06-19,V,Financials,241.43,245.89,241.19,243.86,19309124
2024-06-20,V,Financials,245.84,246.31,243.77,245.45,37104744
2024-06-21,V,Financials,245.45,246.33,244.61,245.43,30203624
2024-06-24,V,Financials,246.58,247.6,244.89,247.51,64951209
2024-06-25,V,Financials,249.34,249.97,245.42,247.34,46518097
2024-06-26,V,Financials,248.32,250.46,247.23,248.83,49546557
2024-06-27,V,Financials,249.3,250.24,248.84,249.18,54411689
2024-06-28,V,Financials,244.09,244.22,242.81,244.0,58281318
2024-07-01,V,Financials,243.16,243.72,241.93,242.1,62214213
2024-07-02,V,Financials,248.05,250.08,247.28,249.24,67513947
2024-07-03,V,Financials,242.64,244.35,241.54,242.57,23430144
2024-07-04,V,Financials,247.69,248.3,246.98,247.93,52660559
2024-07-05,V,Financials,249.98,253.11,249.2,250.2,28760967
2024-07-08,V,Financials,250.03,252.59,247.55,250.41,33233187
2024-07-09,V,Financials,245.21,245.96,244.22,244.61,32792117
2024-07-10,V,Financials,242.93,244.83,242.54,244.7,31842068
2024-07-11,V,Financials,243.34,243.93,241.37,242.23,49284232
2024-07-12,V,Financials,244.76,247.61,244.21,246.36,56024861
2024-07-15,V,Financials,245.47,246.35,243.04,244.15,23396600
2024-07-16,V,Financials,241.83,244.8,241.65,243.3,32887573
2024-07-17,V,Financials,244.09,245.7,243.02,244.22,48002519
2024-07-18,V,Financials,242.76,243.01,241.7,242.11,44834817
2024-07-19,V,Financials,245.45,246.49,244.95,245.45,28787505
2024-07-22,V,Financials,245.07,245.41,243.69,244.53,40097674
2024-07-23,V,Financials,238.99,239.07,237.21,238.18,34966791
2024-07-24,V,Financials,238.38,239.57,237.94,238.77,73743648
2024-07-25,V,Financials,242.13,242.16,240.45,241.56,34614178
2024-07-26,V,Financials,247.46,248.7,244.78,246.51,35194915
2024-07-29,V,Financials,247.23,249.36,246.84,248.51,65899133
2024-07-30,V,Financials,254.94,255.43,252.6,252.61,36518936
2024-07-31,V,Financials,255.32,258.45,251.9,254.44,58190602
2024-08-01,V,Financials,252.3,253.48,251.05,251.12,30887356
2024-08-02,V,Financials,248.44,249.05,246.42,248.46,39387700
2024-08-05,V,Financials,239.73,241.93,238.99,240.56,46396159
2024-08-06,V,Financials,239.21,242.07,236.94,239.92,48546308
2024-08-07,V,Financials,240.9,242.89,240.62,242.2,45334875
2024-08-08,V,Financials,237.17,237.37,236.09,236.94,39225986
2024-08-09,V,Financials,241.35,241.62,241.23,241.32,52242284
2024-08-12,V,Financials,241.16,241.43,240.55,241.06,26286231
2024-08-13,V,Financials,238.28,239.89,237.54,238.13,29708347
2024-08-14,V,Financials,233.74,234.18,232.01,232.94,36243824
2024-08-15,V,Financials,238.8,239.49,237.79,238.44,18802175
2024-08-16,V,Financials,243.0,243.5,241.9,242.48,45625798
2024-08-19,V,Financials,240.43,242.5,239.09,241.2,30134480
2024-08-20,V,Financials,244.97,246.17,243.78,244.43,37303607
2024-08-21,V,Financials,244.35,246.41,242.31,243.8,27199001
2024-08-22,V,Financials,240.0,243.3,237.33,241.83,46613043
2024-08-23,V,Financials,240.52,240.92,238.81,239.7,45006940
2024-08-26,V,Financials,239.02,240.36,235.5,239.01,28234129
2024-08-27,V,Financials,238.33,238.4,236.77,237.77,45431923
2024-08-28,V,Financials,237.93,238.47,234.83,238.06,63972632
2024-08-29,V,Financials,244.02,244.13,242.78,243.51,53658688
2024-08-30,V,Financials,251.81,252.87,248.86,251.37,45201618
2024-09-02,V,Financials,249.32,249.58,246.89,247.23,61776077
2024-09-03,V,Financials,249.23,249.41,247.24,248.91,51231843
2024-09-04,V,Financials,249.22,250.36,248.53,249.74,48010205
2024-09-05,V,Financials,250.06,251.98,248.69,251.68,23471799
2024-09-06,V,Financials,250.37,251.26,249.63,250.19,65723483
2024-09-09,V,Financials,250.44,253.27,249.77,252.19,33929843
2024-09-10,V,Financials,246.26,248.46,245.99,247.41,36988502
2024-09-11,V,Financials,259.34,259.59,256.31,259.22,34466430
2024-09-12,V,Financials,261.35,263.55,258.78,260.37,35399095
2024-09-13,V,Financials,262.33,263.17,260.72,263.13,35966227
2024-09-16,V,Financials,259.05,260.05,257.25,259.11,37805947
2024-09-17,V,Financials,258.72,258.98,255.49,256.68,69748717
2024-09-18,V,Financials,251.65,253.58,251.37,251.5,32706655
2024-09-19,V,Financials,256.42,259.57,254.67,256.72,45991918
2024-09-20,V,Financials,251.89,253.26,250.84,252.83,46249684
2024-09-23,V,Financials,252.01,253.17,251.57,252.25,66488670
2024-09-24,V,Financials,250.88,254.53,249.2,251.84,61560702
2024-09-25,V,Financials,253.93,255.59,252.17,253.6,31885150
2024-09-26,V,Financials,249.9,250.32,248.9,249.1,5163936
2024-09-27,V,Financials,251.73,253.85,251.04,252.19,38831041
2024-09-30,V,Financials,256.01,260.48,254.52,256.68,56994715
2024-10-01,V,Financials,256.76,257.91,253.31,254.41,28682906
2024-10-02,V,Financials,255.4,258.35,254.26,254.37,9992148
2024-10-03,V,Financials,256.8,258.03,256.29,256.7,55279451
2024-10-04,V,Financials,259.84,260.05,253.66,257.71,44713119
2024-10-07,V,Financials,255.21,256.09,251.89,254.2,56788441
2024-10-08,V,Financials,258.38,258.46,254.98,256.79,48321375
2024-10-09,V,Financials,260.45,262.82,260.17,262.32,76240767
2024-10-10,V,Financials,268.32,268.53,267.87,267.96,22067371
2024-10-11,V,Financials,270.32,270.48,268.76,270.22,24330041
2024-10-14,V,Financials,272.67,273.32,271.97,273.22,26309047
2024-10-15,V,Financials,272.16,272.98,271.65,271.83,33415411
2024-10-16,V,Financials,269.11,269.4,266.66,268.44,56708828
2024-10-17,V,Financials,268.68,268.86,265.92,268.28,30766287
2024-10-18,V,Financials,279.24,281.6,276.5,276.89,41377554
2024-10-21,V,Financials,275.3,277.61,274.67,274.93,17056654
2024-10-22,V,Financials,276.82,277.83,275.37,276.71,53774956
2024-10-23,V,Financials,278.0,279.01,277.21,278.27,60112900
2024-10-24,V,Financials,275.51,278.34,275.49,276.92,36107947
2024-10-25,V,Financials,281.41,283.73,279.96,282.77,49157563
2024-10-28,V,Financials,291.51,293.11,286.92,289.17,31142883
2024-10-29,V,Financials,301.04,302.96,299.68,300.07,66977854
2024-10-30,V,Financials,296.07,298.68,294.39,296.83,57269552
2024-10-31,V,Financials,297.04,299.51,296.78,298.63,57469908
2024-11-01,V,Financials,297.04,299.73,296.66,299.11,12628601
2024-11-04,V,Financials,295.25,299.39,294.05,296.35,49615070
2024-11-05,V,Financials,293.94,294.22,291.99,293.7,57935326
2024-11-06,V,Financials,294.47,294.55,292.92,294.49,27176122
2024-11-07,V,Financials,292.96,293.65,291.78,292.68,51117585
2024-11-08,V,Financials,289.35,289.51,288.56,288.77,49241184
2024-11-11,V,Financials,290.34,290.44,287.56,289.38,51207200
2024-11-12,V,Financials,282.86,287.25,280.99,285.0,38021137
2024-11-13,V,Financials,283.44,285.25,283.24,283.25,42158310
2024-11-14,V,Financials,283.75,285.38,282.82,284.79,33198399
2024-11-15,V,Financials,283.25,288.54,283.11,284.36,31657224
2024-11-18,V,Financials,284.28,284.36,281.71,283.44,48651371
2024-11-19,V,Financials,289.68,293.29,288.88,290.72,37582611
2024-11-20,V,Financials,296.67,298.17,296.23,296.54,72524912
2024-11-21,V,Financials,298.41,299.22,295.43,296.99,39476004
2024-11-22,V,Financials,293.47,294.82,290.76,292.88,27426479
2024-11-25,V,Financials,295.52,297.25,294.29,296.32,29891254
2024-11-26,V,Financials,304.58,308.77,303.83,306.9,26052227
2024-11-27,V,Financials,311.89,315.89,310.74,312.88,39818583
2024-11-28,V,Financials,306.73,309.43,305.45,307.3,22664298
2024-11-29,V,Financials,307.8,307.97,302.31,306.57,31289908
2024-12-02,V,Financials,302.44,306.14,300.65,303.54,47219757
2024-12-03,V,Financials,298.31,302.64,298.19,299.71,35342527
2024-12-04,V,Financials,306.05,306.09,302.6,304.59,42202516
2024-12-05,V,Financials,308.44,314.67,306.91,309.45,33928800
2024-12-06,V,Financials,315.72,318.28,314.34,317.26,48583971
2024-12-09,V,Financials,318.73,322.02,316.45,320.39,7510113
2024-12-10,V,Financials,321.97,323.51,317.16,320.31,49839011
2024-12-11,V,Financials,322.34,324.22,321.07,321.27,43422411
2024-12-12,V,Financials,319.02,319.22,316.02,317.32,50147312
2024-12-13,V,Financials,320.65,325.91,318.24,323.52,59067295
2024-12-16,V,Financials,321.84,321.99,320.09,320.28,23705265
2024-12-17,V,Financials,320.91,321.78,317.96,318.57,45315768
2024-12-18,V,Financials,315.55,320.43,315.54,317.33,35006342
2024-12-19,V,Financials,303.69,305.62,303.31,303.81,52663693
2024-12-20,V,Financials,308.19,308.73,305.88,307.61,45471219
2024-12-23,V,Financials,303.75,305.31,303.39,303.64,37284586
2024-12-24,V,Financials,306.39,308.27,303.91,306.69,58214666
2024-12-25,V,Financials,303.32,306.25,300.19,304.88,55966645
2024-12-26,V,Financials,302.15,303.65,298.89,303.04,24155858
2024-12-27,V,Financials,299.02,300.2,297.03,298.44,61946807
2024-12-30,V,Financials,307.18,308.79,302.49,304.35,67301895
2024-12-31,V,Financials,309.29,311.86,309.19,311.33,69639915
2025-01-01,V,Financials,317.01,317.83,314.13,315.8,56212851
2025-01-02,V,Financials,316.38,317.48,313.95,317.09,49906973
2025-01-03,V,Financials,318.46,320.68,315.97,317.81,49695599
2025-01-06,V,Financials,323.77,324.45,322.44,322.76,42538632
2025-01-07,V,Financials,322.11,322.62,319.85,322.32,57272602
2025-01-08,V,Financials,326.75,330.19,324.57,328.38,39413525
2025-01-09,V,Financials,324.77,325.67,322.53,324.08,36052137
2025-01-10,V,Financials,329.69,330.6,326.86,328.65,60622966
2025-01-13,V,Financials,336.29,340.02,334.52,334.69,44196500
2025-01-14,V,Financials,330.11,330.22,328.66,329.67,16691082
2025-01-15,V,Financials,326.2,328.71,324.16,325.92,52290341
2025-01-16,V,Financials,325.56,327.11,325.16,325.83,57730767
2025-01-17,V,Financials,327.56,331.47,327.14,327.88,10025132
2025-01-20,V,Financials,323.19,326.78,321.36,325.17,33676597
2025-01-21,V,Financials,324.29,328.28,321.49,325.71,31738030
2025-01-22,V,Financials,313.45,317.05,311.47,316.41,28725564
2025-01-23,V,Financials,320.87,321.68,317.85,319.92,48115362
2025-01-24,V,Financials,325.24,326.21,319.23,323.67,25375199
2025-01-27,V,Financials,330.75,331.2,330.08,330.69,27301225
2025-01-28,V,Financials,331.5,337.21,331.45,333.47,50968267
2025-01-29,V,Financials,331.87,331.96,331.75,331.86,25295725
2025-01-30,V,Financials,325.19,327.98,324.85,327.27,55281949
2025-01-31,V,Financials,324.67,326.14,321.62,323.67,52758436
2025-02-03,V,Financials,324.32,328.41,319.68,323.39,51664377
2025-02-04,V,Financials,320.43,322.37,318.63,319.67,33315688
2025-02-05,V,Financials,317.25,318.77,315.3,316.35,43899818
2025-02-06,V,Financials,315.16,316.35,312.86,316.3,42815252
2025-02-07,V,Financials,309.4,309.97,308.49,309.28,36796661
2025-02-10,V,Financials,305.56,307.35,303.74,305.11,31839921
2025-02-11,V,Financials,306.76,307.03,305.92,306.15,51676848
2025-02-12,V,Financials,307.9,308.4,305.63,307.41,29676087
2025-02-13,V,Financials,309.33,311.49,307.84,311.25,34400903
2025-02-14,V,Financials,311.87,313.86,310.25,312.04,40818640
2025-02-17,V,Financials,313.95,317.49,309.01,312.29,51702042
2025-02-18,V,Financials,315.33,316.9,314.42,315.19,50490945
2025-02-19,V,Financials,316.99,318.17,314.86,316.15,28071867
2025-02-20,V,Financials,312.22,313.56,311.96,311.96,63193935
2025-02-21,V,Financials,308.63,308.63,307.43,308.58,59374093
2025-02-24,V,Financials,314.15,317.92,313.6,315.94,87626813
2025-02-25,V,Financials,329.93,330.51,328.78,330.29,55844874
2025-02-26,V,Financials,334.05,336.23,331.58,333.82,30457090
2025-02-27,V,Financials,330.83,330.85,326.9,329.23,22352168
2025-02-28,V,Financials,336.95,338.11,336.07,338.1,36822594
2025-03-03,V,Financials,336.73,337.56,333.89,336.19,78784120
2025-03-04,V,Financials,337.76,339.23,337.0,338.32,43635649
2025-03-05,V,Financials,339.27,340.18,337.45,338.35,60791537
2025-03-06,V,Financials,339.64,340.37,334.71,339.35,39922795
2025-03-07,V,Financials,337.75,338.08,337.14,337.39,48150483
2025-03-10,V,Financials,342.42,344.79,339.05,343.64,22708558
2025-03-11,V,Financials,345.51,347.94,339.12,342.88,23679395
2025-03-12,V,Financials,348.48,351.98,344.1,345.95,20376302
2025-03-13,V,Financials,348.54,349.79,347.6,348.94,68650864
2025-03-14,V,Financials,346.78,348.73,346.12,348.53,27338330
2025-03-17,V,Financials,342.02,342.78,340.6,341.32,40042437
2025-03-18,V,Financials,334.59,339.96,330.71,337.49,39040992
2025-03-19,V,Financials,339.7,343.86,336.1,340.98,39156915
2025-03-20,V,Financials,342.26,342.73,339.05,342.58,37375120
2025-03-21,V,Financials,341.23,341.56,336.82,338.79,48849927
2025-03-24,V,Financials,338.18,339.25,335.77,339.13,26516623
2025-03-25,V,Financials,341.3,341.52,338.77,340.25,43356571
2025-03-26,V,Financials,342.28,344.66,340.05,343.15,53018434
2025-03-27,V,Financials,351.99,352.31,351.98,352.02,48708987
2025-03-28,V,Financials,339.76,342.55,339.09,340.9,37783965
2025-03-31,V,Financials,346.1,348.44,345.81,346.81,31435819
2025-04-01,V,Financials,347.43,349.49,344.3,347.99,36438811
2025-04-02,V,Financials,344.64,344.97,342.58,343.1,57444740
2025-04-03,V,Financials,345.31,346.16,343.77,344.02,54793760
2025-04-04,V,Financials,352.5,352.67,351.01,351.12,45514418
2025-04-07,V,Financials,361.89,364.06,358.43,359.83,25904218
2025-04-08,V,Financials,354.41,355.26,351.59,354.82,38136331
2025-04-09,V,Financials,352.58,353.71,349.77,350.73,48628074
2025-04-10,V,Financials,346.78,347.19,339.57,344.51,18832500
2025-04-11,V,Financials,346.2,349.06,344.09,345.77,41795257
2025-04-14,V,Financials,343.69,348.0,341.45,347.26,19779306
2025-04-15,V,Financials,351.0,354.3,350.08,352.19,59043410
2025-04-16,V,Financials,353.96,355.68,353.13,354.5,25474278
2025-04-17,V,Financials,357.12,362.37,354.46,359.06,65386130
2025-04-18,V,Financials,351.2,358.03,350.05,352.23,18450432
2025-04-21,V,Financials,361.09,361.19,360.89,361.0,41022299
2025-04-22,V,Financials,367.11,370.69,366.96,367.69,56456559
2025-04-23,V,Financials,367.88,368.37,364.84,365.1,48904425
2025-04-24,V,Financials,363.48,364.47,359.81,361.21,29630782
2025-04-25,V,Financials,365.63,367.62,362.48,365.12,33966537
2025-04-28,V,Financials,358.71,359.95,355.2,357.28,53973373
2025-04-29,V,Financials,353.22,358.09,352.95,353.73,100000
2025-04-30,V,Financials,348.36,349.69,346.81,348.77,35043787
2025-05-01,V,Financials,350.04,351.13,346.48,348.43,39570895
2025-05-02,V,Financials,345.26,346.75,343.75,346.39,42699672
2025-05-05,V,Financials,342.32,343.0,338.39,342.71,36364872
2025-05-06,V,Financials,335.85,340.53,333.95,338.6,12791392
2025-05-07,V,Financials,334.71,336.52,333.73,335.7,41546688
2025-05-08,V,Financials,330.25,331.99,325.79,330.23,71467431
2025-05-09,V,Financials,331.51,333.19,331.21,332.86,54683553
2025-05-12,V,Financials,338.39,338.68,333.24,338.23,29477556
2025-05-13,V,Financials,341.32,342.57,338.44,340.26,18630839
2025-05-14,V,Financials,347.16,352.81,344.74,346.97,67252981
2025-05-15,V,Financials,345.1,346.04,342.43,343.02,13210431
2025-05-16,V,Financials,338.49,340.11,337.13,339.55,36514050
2025-05-19,V,Financials,343.64,344.69,341.13,341.78,52387077
2025-05-20,V,Financials,342.59,346.26,341.17,344.64,42425215
2025-05-21,V,Financials,344.35,345.45,343.06,344.84,26018397
2025-05-22,V,Financials,345.74,346.39,343.66,344.85,25424170
2025-05-23,V,Financials,338.88,340.26,338.64,339.83,52603191
2025-05-26,V,Financials,326.71,328.67,326.02,327.3,40059138
2025-05-27,V,Financials,328.66,331.38,326.96,329.98,41305534
2025-05-28,V,Financials,334.56,335.03,333.83,334.64,29641597
2025-05-29,V,Financials,330.46,335.33,329.55,332.72,39749485
2025-05-30,V,Financials,330.08,332.3,326.51,330.27,43943737
2025-06-02,V,Financials,327.13,329.41,324.49,327.35,15776798
2025-06-03,V,Financials,324.66,329.56,322.7,325.75,47778067
2025-06-04,V,Financials,330.11,332.51,328.13,330.46,29672121
2025-06-05,V,Financials,323.61,327.67,322.14,326.26,41844105
2025-06-06,V,Financials,330.71,333.25,329.27,329.33,47212072
2025-06-09,V,Financials,325.91,330.24,325.61,327.15,42784876
2025-06-10,V,Financials,317.6,320.28,317.24,318.14,52698825
2025-06-11,V,Financials,317.2,317.59,315.08,316.73,46645168
2025-06-12,V,Financials,322.81,325.91,322.54,324.12,54832999
2025-06-13,V,Financials,323.34,326.56,321.08,321.13,48747417
2025-06-16,V,Financials,320.58,322.39,319.01,320.18,27261265
2025-06-17,V,Financials,318.97,320.9,317.2,320.34,43704429
2025-06-18,V,Financials,319.21,323.23,317.98,321.34,36537329
2025-06-19,V,Financials,328.56,330.52,326.19,328.4,35581872
2025-06-20,V,Financials,324.16,325.52,322.76,324.88,20054771
2025-06-23,V,Financials,325.04,326.63,321.66,325.05,40677589
2025-06-24,V,Financials,326.94,329.8,322.35,328.62,61901252
2025-06-25,V,Financials,324.97,326.93,324.37,325.46,26433803
2025-06-26,V,Financials,324.35,328.67,321.07,325.91,32991834
2025-06-27,V,Financials,331.99,332.65,327.89,330.51,28096859
2025-06-30,V,Financials,330.37,333.01,324.04,328.23,33293360
2025-07-01,V,Financials,329.73,330.29,326.09,327.55,61934738
2025-07-02,V,Financials,324.28,325.34,320.85,322.4,40432604
2025-07-03,V,Financials,325.0,327.23,323.51,326.79,57385617
2025-07-04,V,Financials,326.85,330.83,324.29,327.64,44286324
2025-07-07,V,Financials,325.85,327.84,324.22,325.81,30518773
2025-07-08,V,Financials,323.91,326.54,321.25,324.52,50042936
2025-07-09,V,Financials,325.14,326.52,322.27,324.6,52896044
2025-07-10,V,Financials,327.42,331.23,325.68,326.24,55664956
2025-07-11,V,Financials,321.79,323.55,320.86,323.38,48065840
2025-07-14,V,Financials,321.4,322.48,320.58,320.9,20307325
2025-07-15,V,Financials,320.52,321.03,317.24,319.84,61711918
2025-07-16,V,Financials,321.35,323.84,319.16,320.63,33399835
2025-07-17,V,Financials,327.18,328.5,325.39,327.96,58047280
2025-07-18,V,Financials,325.82,326.95,324.32,324.4,55269811
2025-07-21,V,Financials,316.64,318.3,314.53,317.01,46240636
2025-07-22,V,Financials,322.41,324.1,321.08,323.34,71069322
2025-07-23,V,Financials,319.49,319.77,318.2,319.49,23913246
2025-07-24,V,Financials,327.67,328.79,322.83,326.17,37061485
2025-07-25,V,Financials,333.42,338.08,329.78,331.97,37338979
2025-07-28,V,Financials,331.77,335.75,331.19,334.62,27183669
2025-07-29,V,Financials,340.42,341.98,336.41,340.44,23066586
2025-07-30,V,Financials,331.37,331.88,331.26,331.84,54568446
2025-07-31,V,Financials,326.33,327.6,323.14,325.68,43724912
2025-08-01,V,Financials,326.67,329.77,326.35,327.09,31870439
2025-08-04,V,Financials,326.61,327.64,323.95,325.44,36539592
2025-08-05,V,Financials,321.54,324.2,321.17,321.99,52201385
2025-08-06,V,Financials,325.08,326.36,322.7,325.75,36356256
2025-08-07,V,Financials,327.2,329.7,325.64,327.05,36744190
2025-08-08,V,Financials,330.49,334.43,328.94,331.97,53075545
2025-08-11,V,Financials,330.63,330.68,327.62,330.37,8688894
2025-08-12,V,Financials,330.14,332.41,326.52,330.41,24213719
2025-08-13,V,Financials,337.68,339.05,335.96,337.66,38500737
2025-08-14,V,Financials,331.26,332.31,331.08,331.72,35520175
2025-08-15,V,Financials,330.25,333.28,329.1,331.44,36029265
2025-08-18,V,Financials,328.1,328.68,325.87,327.51,52612122
2025-08-19,V,Financials,336.16,336.49,334.59,335.4,35691287
2025-08-20,V,Financials,346.53,349.21,346.45,346.82,54609335
2025-08-21,V,Financials,349.25,350.0,345.9,347.97,69375796
2025-08-22,V,Financials,350.03,351.86,345.6,350.5,23290053
2025-08-25,V,Financials,350.25,352.23,346.12,350.12,50323862
2025-08-26,V,Financials,350.97,351.03,347.59,349.55,34058801
2025-08-27,V,Financials,350.47,351.72,348.78,350.09,51977551
2025-08-28,V,Financials,343.62,347.13,340.31,343.61,38517822
2025-08-29,V,Financials,350.86,352.14,346.51,346.91,48138206
2025-09-01,V,Financials,339.35,344.22,334.48,342.26,11184924
2025-09-02,V,Financials,340.28,340.89,338.61,340.69,72289917
2025-09-03,V,Financials,341.52,345.62,340.65,340.97,48190670
2025-09-04,V,Financials,337.93,340.24,336.66,337.46,53534184
2025-09-05,V,Financials,338.65,340.95,337.44,340.41,42896689
2025-09-08,V,Financials,337.82,340.42,336.16,338.27,16398144
2025-09-09,V,Financials,341.49,345.36,339.63,343.44,47410264
2025-09-10,V,Financials,338.96,340.95,338.52,339.38,81879395
2025-09-11,V,Financials,341.42,342.02,337.86,338.72,87239145
2025-09-12,V,Financials,332.25,333.86,332.21,333.76,41581439
2025-09-15,V,Financials,336.0,339.42,334.18,338.47,62531280
2025-09-16,V,Financials,335.06,337.24,330.91,337.13,10235983
2025-09-17,V,Financials,333.44,335.93,330.71,334.62,41024254
2025-09-18,V,Financials,335.67,336.38,332.72,333.86,31048637
2025-09-19,V,Financials,332.36,336.87,331.73,333.47,45432847
2025-09-22,V,Financials,336.58,336.99,331.68,335.48,44179408
2025-09-23,V,Financials,339.55,340.17,336.42,338.14,52069025
2025-09-24,V,Financials,337.42,339.12,336.76,337.55,30064918
2025-09-25,V,Financials,339.01,340.67,336.31,337.49,60282699
2025-09-26,V,Financials,322.41,325.03,321.7,322.94,54024412
2025-09-29,V,Financials,319.88,321.4,317.36,321.01,66541306
2025-09-30,V,Financials,324.79,328.21,323.1,327.56,51442788
2025-10-01,V,Financials,332.41,333.62,324.27,329.74,21545211
2025-10-02,V,Financials,323.13,326.53,322.91,324.91,26657934
2025-10-03,V,Financials,322.25,324.39,320.01,323.27,25110013
2025-10-06,V,Financials,320.15,321.23,318.34,320.69,28497293
2025-10-07,V,Financials,324.63,326.67,323.17,325.61,62425467
2025-10-08,V,Financials,330.8,331.04,329.08,330.15,37720511
2025-10-09,V,Financials,326.28,329.9,324.65,326.66,44695480
2025-10-10,V,Financials,327.89,333.06,326.74,326.83,29149216
2025-10-13,V,Financials,323.79,324.9,321.34,321.76,35324206
2025-10-14,V,Financials,319.59,321.25,318.88,319.06,33191385
2025-10-15,V,Financials,319.55,322.18,314.66,316.54,19908482
2025-10-16,V,Financials,314.68,315.01,311.4,313.55,46311312
2025-10-17,V,Financials,315.26,315.68,312.07,315.27,30437939
2025-10-20,V,Financials,321.85,323.9,320.35,321.34,41021122
2025-10-21,V,Financials,319.03,323.82,317.04,321.19,51113642
2025-10-22,V,Financials,317.11,319.86,315.14,316.57,28314908
2025-10-23,V,Financials,319.02,320.8,315.48,317.61,33876011
2025-10-24,V,Financials,320.92,321.66,317.25,318.66,24733489
2025-10-27,V,Financials,318.81,321.34,314.41,317.93,52201990
2025-10-28,V,Financials,328.29,328.76,325.33,326.32,66534725
2025-10-29,V,Financials,327.29,327.68,324.19,327.56,36465380
2025-10-30,V,Financials,329.41,331.82,328.09,330.31,39509309
2025-10-31,V,Financials,318.29,320.4,318.17,320.07,55715116
2025-11-03,V,Financials,317.01,317.99,315.18,315.87,40548515
2025-11-04,V,Financials,319.08,321.06,314.08,318.26,58539313
2025-11-05,V,Financials,320.55,320.78,317.72,319.65,30960923
2025-11-06,V,Financials,317.13,319.57,316.12,318.07,18559039
2025-11-07,V,Financials,319.18,320.73,317.02,320.21,31997792
2025-11-10,V,Financials,321.47,325.58,320.23,324.48,25603996
2025-11-11,V,Financials,320.7,323.21,317.86,322.46,69907072
2025-11-12,V,Financials,316.56,320.57,316.37,319.76,30321769
2025-11-13,V,Financials,319.02,320.45,316.01,318.74,25318575
2025-11-14,V,Financials,317.91,323.41,317.22,321.08,39897873
2025-11-17,V,Financials,319.63,320.53,317.49,318.62,34491784
2025-11-18,V,Financials,322.02,325.95,320.78,322.55,69168710
2025-11-19,V,Financials,321.62,321.74,318.66,320.49,44550711
2025-11-20,V,Financials,318.02,318.26,317.64,318.1,11720506
2025-11-21,V,Financials,330.41,330.5,326.06,328.67,48632569
2025-11-24,V,Financials,321.95,324.12,320.36,323.11,56466928
2025-11-25,V,Financials,326.54,327.52,325.4,326.76,31091157
2025-11-26,V,Financials,318.6,318.99,317.13,318.62,24955784
2025-11-27,V,Financials,321.53,322.46,319.47,321.68,53713109
2025-11-28,V,Financials,336.4,338.22,332.57,333.92,40883875
2025-12-01,V,Financials,341.18,343.42,337.5,338.98,20523548
2025-12-02,V,Financials,347.9,348.74,341.15,345.46,66785471
2025-12-03,V,Financials,344.97,346.51,344.59,345.12,38991400
2025-12-04,V,Financials,349.21,353.05,348.21,349.8,25440894
2025-12-05,V,Financials,351.96,353.92,349.69,351.15,46602329
2025-12-08,V,Financials,359.95,361.66,358.35,361.24,33076723
2025-12-09,V,Financials,355.96,356.25,352.47,355.78,54018650
2025-12-10,V,Financials,362.75,366.24,361.48,361.83,39357656
2025-12-11,V,Financials,363.88,367.31,361.66,364.13,40624788
2025-12-12,V,Financials,361.29,362.49,358.8,359.61,67557849
2025-12-15,V,Financials,357.91,358.62,357.68,358.36,22017641
2025-12-16,V,Financials,351.3,352.59,350.4,350.46,48087971
2025-12-17,V,Financials,337.3,339.79,332.95,334.57,54268813
2025-12-18,V,Financials,328.2,330.18,325.18,329.08,30473363
2025-12-19,V,Financials,327.75,328.49,326.43,327.41,52820551
2025-12-22,V,Financials,328.14,329.08,326.23,327.91,44004272
2025-12-23,V,Financials,321.37,324.23,320.46,322.02,45540238
2025-12-24,V,Financials,321.3,323.58,319.02,320.71,52170416
2025-12-25,V,Financials,322.58,324.18,319.42,321.89,49450045
2025-12-26,V,Financials,318.85,319.62,315.89,319.41,81880859
2025-12-29,V,Financials,315.31,316.25,313.42,314.7,41962044
2025-12-30,V,Financials,313.11,314.88,310.97,311.59,36983397
2025-12-31,V,Financials,315.51,318.84,315.13,317.54,30869593
2024-01-26,WMT,Consumer Staples,145.54,146.69,144.71,145.0,47585302
2024-01-29,WMT,Consumer Staples,145.25,145.49,144.8,145.41,89789975
2024-01-30,WMT,Consumer Staples,145.37,146.05,145.08,145.32,84844027
2024-01-31,WMT,Consumer Staples,146.06,146.51,144.95,145.6,84612559
2024-02-01,WMT,Consumer Staples,143.34,144.26,143.01,144.04,82367543
2024-02-02,WMT,Consumer Staples,142.14,143.04,141.79,142.59,72135212
2024-02-05,WMT,Consumer Staples,144.93,145.2,144.14,144.34,77143484
2024-02-06,WMT,Consumer Staples,142.71,143.8,141.98,143.3,3386004
2024-02-07,WMT,Consumer Staples,144.12,144.95,143.44,143.76,63930784
2024-02-08,WMT,Consumer Staples,140.52,140.55,139.53,140.48,87019187
2024-02-09,WMT,Consumer Staples,140.87,141.74,140.18,141.12,69269233
2024-02-12,WMT,Consumer Staples,142.96,143.16,141.94,142.79,25405885
2024-02-13,WMT,Consumer Staples,143.33,143.96,142.2,143.0,15437002
2024-02-14,WMT,Consumer Staples,143.07,143.49,142.81,143.28,73222955
2024-02-15,WMT,Consumer Staples,145.39,145.62,144.89,145.56,65587775
2024-02-16,WMT,Consumer Staples,145.75,146.18,144.59,146.01,56427249
2024-02-19,WMT,Consumer Staples,144.77,145.92,144.21,145.04,58729067
2024-02-20,WMT,Consumer Staples,144.25,144.76,144.04,144.44,48165852
2024-02-21,WMT,Consumer Staples,144.39,145.53,143.23,143.6,54750233
2024-02-22,WMT,Consumer Staples,145.01,145.21,144.43,145.03,61659663
2024-02-23,WMT,Consumer Staples,147.38,147.4,146.33,146.94,54664343
2024-02-26,WMT,Consumer Staples,149.05,149.3,147.9,148.54,68658231
2024-02-27,WMT,Consumer Staples,147.64,148.1,147.36,147.49,52837056
2024-02-28,WMT,Consumer Staples,147.64,148.02,147.4,147.63,70214226
2024-02-29,WMT,Consumer Staples,148.47,149.7,147.46,148.71,39511918
2024-03-01,WMT,Consumer Staples,146.46,147.58,146.31,147.01,67319541
2024-03-04,WMT,Consumer Staples,148.09,148.46,147.88,148.38,62432388
2024-03-05,WMT,Consumer Staples,149.12,149.74,148.37,149.68,46243111
2024-03-06,WMT,Consumer Staples,150.57,150.92,150.21,150.61,71451887
2024-03-07,WMT,Consumer Staples,151.21,152.65,150.82,151.88,45132685
2024-03-08,WMT,Consumer Staples,151.92,152.12,151.58,151.8,67235103
2024-03-11,WMT,Consumer Staples,150.22,150.67,150.13,150.56,75349443
2024-03-12,WMT,Consumer Staples,152.15,152.67,151.53,152.36,38463112
2024-03-13,WMT,Consumer Staples,151.85,152.9,150.88,152.47,70069331
2024-03-14,WMT,Consumer Staples,152.29,152.87,150.53,151.71,62672947
2024-03-15,WMT,Consumer Staples,152.79,153.08,151.88,151.94,25428560
2024-03-18,WMT,Consumer Staples,152.17,152.25,150.89,152.16,35938788
2024-03-19,WMT,Consumer Staples,150.99,152.45,150.55,151.49,66472365
2024-03-20,WMT,Consumer Staples,152.07,153.05,151.84,152.35,62867199
2024-03-21,WMT,Consumer Staples,155.54,156.5,154.87,155.31,65160838
2024-03-22,WMT,Consumer Staples,152.98,154.47,152.35,153.42,64001920
2024-03-25,WMT,Consumer Staples,152.29,153.02,151.22,151.58,36818718
2024-03-26,WMT,Consumer Staples,154.56,155.73,152.56,153.49,34276241
2024-03-27,WMT,Consumer Staples,154.23,155.06,153.12,154.74,79237101
2024-03-28,WMT,Consumer Staples,157.47,157.48,156.98,157.36,64147996
2024-03-29,WMT,Consumer Staples,160.27,160.5,159.8,160.38,32690282
2024-04-01,WMT,Consumer Staples,161.67,161.67,161.27,161.66,41287251
2024-04-02,WMT,Consumer Staples,160.11,160.4,158.64,159.84,83696369
2024-04-03,WMT,Consumer Staples,159.87,160.57,159.0,160.45,20102326
2024-04-04,WMT,Consumer Staples,160.98,161.94,159.53,159.93,80979864
2024-04-05,WMT,Consumer Staples,161.44,162.68,160.22,160.77,46715306
2024-04-08,WMT,Consumer Staples,159.82,161.74,158.62,159.64,53892797
2024-04-09,WMT,Consumer Staples,161.24,162.48,160.23,160.55,66841791
2024-04-10,WMT,Consumer Staples,162.12,162.45,161.53,161.77,73329155
2024-04-11,WMT,Consumer Staples,161.17,162.5,160.58,162.3,69501205
2024-04-12,WMT,Consumer Staples,163.72,164.12,162.34,163.05,58738653
2024-04-15,WMT,Consumer Staples,163.74,164.46,163.52,164.31,67881086
2024-04-16,WMT,Consumer Staples,163.29,163.4,162.07,163.14,61751622
2024-04-17,WMT,Consumer Staples,163.5,163.9,163.0,163.71,36308090
2024-04-18,WMT,Consumer Staples,162.97,164.39,162.5,163.65,62663734
2024-04-19,WMT,Consumer Staples,165.41,165.57,164.64,165.55,59913551
2024-04-22,WMT,Consumer Staples,166.47,167.31,165.9,166.93,65966960
2024-04-23,WMT,Consumer Staples,166.51,166.67,165.12,166.05,66430451
2024-04-24,WMT,Consumer Staples,167.42,167.61,166.37,167.29,43781384
2024-04-25,WMT,Consumer Staples,169.2,169.95,168.91,169.68,55565990
2024-04-26,WMT,Consumer Staples,170.94,171.95,170.2,170.44,69677590
2024-04-29,WMT,Consumer Staples,169.68,170.45,169.0,169.96,39149808
2024-04-30,WMT,Consumer Staples,168.54,169.7,167.75,168.19,54826509
2024-05-01,WMT,Consumer Staples,164.26,165.03,163.6,164.92,52890595
2024-05-02,WMT,Consumer Staples,167.32,167.57,166.62,166.81,50168666
2024-05-03,WMT,Consumer Staples,163.88,164.88,163.59,164.6,67789019
2024-05-06,WMT,Consumer Staples,162.96,163.67,162.78,162.97,46464572
2024-05-07,WMT,Consumer Staples,162.78,163.57,162.67,163.18,49062642
2024-05-08,WMT,Consumer Staples,163.2,164.39,163.1,163.73,61850168
2024-05-09,WMT,Consumer Staples,165.77,166.87,165.66,166.18,16370228
2024-05-10,WMT,Consumer Staples,167.22,167.69,166.65,166.83,64855914
2024-05-13,WMT,Consumer Staples,166.31,167.2,165.31,166.42,26158337
2024-05-14,WMT,Consumer Staples,164.9,166.6,163.94,166.02,81165635
2024-05-15,WMT,Consumer Staples,163.72,163.91,163.17,163.54,40124244
2024-05-16,WMT,Consumer Staples,165.75,166.52,164.95,165.94,41756506
2024-05-17,WMT,Consumer Staples,167.7,168.38,166.86,167.45,63862004
2024-05-20,WMT,Consumer Staples,167.5,168.07,167.19,167.95,42690782
2024-05-21,WMT,Consumer Staples,170.48,171.31,169.76,170.4,35065869
2024-05-22,WMT,Consumer Staples,171.62,172.45,171.36,172.27,63446606
2024-05-23,WMT,Consumer Staples,173.29,174.41,172.56,173.24,50947728
2024-05-24,WMT,Consumer Staples,173.35,174.88,172.33,173.23,60582495
2024-05-27,WMT,Consumer Staples,172.62,174.27,171.82,173.33,48489485
2024-05-28,WMT,Consumer Staples,170.73,171.6,170.42,170.81,78966223
2024-05-29,WMT,Consumer Staples,173.48,173.79,172.24,172.69,54546979
2024-05-30,WMT,Consumer Staples,172.85,172.85,171.82,172.39,82496197
2024-05-31,WMT,Consumer Staples,174.32,174.57,174.15,174.27,41877140
2024-06-03,WMT,Consumer Staples,175.81,175.95,175.03,175.59,103365459
2024-06-04,WMT,Consumer Staples,175.28,176.06,175.24,175.81,36170619
2024-06-05,WMT,Consumer Staples,177.15,178.28,175.69,177.33,51133007
2024-06-06,WMT,Consumer Staples,175.89,177.36,175.32,175.99,81987697
2024-06-07,WMT,Consumer Staples,173.75,175.12,173.18,173.44,65047213
2024-06-10,WMT,Consumer Staples,173.24,173.26,172.8,173.22,42346523
2024-06-11,WMT,Consumer Staples,173.86,175.38,173.23,174.02,46901890
2024-06-12,WMT,Consumer Staples,175.57,176.6,175.25,175.56,30988419
2024-06-13,WMT,Consumer Staples,175.19,176.56,174.04,175.76,81472630
2024-06-14,WMT,Consumer Staples,174.49,175.14,173.64,174.22,53104863
2024-06-17,WMT,Consumer Staples,176.52,177.25,175.36,176.54,31579181
2024-06-18,WMT,Consumer Staples,177.28,178.21,175.62,175.95,57887570
2024-06-19,WMT,Consumer Staples,176.76,178.15,175.96,176.67,64577765
2024-06-20,WMT,Consumer Staples,178.16,178.4,177.12,177.6,66015540
2024-06-21,WMT,Consumer Staples,177.81,178.41,176.87,177.77,55349393
2024-06-24,WMT,Consumer Staples,173.77,175.03,173.4,174.36,77149728
2024-06-25,WMT,Consumer Staples,173.48,173.82,172.67,173.23,58259166
2024-06-26,WMT,Consumer Staples,173.91,174.22,173.83,174.08,43391954
2024-06-27,WMT,Consumer Staples,177.26,177.98,175.94,176.86,40918096
2024-06-28,WMT,Consumer Staples,178.58,178.82,176.83,178.1,68220189
2024-07-01,WMT,Consumer Staples,178.99,179.31,178.81,179.01,30087398
2024-07-02,WMT,Consumer Staples,175.59,176.48,175.25,175.5,49538246
2024-07-03,WMT,Consumer Staples,177.8,177.83,176.89,177.39,32810473
2024-07-04,WMT,Consumer Staples,179.02,179.45,178.13,179.07,33927401
2024-07-05,WMT,Consumer Staples,179.68,180.5,178.53,180.14,62070569
2024-07-08,WMT,Consumer Staples,180.07,181.46,179.97,180.67,63486487
2024-07-09,WMT,Consumer Staples,181.5,182.41,180.7,181.62,49538060
2024-07-10,WMT,Consumer Staples,184.19,185.5,183.02,183.9,42900717
2024-07-11,WMT,Consumer Staples,184.59,185.04,182.8,183.85,61273649
2024-07-12,WMT,Consumer Staples,185.5,185.94,183.36,184.58,64042549
2024-07-15,WMT,Consumer Staples,184.8,184.92,183.97,184.06,92706372
2024-07-16,WMT,Consumer Staples,184.53,184.71,183.82,184.14,45269863
2024-07-17,WMT,Consumer Staples,184.45,185.33,184.27,184.39,39154175
2024-07-18,WMT,Consumer Staples,185.03,185.62,184.43,185.57,28130064
2024-07-19,WMT,Consumer Staples,184.02,185.56,183.92,184.69,57565578
2024-07-22,WMT,Consumer Staples,183.98,184.94,183.52,184.51,50958992
2024-07-23,WMT,Consumer Staples,184.25,185.97,184.23,185.17,60415753
2024-07-24,WMT,Consumer Staples,185.48,186.1,184.55,184.97,68362256
2024-07-25,WMT,Consumer Staples,185.64,185.87,184.52,185.31,72214529
2024-07-26,WMT,Consumer Staples,183.55,184.55,183.13,183.15,57565678
2024-07-29,WMT,Consumer Staples,184.65,184.78,183.84,184.2,45363435
2024-07-30,WMT,Consumer Staples,181.87,183.56,180.74,183.12,42618193
2024-07-31,WMT,Consumer Staples,181.08,181.69,179.79,180.64,16537962
2024-08-01,WMT,Consumer Staples,181.37,181.55,180.49,181.21,85580988
2024-08-02,WMT,Consumer Staples,181.15,181.87,180.54,181.86,49749795
2024-08-05,WMT,Consumer Staples,183.65,183.95,182.48,182.7,35228406
2024-08-06,WMT,Consumer Staples,183.65,185.86,183.38,183.56,81485299
2024-08-07,WMT,Consumer Staples,183.61,185.58,182.79,184.38,81144306
2024-08-08,WMT,Consumer Staples,186.37,188.43,186.05,187.14,77136132
2024-08-09,WMT,Consumer Staples,188.3,189.87,188.09,188.74,50262539
2024-08-12,WMT,Consumer Staples,190.84,191.14,189.4,190.56,59027053
2024-08-13,WMT,Consumer Staples,191.52,192.29,190.57,191.7,103670128
2024-08-14,WMT,Consumer Staples,192.87,193.56,192.56,193.4,101617701
2024-08-15,WMT,Consumer Staples,192.9,193.62,191.71,192.62,58995186
2024-08-16,WMT,Consumer Staples,193.81,195.09,193.2,193.92,39719414
2024-08-19,WMT,Consumer Staples,195.79,196.52,194.88,196.22,85523471
2024-08-20,WMT,Consumer Staples,197.12,197.68,195.74,195.85,48521359
2024-08-21,WMT,Consumer Staples,198.48,199.33,198.45,198.59,82411279
2024-08-22,WMT,Consumer Staples,197.67,198.56,197.32,197.97,20142051
2024-08-23,WMT,Consumer Staples,198.35,199.06,196.83,198.96,47348568
2024-08-26,WMT,Consumer Staples,196.89,197.38,196.42,196.99,46871212
2024-08-27,WMT,Consumer Staples,198.66,199.01,197.2,198.62,43584814
2024-08-28,WMT,Consumer Staples,201.47,201.99,200.03,201.1,81220006
2024-08-29,WMT,Consumer Staples,200.56,201.7,199.99,201.1,53421801
2024-08-30,WMT,Consumer Staples,198.1,198.61,197.41,198.47,71915796
2024-09-02,WMT,Consumer Staples,198.03,199.38,197.62,198.59,70689294
2024-09-03,WMT,Consumer Staples,196.75,197.57,196.12,196.88,93930315
2024-09-04,WMT,Consumer Staples,197.54,198.89,197.06,197.11,84065597
2024-09-05,WMT,Consumer Staples,199.65,199.77,198.26,198.81,46300144
2024-09-06,WMT,Consumer Staples,200.04,200.96,199.43,199.79,80068545
2024-09-09,WMT,Consumer Staples,197.13,198.99,195.69,196.74,99059989
2024-09-10,WMT,Consumer Staples,196.84,197.3,194.98,196.15,31748695
2024-09-11,WMT,Consumer Staples,196.9,198.46,195.1,196.6,25307099
2024-09-12,WMT,Consumer Staples,199.19,200.05,199.08,199.37,30138116
2024-09-13,WMT,Consumer Staples,198.8,199.82,198.38,199.12,46257032
2024-09-16,WMT,Consumer Staples,199.94,200.57,198.63,200.16,98208606
2024-09-17,WMT,Consumer Staples,200.84,200.91,199.51,200.56,79474785
2024-09-18,WMT,Consumer Staples,199.96,201.23,198.47,199.44,63498825
2024-09-19,WMT,Consumer Staples,198.05,199.11,197.59,198.58,6823254
2024-09-20,WMT,Consumer Staples,198.17,198.77,197.57,198.25,47395855
2024-09-23,WMT,Consumer Staples,199.93,201.66,198.22,200.82,59768025
2024-09-24,WMT,Consumer Staples,198.8,200.89,198.78,199.3,14491784
2024-09-25,WMT,Consumer Staples,199.32,200.19,198.21,198.99,68624030
2024-09-26,WMT,Consumer Staples,198.72,198.87,197.2,197.85,57269157
2024-09-27,WMT,Consumer Staples,200.12,201.33,199.14,200.48,55707799
2024-09-30,WMT,Consumer Staples,200.95,201.97,200.19,201.3,48350912
2024-10-01,WMT,Consumer Staples,204.13,205.35,203.67,204.1,48507726
2024-10-02,WMT,Consumer Staples,197.91,199.49,197.58,198.71,57058129
2024-10-03,WMT,Consumer Staples,200.63,202.03,199.26,200.6,102198752
2024-10-04,WMT,Consumer Staples,199.55,199.81,198.54,198.85,42939525
2024-10-07,WMT,Consumer Staples,197.91,199.61,197.21,197.72,51843012
2024-10-08,WMT,Consumer Staples,196.95,197.87,196.63,197.39,34802266
2024-10-09,WMT,Consumer Staples,197.25,197.45,196.93,197.41,11020705
2024-10-10,WMT,Consumer Staples,197.33,197.46,195.83,197.42,56954453
2024-10-11,WMT,Consumer Staples,196.61,196.95,195.05,196.06,37771332
2024-10-14,WMT,Consumer Staples,196.2,196.86,195.36,195.91,99163935
2024-10-15,WMT,Consumer Staples,195.42,196.87,194.52,195.77,57401715
2024-10-16,WMT,Consumer Staples,193.64,193.76,192.56,192.58,56316524
2024-10-17,WMT,Consumer Staples,192.55,193.88,192.08,193.29,54357539
2024-10-18,WMT,Consumer Staples,194.38,194.72,192.02,193.36,93990888
2024-10-21,WMT,Consumer Staples,194.37,194.85,193.52,193.78,63180678
2024-10-22,WMT,Consumer Staples,192.13,193.04,191.44,192.86,61596629
2024-10-23,WMT,Consumer Staples,193.49,194.3,192.4,192.96,60369584
2024-10-24,WMT,Consumer Staples,189.21,189.39,188.29,188.82,42683553
2024-10-25,WMT,Consumer Staples,186.9,188.94,186.52,187.85,24579597
2024-10-28,WMT,Consumer Staples,187.92,187.98,186.36,187.05,71968385
2024-10-29,WMT,Consumer Staples,187.01,189.65,184.81,187.0,83912867
2024-10-30,WMT,Consumer Staples,186.48,188.06,185.18,186.99,84008726
2024-10-31,WMT,Consumer Staples,187.37,189.06,186.47,188.82,64032012
2024-11-01,WMT,Consumer Staples,185.94,186.89,185.65,186.77,60469062
2024-11-04,WMT,Consumer Staples,187.93,188.8,187.07,188.16,53379767
2024-11-05,WMT,Consumer Staples,192.85,192.97,191.6,191.97,83222009
2024-11-06,WMT,Consumer Staples,191.84,192.31,190.5,191.08,91269103
2024-11-07,WMT,Consumer Staples,192.47,192.53,192.27,192.53,82524897
2024-11-08,WMT,Consumer Staples,196.59,196.65,193.44,195.33,45474023
2024-11-11,WMT,Consumer Staples,197.96,198.66,197.31,198.13,69463145
2024-11-12,WMT,Consumer Staples,197.29,198.82,195.92,197.6,50030385
2024-11-13,WMT,Consumer Staples,200.03,201.12,199.64,199.78,60007659
2024-11-14,WMT,Consumer Staples,201.45,202.3,201.26,201.55,53613873
2024-11-15,WMT,Consumer Staples,204.63,205.69,203.94,204.03,31307588
2024-11-18,WMT,Consumer Staples,205.34,206.39,204.59,205.49,56348862
2024-11-19,WMT,Consumer Staples,207.59,209.16,206.61,207.94,72317619
2024-11-20,WMT,Consumer Staples,208.01,208.12,206.44,207.52,50617860
2024-11-21,WMT,Consumer Staples,207.93,208.71,205.68,206.62,28875911
2024-11-22,WMT,Consumer Staples,201.42,203.48,201.25,202.16,73286679
2024-11-25,WMT,Consumer Staples,201.38,202.49,200.98,201.36,73043061
2024-11-26,WMT,Consumer Staples,200.58,201.42,199.36,200.78,48076185
2024-11-27,WMT,Consumer Staples,196.79,197.28,196.42,197.21,50846381
2024-11-28,WMT,Consumer Staples,197.45,197.83,196.37,197.34,93671657
2024-11-29,WMT,Consumer Staples,199.07,199.92,198.16,199.51,58599990
2024-12-02,WMT,Consumer Staples,197.82,199.14,197.55,197.74,82087635
2024-12-03,WMT,Consumer Staples,201.66,203.16,200.05,201.49,65947027
2024-12-04,WMT,Consumer Staples,200.66,202.33,199.84,202.28,84973853
2024-12-05,WMT,Consumer Staples,204.49,204.73,203.59,204.04,106119937
2024-12-06,WMT,Consumer Staples,204.03,204.82,203.64,203.99,77564362
2024-12-09,WMT,Consumer Staples,202.77,203.27,201.59,202.22,72713217
2024-12-10,WMT,Consumer Staples,203.82,203.85,202.37,203.37,37961272
2024-12-11,WMT,Consumer Staples,204.97,205.06,204.0,204.96,37338202
2024-12-12,WMT,Consumer Staples,204.81,205.21,204.57,204.66,64172097
2024-12-13,WMT,Consumer Staples,204.45,206.27,204.1,205.23,39468675
2024-12-16,WMT,Consumer Staples,205.06,206.5,204.72,205.27,37369711
2024-12-17,WMT,Consumer Staples,203.51,204.49,202.9,203.98,63590934
2024-12-18,WMT,Consumer Staples,204.52,205.37,204.27,204.7,39545786
2024-12-19,WMT,Consumer Staples,204.28,204.68,202.67,203.31,59076183
2024-12-20,WMT,Consumer Staples,204.93,205.21,204.72,204.91,38087617
2024-12-23,WMT,Consumer Staples,210.26,210.27,208.36,209.71,51919112
2024-12-24,WMT,Consumer Staples,211.68,214.6,211.54,212.07,76899819
2024-12-25,WMT,Consumer Staples,211.66,212.33,211.65,211.73,47412095
2024-12-26,WMT,Consumer Staples,212.05,213.61,211.27,212.52,70856146
2024-12-27,WMT,Consumer Staples,214.8,216.72,214.39,214.98,38556659
2024-12-30,WMT,Consumer Staples,214.91,216.24,214.74,214.82,53831479
2024-12-31,WMT,Consumer Staples,214.51,217.47,214.23,216.07,51304535
2025-01-01,WMT,Consumer Staples,218.03,218.07,217.36,217.68,33824765
2025-01-02,WMT,Consumer Staples,218.21,219.97,218.0,218.3,84963011
2025-01-03,WMT,Consumer Staples,217.78,219.07,215.93,218.77,56581757
2025-01-06,WMT,Consumer Staples,221.43,221.77,220.59,221.12,14080282
2025-01-07,WMT,Consumer Staples,224.17,226.14,223.38,225.0,54620984
2025-01-08,WMT,Consumer Staples,224.97,225.89,223.7,224.86,42222560
2025-01-09,WMT,Consumer Staples,228.0,229.21,227.54,227.7,81079815
2025-01-10,WMT,Consumer Staples,223.73,225.04,222.77,224.37,38613260
2025-01-13,WMT,Consumer Staples,225.51,226.39,225.24,225.51,68640868
2025-01-14,WMT,Consumer Staples,221.4,222.09,219.3,220.65,49403854
2025-01-15,WMT,Consumer Staples,219.83,220.54,218.1,218.99,51240778
2025-01-16,WMT,Consumer Staples,217.92,219.88,215.88,216.78,23906576
2025-01-17,WMT,Consumer Staples,218.79,220.43,218.0,220.38,66319108
2025-01-20,WMT,Consumer Staples,219.33,221.12,218.52,219.81,93129697
2025-01-21,WMT,Consumer Staples,219.31,220.48,217.03,219.76,52678090
2025-01-22,WMT,Consumer Staples,219.21,219.82,218.96,219.32,82872911
2025-01-23,WMT,Consumer Staples,215.94,216.23,214.7,216.21,51772353
2025-01-24,WMT,Consumer Staples,216.22,217.18,214.78,216.88,75776312
2025-01-27,WMT,Consumer Staples,216.53,218.65,215.34,217.1,67003113
2025-01-28,WMT,Consumer Staples,214.39,215.93,213.62,215.38,41196084
2025-01-29,WMT,Consumer Staples,219.44,219.58,217.83,218.41,41654589
2025-01-30,WMT,Consumer Staples,221.05,221.88,219.61,221.41,58363717
2025-01-31,WMT,Consumer Staples,218.95,220.47,217.44,218.68,55482661
2025-02-03,WMT,Consumer Staples,218.17,219.22,216.7,217.23,84256414
2025-02-04,WMT,Consumer Staples,218.09,218.59,218.01,218.3,73003148
2025-02-05,WMT,Consumer Staples,216.94,217.68,215.86,217.34,63357131
2025-02-06,WMT,Consumer Staples,217.52,218.39,215.73,216.92,48863116
2025-02-07,WMT,Consumer Staples,215.56,215.76,214.73,214.76,56632835
2025-02-10,WMT,Consumer Staples,212.99,213.24,212.16,212.65,73824587
2025-02-11,WMT,Consumer Staples,210.83,212.71,210.08,211.59,67244925
2025-02-12,WMT,Consumer Staples,211.82,212.33,210.67,211.92,71096238
2025-02-13,WMT,Consumer Staples,212.36,213.88,211.52,212.39,40517700
2025-02-14,WMT,Consumer Staples,209.28,210.8,208.12,210.71,68484367
2025-02-17,WMT,Consumer Staples,209.32,209.83,208.24,208.34,54589344
2025-02-18,WMT,Consumer Staples,205.95,206.58,204.46,205.8,92815609
2025-02-19,WMT,Consumer Staples,208.93,209.49,207.6,207.89,60886016
2025-02-20,WMT,Consumer Staples,212.77,212.89,211.58,212.36,47293586
2025-02-21,WMT,Consumer Staples,213.88,214.09,213.3,213.32,54876099
2025-02-24,WMT,Consumer Staples,207.34,208.04,206.96,207.9,42762535
2025-02-25,WMT,Consumer Staples,208.46,209.21,207.95,209.13,78554804
2025-02-26,WMT,Consumer Staples,210.77,213.02,210.53,211.66,34167481
2025-02-27,WMT,Consumer Staples,210.08,211.91,208.72,210.33,90420702
2025-02-28,WMT,Consumer Staples,211.79,212.69,211.7,212.24,56776537
2025-03-03,WMT,Consumer Staples,214.8,216.59,213.43,214.56,54475426
2025-03-04,WMT,Consumer Staples,217.05,217.79,216.42,217.38,60536731
2025-03-05,WMT,Consumer Staples,216.05,216.77,215.87,216.16,36083271
2025-03-06,WMT,Consumer Staples,216.61,216.84,214.8,216.37,60328271
2025-03-07,WMT,Consumer Staples,216.47,217.12,215.73,216.82,32600328
2025-03-10,WMT,Consumer Staples,220.51,221.25,219.72,219.73,65070143
2025-03-11,WMT,Consumer Staples,219.41,219.42,217.82,218.88,62338944
2025-03-12,WMT,Consumer Staples,221.66,222.19,220.94,221.0,67588574
2025-03-13,WMT,Consumer Staples,221.5,222.58,220.31,221.65,30826915
2025-03-14,WMT,Consumer Staples,224.58,226.59,223.36,223.83,75852733
2025-03-17,WMT,Consumer Staples,225.15,226.04,224.96,225.58,48476973
2025-03-18,WMT,Consumer Staples,223.28,224.31,222.53,224.16,30780679
2025-03-19,WMT,Consumer Staples,224.94,225.07,224.55,224.82,66230544
2025-03-20,WMT,Consumer Staples,223.59,223.92,222.37,223.32,67496138
2025-03-21,WMT,Consumer Staples,224.38,224.44,223.03,223.32,52307888
2025-03-24,WMT,Consumer Staples,228.08,228.22,227.2,227.28,95151462
2025-03-25,WMT,Consumer Staples,225.46,226.69,225.4,226.37,51475621
2025-03-26,WMT,Consumer Staples,224.4,225.64,224.03,225.04,66215042
2025-03-27,WMT,Consumer Staples,225.26,226.86,223.6,224.68,67244904
2025-03-28,WMT,Consumer Staples,226.68,228.01,225.46,226.25,56148902
2025-03-31,WMT,Consumer Staples,228.33,229.11,226.55,227.82,50329314
2025-04-01,WMT,Consumer Staples,228.51,228.99,228.16,228.69,89857157
2025-04-02,WMT,Consumer Staples,225.77,227.69,225.39,226.93,56898492
2025-04-03,WMT,Consumer Staples,226.9,227.69,225.44,226.42,65932908
2025-04-04,WMT,Consumer Staples,228.47,231.19,227.42,229.66,77805270
2025-04-07,WMT,Consumer Staples,226.66,227.41,225.94,226.23,48547769
2025-04-08,WMT,Consumer Staples,226.17,227.1,224.22,226.87,46636833
2025-04-09,WMT,Consumer Staples,227.31,228.11,225.04,226.43,75926562
2025-04-10,WMT,Consumer Staples,227.39,228.7,226.06,227.54,50926627
2025-04-11,WMT,Consumer Staples,228.82,229.62,227.09,227.9,77600830
2025-04-14,WMT,Consumer Staples,223.5,224.54,222.38,224.54,82429702
2025-04-15,WMT,Consumer Staples,225.62,226.83,224.61,225.91,43245143
2025-04-16,WMT,Consumer Staples,223.92,224.26,222.83,223.76,93202337
2025-04-17,WMT,Consumer Staples,219.93,221.22,219.76,221.18,21924659
2025-04-18,WMT,Consumer Staples,222.22,222.88,221.25,221.34,62903144
2025-04-21,WMT,Consumer Staples,219.52,221.43,218.15,220.48,55124730
2025-04-22,WMT,Consumer Staples,217.01,219.04,216.98,218.78,60757101
2025-04-23,WMT,Consumer Staples,216.67,218.01,215.95,217.98,60789960
2025-04-24,WMT,Consumer Staples,216.76,217.11,215.22,216.43,99685702
2025-04-25,WMT,Consumer Staples,219.09,220.17,218.44,219.83,53920762
2025-04-28,WMT,Consumer Staples,218.78,220.75,217.7,220.58,28880507
2025-04-29,WMT,Consumer Staples,220.43,222.11,219.51,220.28,61195396
2025-04-30,WMT,Consumer Staples,221.63,222.38,220.3,222.01,76324228
2025-05-01,WMT,Consumer Staples,221.11,222.08,220.26,221.64,99840386
2025-05-02,WMT,Consumer Staples,222.15,224.0,219.18,221.12,43893865
2025-05-05,WMT,Consumer Staples,222.64,225.04,222.52,223.23,72879778
2025-05-06,WMT,Consumer Staples,221.33,222.28,220.59,221.74,17522398
2025-05-07,WMT,Consumer Staples,220.04,220.5,219.06,219.53,56902406
2025-05-08,WMT,Consumer Staples,221.14,221.35,220.41,221.02,40329985
2025-05-09,WMT,Consumer Staples,223.23,223.41,221.32,221.43,94829877
2025-05-12,WMT,Consumer Staples,220.61,223.55,220.53,221.83,45954530
2025-05-13,WMT,Consumer Staples,220.36,222.23,220.06,221.11,61914623
2025-05-14,WMT,Consumer Staples,222.89,223.13,222.02,222.48,82878431
2025-05-15,WMT,Consumer Staples,221.24,222.56,219.17,219.48,66340214
2025-05-16,WMT,Consumer Staples,215.65,217.03,214.99,215.28,37368966
2025-05-19,WMT,Consumer Staples,215.21,215.56,213.53,214.48,70358972
2025-05-20,WMT,Consumer Staples,217.07,217.67,215.11,215.88,57018538
2025-05-21,WMT,Consumer Staples,219.07,219.13,217.63,218.62,61573445
2025-05-22,WMT,Consumer Staples,220.54,221.17,218.79,219.87,49709600
2025-05-23,WMT,Consumer Staples,217.02,218.25,215.27,217.9,47484051
2025-05-26,WMT,Consumer Staples,215.77,216.86,215.51,215.96,56509177
2025-05-27,WMT,Consumer Staples,219.45,220.37,218.31,218.62,67400324
2025-05-28,WMT,Consumer Staples,220.64,221.09,219.63,220.65,93918993
2025-05-29,WMT,Consumer Staples,221.97,222.25,220.04,221.92,60814687
2025-05-30,WMT,Consumer Staples,225.73,227.0,223.8,224.02,29368738
2025-06-02,WMT,Consumer Staples,224.37,224.56,223.96,224.45,57489048
2025-06-03,WMT,Consumer Staples,223.76,224.13,223.08,224.04,84918648
2025-06-04,WMT,Consumer Staples,222.99,223.92,221.92,223.73,39935750
2025-06-05,WMT,Consumer Staples,224.72,225.33,224.56,225.21,34568412
2025-06-06,WMT,Consumer Staples,225.52,226.7,224.59,225.8,78811132
2025-06-09,WMT,Consumer Staples,220.49,221.48,218.99,221.42,80244863
2025-06-10,WMT,Consumer Staples,223.71,223.72,222.77,223.42,63719863
2025-06-11,WMT,Consumer Staples,225.75,225.87,223.89,224.79,49992161
2025-06-12,WMT,Consumer Staples,226.85,227.0,224.11,225.57,57959393
2025-06-13,WMT,Consumer Staples,229.33,230.83,227.9,228.81,21974770
2025-06-16,WMT,Consumer Staples,227.35,227.78,225.73,227.01,49915697
2025-06-17,WMT,Consumer Staples,224.46,225.39,224.09,224.65,47824050
2025-06-18,WMT,Consumer Staples,225.91,227.15,224.11,225.83,74871439
2025-06-19,WMT,Consumer Staples,223.7,225.18,222.77,224.17,68012192
2025-06-20,WMT,Consumer Staples,227.27,228.19,225.74,227.96,67114116
2025-06-23,WMT,Consumer Staples,226.83,227.0,226.26,226.44,72139658
2025-06-24,WMT,Consumer Staples,224.98,225.68,223.82,224.87,63903532
2025-06-25,WMT,Consumer Staples,224.14,225.22,223.99,224.01,54502070
2025-06-26,WMT,Consumer Staples,223.03,224.74,220.93,223.4,66519765
2025-06-27,WMT,Consumer Staples,222.62,222.8,222.33,222.63,55321755
2025-06-30,WMT,Consumer Staples,222.42,223.13,221.98,222.1,63351885
2025-07-01,WMT,Consumer Staples,220.72,221.8,220.4,221.35,40646309
2025-07-02,WMT,Consumer Staples,217.18,218.67,217.07,217.96,54925270
2025-07-03,WMT,Consumer Staples,220.03,220.35,218.33,219.11,69400113
2025-07-04,WMT,Consumer Staples,217.57,218.9,216.89,218.21,100000
2025-07-07,WMT,Consumer Staples,218.3,219.12,217.13,217.93,93659552
2025-07-08,WMT,Consumer Staples,216.31,216.6,214.38,215.34,54496551
2025-07-09,WMT,Consumer Staples,211.83,212.75,211.61,212.1,62921588
2025-07-10,WMT,Consumer Staples,212.96,213.58,211.3,211.96,35804651
2025-07-11,WMT,Consumer Staples,215.67,216.45,214.25,215.3,51117337
2025-07-14,WMT,Consumer Staples,218.94,219.69,217.45,218.63,61910441
2025-07-15,WMT,Consumer Staples,217.28,217.73,216.63,216.7,107967808
2025-07-16,WMT,Consumer Staples,216.39,216.4,214.98,215.14,70254402
2025-07-17,WMT,Consumer Staples,215.52,216.66,214.43,215.56,51671317
2025-07-18,WMT,Consumer Staples,210.3,211.14,208.62,209.87,37583329
2025-07-21,WMT,Consumer Staples,207.64,209.42,206.58,208.69,67071950
2025-07-22,WMT,Consumer Staples,209.35,209.48,209.18,209.2,80009481
2025-07-23,WMT,Consumer Staples,208.12,210.38,207.53,208.77,48703799
2025-07-24,WMT,Consumer Staples,204.23,205.31,202.62,204.86,39488573
2025-07-25,WMT,Consumer Staples,199.72,201.37,198.46,201.16,45105292
2025-07-28,WMT,Consumer Staples,197.86,199.75,197.36,198.33,103435365
2025-07-29,WMT,Consumer Staples,198.32,198.5,197.08,198.22,53489607
2025-07-30,WMT,Consumer Staples,196.76,198.67,195.25,196.62,64144070
2025-07-31,WMT,Consumer Staples,199.66,200.45,198.72,199.72,45535816
2025-08-01,WMT,Consumer Staples,197.43,197.47,196.75,197.1,61348241
2025-08-04,WMT,Consumer Staples,199.95,201.01,198.55,199.57,46868700
2025-08-05,WMT,Consumer Staples,197.25,197.73,196.99,197.22,60949123
2025-08-06,WMT,Consumer Staples,202.67,203.4,201.88,202.23,44658648
2025-08-07,WMT,Consumer Staples,203.84,204.04,203.57,203.62,66975027
2025-08-08,WMT,Consumer Staples,198.39,200.77,197.44,199.15,53830359
2025-08-11,WMT,Consumer Staples,201.87,202.57,200.6,201.62,63338423
2025-08-12,WMT,Consumer Staples,200.63,200.97,199.23,200.74,63793626
2025-08-13,WMT,Consumer Staples,203.55,203.81,202.5,202.65,50163868
2025-08-14,WMT,Consumer Staples,203.34,204.34,202.33,202.68,63507623
2025-08-15,WMT,Consumer Staples,202.15,202.47,201.38,202.01,78993152
2025-08-18,WMT,Consumer Staples,201.88,202.86,200.64,201.54,35558621
2025-08-19,WMT,Consumer Staples,200.46,201.38,198.58,199.23,73569692
2025-08-20,WMT,Consumer Staples,198.12,199.75,196.46,198.4,55990568
2025-08-21,WMT,Consumer Staples,196.8,198.0,194.9,195.88,72816448
2025-08-22,WMT,Consumer Staples,195.19,196.09,193.44,195.01,75971830
2025-08-25,WMT,Consumer Staples,194.78,196.15,194.23,195.43,74766030
2025-08-26,WMT,Consumer Staples,197.19,198.06,196.74,197.55,50289943
2025-08-27,WMT,Consumer Staples,200.63,202.3,200.31,200.53,51545076
2025-08-28,WMT,Consumer Staples,200.65,200.79,199.92,200.56,85440457
2025-08-29,WMT,Consumer Staples,198.2,199.03,196.63,198.35,58790898
2025-09-01,WMT,Consumer Staples,197.28,199.77,196.39,198.29,88049230
2025-09-02,WMT,Consumer Staples,198.87,200.98,197.2,198.02,40711814
2025-09-03,WMT,Consumer Staples,200.38,201.09,200.28,200.68,46749962
2025-09-04,WMT,Consumer Staples,201.76,203.19,201.52,202.48,79023249
2025-09-05,WMT,Consumer Staples,202.65,203.66,201.58,203.0,100000
2025-09-08,WMT,Consumer Staples,206.06,206.64,205.33,206.14,36698837
2025-09-09,WMT,Consumer Staples,204.71,205.95,203.97,205.14,29589368
2025-09-10,WMT,Consumer Staples,205.16,208.3,203.14,206.48,55175777
2025-09-11,WMT,Consumer Staples,206.43,206.57,205.37,205.49,62481161
2025-09-12,WMT,Consumer Staples,204.96,205.98,204.26,204.57,62443858
2025-09-15,WMT,Consumer Staples,199.22,201.43,198.38,200.39,14917495
2025-09-16,WMT,Consumer Staples,200.11,200.72,199.43,200.64,86563826
2025-09-17,WMT,Consumer Staples,200.56,202.82,200.52,200.94,51998587
2025-09-18,WMT,Consumer Staples,201.06,201.31,200.51,200.72,95846379
2025-09-19,WMT,Consumer Staples,201.83,202.62,201.0,201.68,85507222
2025-09-22,WMT,Consumer Staples,204.16,205.43,202.43,203.74,56919613
2025-09-23,WMT,Consumer Staples,204.13,204.69,202.39,203.75,34204154
2025-09-24,WMT,Consumer Staples,206.05,206.46,204.21,205.03,79431906
2025-09-25,WMT,Consumer Staples,205.46,206.16,205.32,205.85,64653797
2025-09-26,WMT,Consumer Staples,208.79,210.36,207.44,208.11,72650060
2025-09-29,WMT,Consumer Staples,210.48,210.66,208.28,209.27,67845139
2025-09-30,WMT,Consumer Staples,213.53,213.72,211.95,213.14,63234843
2025-10-01,WMT,Consumer Staples,213.98,214.47,213.67,213.76,39008581
2025-10-02,WMT,Consumer Staples,211.25,212.21,210.13,211.8,44901891
2025-10-03,WMT,Consumer Staples,214.99,216.24,212.75,214.53,48522710
2025-10-06,WMT,Consumer Staples,216.73,217.02,215.75,215.95,64367801
2025-10-07,WMT,Consumer Staples,217.75,218.18,216.58,217.03,48332201
2025-10-08,WMT,Consumer Staples,213.33,214.76,212.68,213.74,44820191
2025-10-09,WMT,Consumer Staples,217.17,217.37,216.61,216.97,89674129
2025-10-10,WMT,Consumer Staples,218.78,219.35,217.1,219.2,50401514
2025-10-13,WMT,Consumer Staples,219.06,220.74,217.35,219.94,38799030
2025-10-14,WMT,Consumer Staples,213.68,213.94,213.33,213.73,50008396
2025-10-15,WMT,Consumer Staples,212.73,213.09,212.64,213.06,61855323
2025-10-16,WMT,Consumer Staples,217.05,217.56,216.38,217.18,68330778
2025-10-17,WMT,Consumer Staples,218.25,219.32,218.18,218.27,53241870
2025-10-20,WMT,Consumer Staples,215.64,215.83,214.85,215.68,19423128
2025-10-21,WMT,Consumer Staples,214.72,215.43,213.68,214.53,77616596
2025-10-22,WMT,Consumer Staples,212.68,214.21,211.22,213.73,63454097
2025-10-23,WMT,Consumer Staples,216.0,216.41,214.97,216.2,27884808
2025-10-24,WMT,Consumer Staples,213.83,214.25,212.38,212.99,44294710
2025-10-27,WMT,Consumer Staples,216.38,216.4,214.14,215.29,65708210
2025-10-28,WMT,Consumer Staples,217.89,218.92,216.96,217.04,72462240
2025-10-29,WMT,Consumer Staples,221.68,222.48,221.36,221.96,100000
2025-10-30,WMT,Consumer Staples,222.53,223.38,222.38,223.2,55850576
2025-10-31,WMT,Consumer Staples,220.54,221.61,220.17,220.48,10358515
2025-11-03,WMT,Consumer Staples,221.72,223.41,219.59,220.43,25531576
2025-11-04,WMT,Consumer Staples,219.23,219.48,217.96,218.3,17200768
2025-11-05,WMT,Consumer Staples,219.68,220.05,218.66,219.2,75178500
2025-11-06,WMT,Consumer Staples,223.19,223.38,222.35,223.07,47673895
2025-11-07,WMT,Consumer Staples,222.01,222.76,219.58,221.21,36922340
2025-11-10,WMT,Consumer Staples,223.73,224.01,222.79,223.33,16918339
2025-11-11,WMT,Consumer Staples,220.01,222.23,219.13,222.0,22634910
2025-11-12,WMT,Consumer Staples,218.96,220.0,218.61,218.61,74220179
2025-11-13,WMT,Consumer Staples,222.28,222.52,221.43,222.16,94200059
2025-11-14,WMT,Consumer Staples,222.36,222.81,221.47,222.73,59490082
2025-11-17,WMT,Consumer Staples,223.77,224.91,222.5,223.88,71986496
2025-11-18,WMT,Consumer Staples,226.57,227.21,225.0,225.86,65051388
2025-11-19,WMT,Consumer Staples,222.09,223.86,220.37,222.07,68660726
2025-11-20,WMT,Consumer Staples,221.94,222.61,220.68,221.54,49724843
2025-11-21,WMT,Consumer Staples,216.88,219.22,214.53,217.95,49684901
2025-11-24,WMT,Consumer Staples,216.45,218.0,215.5,216.86,44784065
2025-11-25,WMT,Consumer Staples,220.2,223.02,218.77,219.41,38610449
2025-11-26,WMT,Consumer Staples,219.67,220.84,219.37,220.45,58417971
2025-11-27,WMT,Consumer Staples,218.85,220.33,218.18,219.14,70660932
2025-11-28,WMT,Consumer Staples,219.49,219.66,218.62,219.25,66692260
2025-12-01,WMT,Consumer Staples,219.26,219.76,217.61,218.98,63125116
2025-12-02,WMT,Consumer Staples,219.51,220.49,218.87,219.71,59925676
2025-12-03,WMT,Consumer Staples,219.94,220.36,218.13,218.39,54286322
2025-12-04,WMT,Consumer Staples,217.41,219.25,217.14,218.18,62983943
2025-12-05,WMT,Consumer Staples,217.86,219.24,217.05,218.56,45485833
2025-12-08,WMT,Consumer Staples,219.63,220.14,218.85,219.54,55434712
2025-12-09,WMT,Consumer Staples,220.75,221.54,219.46,220.08,66027417
2025-12-10,WMT,Consumer Staples,216.22,217.5,214.72,216.53,64991587
2025-12-11,WMT,Consumer Staples,214.39,214.47,213.23,213.85,55692951
2025-12-12,WMT,Consumer Staples,214.75,215.68,213.94,215.24,65246355
2025-12-15,WMT,Consumer Staples,214.99,215.65,213.99,214.74,41054935
2025-12-16,WMT,Consumer Staples,212.85,214.08,212.07,213.84,25204150
2025-12-17,WMT,Consumer Staples,213.4,214.36,213.25,213.35,86465223
2025-12-18,WMT,Consumer Staples,213.72,213.87,212.55,212.87,49525891
2025-12-19,WMT,Consumer Staples,209.24,210.22,208.02,209.16,11565780
2025-12-22,WMT,Consumer Staples,212.81,214.56,211.11,212.82,52787844
2025-12-23,WMT,Consumer Staples,212.5,212.76,211.43,212.63,38880028
2025-12-24,WMT,Consumer Staples,211.47,213.17,210.91,212.72,12367217
2025-12-25,WMT,Consumer Staples,213.09,214.1,212.86,212.94,49259204
2025-12-26,WMT,Consumer Staples,214.34,215.8,214.1,215.04,57496611
2025-12-29,WMT,Consumer Staples,216.94,217.19,216.43,216.56,40148110
2025-12-30,WMT,Consumer Staples,215.73,216.58,214.9,216.45,72113987
2025-12-31,WMT,Consumer Staples,214.53,215.17,213.68,214.61,33887654
2024-01-26,XOM,Energy,104.09,105.28,103.91,105.0,9724946
2024-01-29,XOM,Energy,103.95,104.43,103.65,104.33,7934437
2024-01-30,XOM,Energy,105.98,106.64,105.13,105.61,8517217
2024-01-31,XOM,Energy,104.69,106.23,104.11,105.46,8373059
2024-02-01,XOM,Energy,104.54,105.47,104.35,105.23,2399240
2024-02-02,XOM,Energy,103.75,105.07,103.26,104.33,5225082
2024-02-05,XOM,Energy,102.66,104.93,101.63,103.21,7546196
2024-02-06,XOM,Energy,104.04,104.18,102.85,103.05,9760023
2024-02-07,XOM,Energy,101.17,101.51,100.33,100.33,7512095
2024-02-08,XOM,Energy,100.9,101.7,100.86,101.44,11037413
2024-02-09,XOM,Energy,98.06,98.99,98.01,98.28,10677222
2024-02-12,XOM,Energy,100.45,100.87,99.44,100.11,9608645
2024-02-13,XOM,Energy,99.8,101.25,98.17,99.26,8653755
2024-02-14,XOM,Energy,98.89,99.36,97.6,99.12,9597778
2024-02-15,XOM,Energy,99.57,100.87,98.23,100.11,3661422
2024-02-16,XOM,Energy,99.65,100.39,98.48,99.67,7162465
2024-02-19,XOM,Energy,98.79,99.3,98.37,98.48,3106047
2024-02-20,XOM,Energy,99.07,100.08,98.05,99.01,4843825
2024-02-21,XOM,Energy,103.31,103.69,102.54,102.76,5193264
2024-02-22,XOM,Energy,103.99,105.16,103.02,104.19,13160422
2024-02-23,XOM,Energy,103.2,103.71,102.79,102.91,3222643
2024-02-26,XOM,Energy,101.9,102.67,101.64,102.34,5836966
2024-02-27,XOM,Energy,101.59,102.18,100.07,101.57,3884200
2024-02-28,XOM,Energy,100.29,100.47,99.53,99.84,8762307
2024-02-29,XOM,Energy,100.99,101.77,100.69,100.91,7879583
2024-03-01,XOM,Energy,100.46,101.16,99.53,100.41,946645
2024-03-04,XOM,Energy,100.88,101.64,100.75,101.0,10086605
2024-03-05,XOM,Energy,95.88,98.11,95.74,96.57,8433216
2024-03-06,XOM,Energy,97.04,97.78,96.39,97.75,7985885
2024-03-07,XOM,Energy,96.89,96.93,95.91,96.82,3836461
2024-03-08,XOM,Energy,95.79,96.36,94.55,95.22,5296878
2024-03-11,XOM,Energy,93.03,93.89,92.25,93.11,10381237
2024-03-12,XOM,Energy,91.42,92.23,91.4,91.7,4530901
2024-03-13,XOM,Energy,90.2,91.13,89.87,91.08,10603618
2024-03-14,XOM,Energy,92.79,94.03,91.65,92.51,9361077
2024-03-15,XOM,Energy,92.08,92.85,90.48,91.86,6189349
2024-03-18,XOM,Energy,92.56,93.86,92.09,93.44,15301738
2024-03-19,XOM,Energy,93.71,94.02,93.45,93.96,6166503
2024-03-20,XOM,Energy,96.3,97.76,94.87,96.91,8859550
2024-03-21,XOM,Energy,95.93,97.4,95.12,96.14,11283262
2024-03-22,XOM,Energy,97.64,98.49,96.71,96.87,6558695
2024-03-25,XOM,Energy,99.62,100.16,98.79,98.97,7325391
2024-03-26,XOM,Energy,99.63,100.28,99.13,100.09,5015651
2024-03-27,XOM,Energy,100.09,101.6,99.14,99.85,6248484
2024-03-28,XOM,Energy,99.26,99.85,99.02,99.08,8914577
2024-03-29,XOM,Energy,95.78,96.12,95.55,95.86,6113935
2024-04-01,XOM,Energy,95.35,95.91,94.17,95.52,10581560
2024-04-02,XOM,Energy,93.53,94.79,93.19,94.07,7696867
2024-04-03,XOM,Energy,93.28,94.07,92.43,93.26,7454052
2024-04-04,XOM,Energy,93.28,93.72,92.61,93.39,8877710
2024-04-05,XOM,Energy,90.76,91.34,90.07,90.96,7943093
2024-04-08,XOM,Energy,89.76,90.21,88.77,89.47,11293664
2024-04-09,XOM,Energy,89.48,90.36,89.21,90.11,7246762
2024-04-10,XOM,Energy,87.85,89.09,87.5,88.22,1730388
2024-04-11,XOM,Energy,88.21,88.35,87.09,88.2,8714343
2024-04-12,XOM,Energy,86.01,86.26,85.89,86.15,13212173
2024-04-15,XOM,Energy,87.26,88.1,86.82,86.96,7377767
2024-04-16,XOM,Energy,87.48,89.05,87.13,87.98,5344233
2024-04-17,XOM,Energy,90.45,90.45,89.59,89.88,1146717
2024-04-18,XOM,Energy,92.4,92.58,91.55,91.83,5121199
2024-04-19,XOM,Energy,93.06,93.73,92.07,92.3,8922777
2024-04-22,XOM,Energy,90.25,90.38,89.14,89.59,7161377
2024-04-23,XOM,Energy,90.05,90.74,88.8,89.64,7738576
2024-04-24,XOM,Energy,89.72,90.93,89.47,90.39,5040758
2024-04-25,XOM,Energy,91.33,91.54,90.48,90.62,6972938
2024-04-26,XOM,Energy,93.23,93.47,92.76,93.23,10639655
2024-04-29,XOM,Energy,95.1,95.68,95.01,95.34,11148387
2024-04-30,XOM,Energy,95.98,96.24,94.63,95.43,7720819
2024-05-01,XOM,Energy,96.27,97.0,95.38,96.69,12862519
2024-05-02,XOM,Energy,94.49,94.85,94.25,94.33,5454082
2024-05-03,XOM,Energy,94.39,95.15,94.34,94.69,7753524
2024-05-06,XOM,Energy,92.63,92.84,92.15,92.7,6842496
2024-05-07,XOM,Energy,92.39,92.58,91.42,92.47,6160297
2024-05-08,XOM,Energy,91.73,92.2,91.23,91.45,8861558
2024-05-09,XOM,Energy,90.99,91.23,89.8,90.49,5397994
2024-05-10,XOM,Energy,89.73,91.0,88.78,89.29,4152998
2024-05-13,XOM,Energy,89.09,89.66,88.52,88.73,7926804
2024-05-14,XOM,Energy,88.07,88.11,87.55,87.91,10199172
2024-05-15,XOM,Energy,88.67,89.67,87.85,88.91,8000488
2024-05-16,XOM,Energy,88.0,89.06,87.69,88.55,11398584
2024-05-17,XOM,Energy,89.12,89.65,88.51,88.53,7928960
2024-05-20,XOM,Energy,89.59,90.02,89.01,89.02,11310229
2024-05-21,XOM,Energy,89.87,90.02,89.22,89.5,6009208
2024-05-22,XOM,Energy,87.77,88.2,87.27,87.92,3678718
2024-05-23,XOM,Energy,86.71,88.14,86.47,87.58,10553254
2024-05-24,XOM,Energy,87.85,88.13,87.6,87.98,4774172
2024-05-27,XOM,Energy,87.35,87.75,85.79,86.71,7110769
2024-05-28,XOM,Energy,85.14,85.93,85.03,85.29,13309160
2024-05-29,XOM,Energy,83.81,83.96,83.25,83.63,8980681
2024-05-30,XOM,Energy,84.03,84.07,83.68,83.96,2711282
2024-05-31,XOM,Energy,83.55,84.27,83.53,83.59,5553662
2024-06-03,XOM,Energy,83.14,84.18,82.51,83.42,5674614
2024-06-04,XOM,Energy,80.68,81.78,80.37,80.94,2141598
2024-06-05,XOM,Energy,81.65,82.57,80.22,81.08,9179101
2024-06-06,XOM,Energy,80.83,81.32,80.04,81.29,5184406
2024-06-07,XOM,Energy,81.24,82.05,81.14,81.7,6280858
2024-06-10,XOM,Energy,83.54,83.91,82.68,83.75,13073190
2024-06-11,XOM,Energy,82.52,82.9,82.05,82.71,9438076
2024-06-12,XOM,Energy,83.24,83.84,82.1,83.44,3908428
2024-06-13,XOM,Energy,82.91,84.38,82.7,83.96,5757283
2024-06-14,XOM,Energy,85.83,86.26,84.62,84.65,5596019
2024-06-17,XOM,Energy,84.44,85.44,83.96,84.25,7342703
2024-06-18,XOM,Energy,85.48,85.57,84.99,85.39,9836479
2024-06-19,XOM,Energy,83.67,84.54,83.37,84.38,10073892
2024-06-20,XOM,Energy,83.55,84.0,83.36,83.75,2661101
2024-06-21,XOM,Energy,83.5,84.52,83.3,83.53,5537722
2024-06-24,XOM,Energy,83.75,83.86,82.81,83.25,10563439
2024-06-25,XOM,Energy,83.45,84.33,83.18,83.82,6487806
2024-06-26,XOM,Energy,83.66,84.95,83.38,84.24,5429336
2024-06-27,XOM,Energy,84.77,85.35,84.6,84.67,8060032
2024-06-28,XOM,Energy,87.07,87.98,86.55,86.62,3956926
2024-07-01,XOM,Energy,85.78,86.76,85.24,86.36,3058563
2024-07-02,XOM,Energy,88.78,89.1,87.64,87.95,7354634
2024-07-03,XOM,Energy,85.62,87.09,84.49,86.41,8767288
2024-07-04,XOM,Energy,85.46,86.51,84.74,86.27,3184889
2024-07-05,XOM,Energy,86.15,86.58,85.88,86.21,7622047
2024-07-08,XOM,Energy,84.56,84.91,83.23,84.34,3245645
2024-07-09,XOM,Energy,84.95,85.06,84.1,84.45,9508103
2024-07-10,XOM,Energy,84.9,85.37,84.5,84.66,3659716
2024-07-11,XOM,Energy,85.44,85.76,85.09,85.57,8458499
2024-07-12,XOM,Energy,85.54,86.65,85.16,86.32,4027944
2024-07-15,XOM,Energy,84.13,84.49,83.32,84.49,4957754
2024-07-16,XOM,Energy,85.75,86.6,85.56,86.25,10625536
2024-07-17,XOM,Energy,85.58,86.46,84.86,85.62,7929539
2024-07-18,XOM,Energy,85.22,86.27,84.1,84.78,7803238
2024-07-19,XOM,Energy,85.09,86.06,84.52,85.54,6568966
2024-07-22,XOM,Energy,86.43,88.28,86.16,86.82,10011233
2024-07-23,XOM,Energy,85.88,87.48,85.68,86.17,9618465
2024-07-24,XOM,Energy,85.89,86.72,85.7,86.15,6452535
2024-07-25,XOM,Energy,87.05,87.67,86.86,87.53,9702037
2024-07-26,XOM,Energy,86.09,87.32,85.71,86.19,10806389
2024-07-29,XOM,Energy,81.44,83.15,80.67,82.14,5796641
2024-07-30,XOM,Energy,82.46,83.53,81.69,82.93,5699105
2024-07-31,XOM,Energy,83.7,84.27,82.87,84.27,8415492
2024-08-01,XOM,Energy,82.46,82.65,81.98,82.03,4245956
2024-08-02,XOM,Energy,82.01,82.46,81.92,82.05,6843009
2024-08-05,XOM,Energy,81.26,82.56,80.29,81.4,11126588
2024-08-06,XOM,Energy,82.36,83.16,81.6,81.62,7114066
2024-08-07,XOM,Energy,78.89,79.0,78.23,78.79,8211588
2024-08-08,XOM,Energy,76.52,77.21,76.0,77.14,7228295
2024-08-09,XOM,Energy,77.84,78.03,76.9,77.76,4345990
2024-08-12,XOM,Energy,77.81,78.11,77.33,77.63,7464560
2024-08-13,XOM,Energy,79.58,79.85,79.21,79.66,8481830
2024-08-14,XOM,Energy,80.33,81.89,79.71,80.5,6509112
2024-08-15,XOM,Energy,79.09,79.95,78.7,79.22,6323008
2024-08-16,XOM,Energy,79.26,80.61,78.92,80.23,7166162
2024-08-19,XOM,Energy,82.89,83.1,82.4,82.61,13856781
2024-08-20,XOM,Energy,81.64,83.27,81.04,82.55,12097477
2024-08-21,XOM,Energy,82.89,83.3,82.62,83.16,9009886
2024-08-22,XOM,Energy,84.37,84.52,83.63,84.37,8585655
2024-08-23,XOM,Energy,83.86,84.36,82.48,84.18,8910345
2024-08-26,XOM,Energy,81.26,82.02,80.8,81.2,9710365
2024-08-27,XOM,Energy,82.14,82.2,80.43,82.01,9666625
2024-08-28,XOM,Energy,83.69,83.73,83.09,83.16,9085131
2024-08-29,XOM,Energy,85.22,85.31,84.95,85.28,6104069
2024-08-30,XOM,Energy,83.82,83.87,83.18,83.73,5847587
2024-09-02,XOM,Energy,81.43,82.45,81.21,82.27,9949600
2024-09-03,XOM,Energy,81.07,81.65,80.44,81.35,9395373
2024-09-04,XOM,Energy,80.84,81.54,80.6,81.16,11671288
2024-09-05,XOM,Energy,81.96,82.05,81.19,81.95,6490786
2024-09-06,XOM,Energy,80.14,80.45,79.32,80.43,6583731
2024-09-09,XOM,Energy,81.35,82.3,80.88,81.77,5949043
2024-09-10,XOM,Energy,83.19,83.44,81.74,83.07,9862134
2024-09-11,XOM,Energy,84.43,84.64,83.07,84.42,10646411
2024-09-12,XOM,Energy,84.24,84.28,83.7,84.02,9230291
2024-09-13,XOM,Energy,80.7,81.08,80.13,80.87,8623742
2024-09-16,XOM,Energy,83.01,83.29,82.23,83.12,9480582
2024-09-17,XOM,Energy,81.84,82.65,81.59,82.33,10470367
2024-09-18,XOM,Energy,83.39,83.6,82.6,83.37,5630746
2024-09-19,XOM,Energy,84.11,84.22,83.53,83.59,10812787
2024-09-20,XOM,Energy,85.71,86.14,84.54,85.24,3120761
2024-09-23,XOM,Energy,85.41,85.61,84.55,85.21,8431361
2024-09-24,XOM,Energy,85.25,85.45,83.69,85.36,7654476
2024-09-25,XOM,Energy,85.92,87.11,85.18,85.66,8790045
2024-09-26,XOM,Energy,85.61,86.64,85.19,86.32,4747404
2024-09-27,XOM,Energy,84.24,85.43,84.05,84.55,5068747
2024-09-30,XOM,Energy,87.64,88.13,87.07,87.29,9936753
2024-10-01,XOM,Energy,87.68,88.19,86.84,87.23,4369338
2024-10-02,XOM,Energy,87.37,88.53,87.15,88.13,6693491
2024-10-03,XOM,Energy,90.43,91.52,90.22,90.45,7312304
2024-10-04,XOM,Energy,89.65,91.86,88.85,90.49,5598823
2024-10-07,XOM,Energy,89.32,89.47,88.01,89.01,9314039
2024-10-08,XOM,Energy,87.46,88.12,86.77,87.5,5720408
2024-10-09,XOM,Energy,87.3,87.43,86.81,86.88,7811463
2024-10-10,XOM,Energy,87.25,87.67,86.66,87.41,3458317
2024-10-11,XOM,Energy,87.64,88.52,87.59,88.11,10020956
2024-10-14,XOM,Energy,90.02,90.83,89.81,89.85,8831132
2024-10-15,XOM,Energy,87.66,87.94,87.39,87.55,5980975
2024-10-16,XOM,Energy,87.34,88.8,87.1,87.93,5170236
2024-10-17,XOM,Energy,89.16,89.52,88.1,88.9,6377115
2024-10-18,XOM,Energy,90.78,90.84,89.42,89.82,7878824
2024-10-21,XOM,Energy,85.56,87.03,85.41,86.18,4027046
2024-10-22,XOM,Energy,85.45,85.8,85.02,85.68,5666759
2024-10-23,XOM,Energy,88.07,88.63,86.55,86.91,2299558
2024-10-24,XOM,Energy,85.7,85.97,85.05,85.76,11342448
2024-10-25,XOM,Energy,84.26,84.44,83.83,84.07,5894455
2024-10-28,XOM,Energy,85.46,86.05,84.71,84.92,9031996
2024-10-29,XOM,Energy,84.76,86.25,84.7,85.4,10108268
2024-10-30,XOM,Energy,86.11,86.7,85.17,85.78,5042545
2024-10-31,XOM,Energy,85.86,86.74,84.25,84.88,7551897
2024-11-01,XOM,Energy,83.05,83.36,82.68,83.03,9788105
2024-11-04,XOM,Energy,84.41,84.57,84.4,84.42,6144294
2024-11-05,XOM,Energy,88.48,89.43,88.02,89.25,7038511
2024-11-06,XOM,Energy,85.84,87.18,85.31,86.84,3694453
2024-11-07,XOM,Energy,88.71,88.98,88.38,88.39,5653386
2024-11-08,XOM,Energy,87.67,89.04,87.19,88.18,9117996
2024-11-11,XOM,Energy,89.12,89.42,88.14,88.71,5710665
2024-11-12,XOM,Energy,89.29,90.07,88.43,88.66,6689433
2024-11-13,XOM,Energy,91.45,92.16,90.4,92.02,4416764
2024-11-14,XOM,Energy,91.29,91.58,90.58,90.82,4378693
2024-11-15,XOM,Energy,89.59,90.33,89.12,89.94,8053417
2024-11-18,XOM,Energy,89.87,90.78,89.83,90.1,6489048
2024-11-19,XOM,Energy,91.12,91.31,90.83,91.02,7853195
2024-11-20,XOM,Energy,93.3,94.08,92.92,93.13,8859634
2024-11-21,XOM,Energy,94.82,95.19,93.22,93.96,5823338
2024-11-22,XOM,Energy,94.02,94.47,93.99,94.37,10227465
2024-11-25,XOM,Energy,93.36,93.77,92.68,93.71,8000523
2024-11-26,XOM,Energy,94.57,94.73,93.85,94.58,4461247
2024-11-27,XOM,Energy,92.73,93.61,92.15,93.48,9432700
2024-11-28,XOM,Energy,94.4,95.33,93.76,93.85,7271077
2024-11-29,XOM,Energy,94.26,94.71,92.81,93.56,6556941
2024-12-02,XOM,Energy,91.83,92.07,91.3,92.04,8401995
2024-12-03,XOM,Energy,94.26,95.32,93.49,94.53,7076147
2024-12-04,XOM,Energy,92.85,93.15,92.26,93.01,8132448
2024-12-05,XOM,Energy,92.37,92.87,91.85,92.44,8140230
2024-12-06,XOM,Energy,90.17,90.57,88.99,89.99,6525889
2024-12-09,XOM,Energy,89.96,90.14,89.61,89.79,8415452
2024-12-10,XOM,Energy,90.68,90.97,90.01,90.5,3747687
2024-12-11,XOM,Energy,89.51,89.97,88.66,89.15,5091360
2024-12-12,XOM,Energy,86.95,87.07,86.24,86.44,9234723
2024-12-13,XOM,Energy,85.92,86.53,85.22,85.94,4612645
2024-12-16,XOM,Energy,85.25,86.0,84.96,85.75,6208812
2024-12-17,XOM,Energy,85.35,86.19,84.95,85.46,8208535
2024-12-18,XOM,Energy,87.5,88.46,87.12,87.8,3796851
2024-12-19,XOM,Energy,88.23,89.6,87.69,88.35,12769991
2024-12-20,XOM,Energy,87.8,89.65,87.7,88.78,7391238
2024-12-23,XOM,Energy,89.14,90.38,88.95,89.33,9750169
2024-12-24,XOM,Energy,91.17,91.98,89.07,89.87,7408338
2024-12-25,XOM,Energy,89.51,89.93,88.77,89.24,9270724
2024-12-26,XOM,Energy,88.42,88.91,87.7,87.87,5778282
2024-12-27,XOM,Energy,91.0,91.74,90.75,91.61,6639434
2024-12-30,XOM,Energy,91.95,92.81,90.66,91.43,6891390
2024-12-31,XOM,Energy,91.31,91.71,89.9,91.51,3635636
2025-01-01,XOM,Energy,91.58,92.12,91.53,91.63,9187740
2025-01-02,XOM,Energy,90.59,91.38,89.59,90.5,5459241
2025-01-03,XOM,Energy,91.23,91.55,89.28,90.82,5361933
2025-01-06,XOM,Energy,88.84,89.52,88.26,88.9,8443214
2025-01-07,XOM,Energy,90.12,90.45,89.71,90.03,6825754
2025-01-08,XOM,Energy,89.57,90.28,89.15,89.68,7291402
2025-01-09,XOM,Energy,91.54,91.99,91.07,91.45,11493547
2025-01-10,XOM,Energy,91.85,92.45,91.29,92.3,10765043
2025-01-13,XOM,Energy,92.73,93.7,91.82,92.97,8515789
2025-01-14,XOM,Energy,91.9,91.93,91.57,91.77,6300457
2025-01-15,XOM,Energy,91.86,93.07,91.21,91.93,7972052
2025-01-16,XOM,Energy,93.49,93.67,92.89,93.16,3521685
2025-01-17,XOM,Energy,94.02,94.74,93.33,93.39,5148423
2025-01-20,XOM,Energy,91.65,92.37,90.66,91.29,7299714
2025-01-21,XOM,Energy,93.58,93.99,92.45,92.86,3059529
2025-01-22,XOM,Energy,94.13,94.29,94.06,94.11,12142702
2025-01-23,XOM,Energy,91.69,93.18,91.44,91.76,8623083
2025-01-24,XOM,Energy,92.18,92.29,91.79,92.0,2232772
2025-01-27,XOM,Energy,93.37,93.58,93.17,93.33,8718497
2025-01-28,XOM,Energy,93.01,93.61,91.61,92.42,5944831
2025-01-29,XOM,Energy,90.05,90.9,89.17,90.39,7825739
2025-01-30,XOM,Energy,89.68,89.68,88.08,88.79,5335011
2025-01-31,XOM,Energy,89.14,89.82,88.34,88.67,6510404
2025-02-03,XOM,Energy,89.7,90.97,89.34,90.12,5284508
2025-02-04,XOM,Energy,88.47,88.81,87.14,88.51,10200211
2025-02-05,XOM,Energy,86.67,87.21,85.48,86.93,7797066
2025-02-06,XOM,Energy,86.2,86.58,85.04,86.53,7369633
2025-02-07,XOM,Energy,88.34,88.38,87.12,87.58,7386010
2025-02-10,XOM,Energy,90.21,91.59,90.01,90.24,4306219
2025-02-11,XOM,Energy,90.44,90.56,90.08,90.43,9407119
2025-02-12,XOM,Energy,90.33,90.69,89.02,89.44,2611583
2025-02-13,XOM,Energy,88.57,89.11,87.74,88.27,6159203
2025-02-14,XOM,Energy,91.18,92.07,89.75,90.38,9792685
2025-02-17,XOM,Energy,88.73,89.4,88.17,88.49,7769651
2025-02-18,XOM,Energy,88.0,89.77,87.79,88.83,11296028
2025-02-19,XOM,Energy,90.83,91.47,90.3,90.87,7997636
2025-02-20,XOM,Energy,90.74,90.94,90.13,90.67,100000
2025-02-21,XOM,Energy,88.67,89.48,87.83,89.05,4345691
2025-02-24,XOM,Energy,89.24,90.03,88.7,89.9,10616775
2025-02-25,XOM,Energy,90.45,90.57,89.92,90.11,5452770
2025-02-26,XOM,Energy,90.52,91.32,89.96,90.88,9267819
2025-02-27,XOM,Energy,91.6,92.06,91.02,91.82,9439645
2025-02-28,XOM,Energy,91.75,94.07,90.5,92.68,1860262
2025-03-03,XOM,Energy,93.84,94.34,92.43,93.19,7163477
2025-03-04,XOM,Energy,95.02,95.34,92.96,94.31,7141779
2025-03-05,XOM,Energy,96.21,97.24,96.19,96.53,9876583
2025-03-06,XOM,Energy,95.34,95.58,94.48,95.29,8816406
2025-03-07,XOM,Energy,94.86,95.41,94.7,94.92,8670218
2025-03-10,XOM,Energy,95.86,97.05,95.55,96.25,7311170
2025-03-11,XOM,Energy,96.85,97.61,96.03,96.18,6716572
2025-03-12,XOM,Energy,94.06,95.15,94.0,94.16,5060627
2025-03-13,XOM,Energy,95.18,95.71,94.1,94.75,4333185
2025-03-14,XOM,Energy,94.2,94.23,93.71,94.01,10189643
2025-03-17,XOM,Energy,97.15,97.73,96.38,97.45,6556286
2025-03-18,XOM,Energy,98.22,99.42,98.09,99.14,10050882
2025-03-19,XOM,Energy,100.88,102.34,99.99,101.15,7866690
2025-03-20,XOM,Energy,101.15,102.21,100.14,101.28,8547549
2025-03-21,XOM,Energy,101.74,102.93,101.17,101.87,8520687
2025-03-24,XOM,Energy,100.9,101.46,100.64,101.33,6436256
2025-03-25,XOM,Energy,98.93,100.22,98.2,99.94,4531740
2025-03-26,XOM,Energy,97.66,99.15,97.33,98.44,8614045
2025-03-27,XOM,Energy,102.42,103.13,101.92,102.07,5836992
2025-03-28,XOM,Energy,103.32,103.62,102.36,102.82,10148704
2025-03-31,XOM,Energy,100.82,101.77,99.42,100.56,3930256
2025-04-01,XOM,Energy,103.12,103.83,100.95,102.26,4660264
2025-04-02,XOM,Energy,106.23,107.51,105.56,106.87,8886533
2025-04-03,XOM,Energy,104.5,105.07,103.55,104.14,8064193
2025-04-04,XOM,Energy,105.06,105.32,104.3,105.26,8459583
2025-04-07,XOM,Energy,102.17,103.93,101.6,103.3,6452308
2025-04-08,XOM,Energy,105.45,105.53,103.97,105.39,6393449
2025-04-09,XOM,Energy,101.42,101.72,101.06,101.61,9165178
2025-04-10,XOM,Energy,101.38,102.43,100.96,101.8,10981497
2025-04-11,XOM,Energy,103.53,104.76,101.8,102.63,8335476
2025-04-14,XOM,Energy,99.9,102.5,99.48,100.26,11127030
2025-04-15,XOM,Energy,101.3,103.12,100.54,101.08,5654210
2025-04-16,XOM,Energy,100.13,100.58,99.79,100.33,598359
2025-04-17,XOM,Energy,103.2,103.67,102.23,103.32,8981360
2025-04-18,XOM,Energy,100.78,101.03,99.63,100.88,9161299
2025-04-21,XOM,Energy,102.28,103.05,101.37,102.49,8151638
2025-04-22,XOM,Energy,102.02,102.79,101.77,102.37,8189628
2025-04-23,XOM,Energy,104.69,105.55,103.93,104.68,5490874
2025-04-24,XOM,Energy,106.97,107.11,106.85,107.08,7141834
2025-04-25,XOM,Energy,107.7,108.32,105.81,106.68,8648130
2025-04-28,XOM,Energy,106.69,106.99,106.49,106.65,9543078
2025-04-29,XOM,Energy,107.82,108.89,107.7,108.36,2734088
2025-04-30,XOM,Energy,109.42,110.4,108.98,109.38,7024807
2025-05-01,XOM,Energy,108.38,109.26,108.33,109.22,9405327
2025-05-02,XOM,Energy,107.48,107.93,107.41,107.73,6350226
2025-05-05,XOM,Energy,107.53,108.54,106.99,108.45,5008130
2025-05-06,XOM,Energy,106.35,106.52,105.55,106.46,7517694
2025-05-07,XOM,Energy,107.85,107.86,107.33,107.69,4485408
2025-05-08,XOM,Energy,109.63,110.08,109.53,109.79,11291600
2025-05-09,XOM,Energy,108.82,109.74,106.81,108.3,11551500
2025-05-12,XOM,Energy,107.74,108.04,106.94,107.59,7494805
2025-05-13,XOM,Energy,105.92,107.54,105.36,106.5,4872733
2025-05-14,XOM,Energy,108.33,108.75,108.33,108.46,7183590
2025-05-15,XOM,Energy,109.37,109.71,107.99,108.62,5563283
2025-05-16,XOM,Energy,107.79,108.28,107.41,108.0,4570634
2025-05-19,XOM,Energy,109.41,109.75,108.54,109.25,8703359
2025-05-20,XOM,Energy,108.88,109.07,107.1,108.42,13207974
2025-05-21,XOM,Energy,108.37,108.72,107.9,108.1,4251150
2025-05-22,XOM,Energy,105.64,107.32,105.18,106.11,4230119
2025-05-23,XOM,Energy,108.02,108.57,107.47,107.68,9386665
2025-05-26,XOM,Energy,106.37,106.62,105.51,105.74,8331090
2025-05-27,XOM,Energy,109.07,109.65,107.41,108.37,3104955
2025-05-28,XOM,Energy,108.5,109.63,108.07,108.87,7113712
2025-05-29,XOM,Energy,108.37,109.22,106.91,108.63,9501972
2025-05-30,XOM,Energy,108.72,109.08,108.3,108.67,6434123
2025-06-02,XOM,Energy,111.9,111.94,111.32,111.89,7853771
2025-06-03,XOM,Energy,108.32,110.42,107.52,109.39,8628031
2025-06-04,XOM,Energy,107.38,108.6,106.34,107.08,10848274
2025-06-05,XOM,Energy,107.81,108.9,107.63,108.88,8068342
2025-06-06,XOM,Energy,107.07,107.32,106.17,107.24,9691969
2025-06-09,XOM,Energy,106.08,106.34,105.74,105.94,6585321
2025-06-10,XOM,Energy,105.49,106.63,104.21,105.2,3679295
2025-06-11,XOM,Energy,107.42,107.66,107.18,107.27,7377359
2025-06-12,XOM,Energy,109.15,109.36,107.91,108.81,5382714
2025-06-13,XOM,Energy,108.52,109.53,108.49,108.6,7597490
2025-06-16,XOM,Energy,109.2,109.56,108.0,109.4,4957441
2025-06-17,XOM,Energy,109.52,110.82,107.8,110.16,5145862
2025-06-18,XOM,Energy,108.21,108.85,108.05,108.34,5855153
2025-06-19,XOM,Energy,106.83,107.32,105.79,106.68,8146257
2025-06-20,XOM,Energy,102.1,103.22,101.87,103.04,6842683
2025-06-23,XOM,Energy,105.54,106.06,105.35,105.71,8059352
2025-06-24,XOM,Energy,104.7,104.79,104.15,104.56,10252232
2025-06-25,XOM,Energy,105.46,106.38,104.52,104.64,6220373
2025-06-26,XOM,Energy,106.15,106.16,105.62,105.66,8728075
2025-06-27,XOM,Energy,103.81,105.15,103.45,103.97,9864978
2025-06-30,XOM,Energy,102.41,102.61,101.85,102.53,9291045
2025-07-01,XOM,Energy,100.33,101.06,100.01,100.98,7100029
2025-07-02,XOM,Energy,96.24,96.3,94.59,96.06,4026060
2025-07-03,XOM,Energy,96.48,96.64,95.88,96.0,7429779
2025-07-04,XOM,Energy,99.45,100.19,99.23,99.87,8561509
2025-07-07,XOM,Energy,100.13,100.45,97.9,99.02,5198990
2025-07-08,XOM,Energy,98.48,98.59,98.15,98.23,7424567
2025-07-09,XOM,Energy,97.36,98.27,96.8,97.67,8266060
2025-07-10,XOM,Energy,98.61,99.54,97.59,98.24,8929766
2025-07-11,XOM,Energy,99.44,100.29,98.67,99.76,4225575
2025-07-14,XOM,Energy,98.4,98.88,97.6,98.4,5931826
2025-07-15,XOM,Energy,99.27,99.45,98.28,99.22,10275937
2025-07-16,XOM,Energy,99.48,100.03,98.73,99.13,5461787
2025-07-17,XOM,Energy,99.31,100.0,98.27,99.69,8444295
2025-07-18,XOM,Energy,101.01,101.37,99.76,100.51,6347107
2025-07-21,XOM,Energy,99.02,99.26,98.3,98.9,9789871
2025-07-22,XOM,Energy,97.33,98.95,95.75,98.07,6514101
2025-07-23,XOM,Energy,98.82,99.72,98.78,98.89,7428952
2025-07-24,XOM,Energy,99.66,100.58,98.18,98.71,8527209
2025-07-25,XOM,Energy,99.26,100.34,99.0,100.09,9943524
2025-07-28,XOM,Energy,100.12,101.26,99.29,99.76,5642562
2025-07-29,XOM,Energy,101.42,102.29,101.11,101.53,5631807
2025-07-30,XOM,Energy,98.49,98.49,97.55,98.2,11054034
2025-07-31,XOM,Energy,99.5,99.7,98.63,98.79,4688972
2025-08-01,XOM,Energy,97.21,97.75,96.14,96.68,5651008
2025-08-04,XOM,Energy,98.8,99.59,98.15,98.57,4729922
2025-08-05,XOM,Energy,97.87,98.86,97.27,98.37,2870891
2025-08-06,XOM,Energy,98.07,98.25,97.21,97.86,8108593
2025-08-07,XOM,Energy,96.35,97.07,95.7,96.54,8733231
2025-08-08,XOM,Energy,97.43,98.28,97.14,97.68,7436848
2025-08-11,XOM,Energy,98.37,99.03,97.7,98.67,6661848
2025-08-12,XOM,Energy,97.92,98.43,97.67,98.25,4564335
2025-08-13,XOM,Energy,99.62,100.62,97.94,99.42,6107549
2025-08-14,XOM,Energy,100.38,100.51,99.68,99.84,4403129
2025-08-15,XOM,Energy,100.47,100.51,99.72,100.04,7203102
2025-08-18,XOM,Energy,101.49,102.11,101.32,101.43,6346011
2025-08-19,XOM,Energy,104.23,104.7,103.97,104.61,8092249
2025-08-20,XOM,Energy,105.11,105.46,104.93,105.16,7693237
2025-08-21,XOM,Energy,105.82,106.67,104.86,105.73,6609754
2025-08-22,XOM,Energy,107.62,108.78,106.42,107.43,8102783
2025-08-25,XOM,Energy,106.27,107.08,105.45,105.75,1626173
2025-08-26,XOM,Energy,105.56,105.71,104.7,105.48,2779429
2025-08-27,XOM,Energy,105.09,105.98,103.37,104.84,8124445
2025-08-28,XOM,Energy,106.16,106.18,104.9,105.43,7577986
2025-08-29,XOM,Energy,106.42,107.9,105.24,105.88,9180598
2025-09-01,XOM,Energy,109.02,109.41,108.79,109.1,8175556
2025-09-02,XOM,Energy,112.63,113.04,110.65,111.94,13908541
2025-09-03,XOM,Energy,109.49,109.78,108.24,109.12,9870410
2025-09-04,XOM,Energy,110.12,110.47,109.34,109.84,10276245
2025-09-05,XOM,Energy,110.25,111.39,110.02,111.22,8132099
2025-09-08,XOM,Energy,111.47,112.36,111.28,111.44,7432047
2025-09-09,XOM,Energy,110.7,110.83,109.48,110.52,7996842
2025-09-10,XOM,Energy,113.3,113.58,113.07,113.17,100000
2025-09-11,XOM,Energy,114.57,115.27,112.83,113.87,5680549
2025-09-12,XOM,Energy,112.74,113.62,111.54,111.91,6158209
2025-09-15,XOM,Energy,114.06,114.1,113.61,113.83,8450916
2025-09-16,XOM,Energy,114.5,116.18,113.78,114.79,4710933
2025-09-17,XOM,Energy,112.67,113.88,112.54,113.6,8360876
2025-09-18,XOM,Energy,112.48,113.06,111.87,112.18,4888639
2025-09-19,XOM,Energy,111.05,111.22,109.08,110.73,7459918
2025-09-22,XOM,Energy,113.23,113.31,112.98,113.01,7390835
2025-09-23,XOM,Energy,113.95,114.34,113.47,114.21,6347007
2025-09-24,XOM,Energy,116.62,117.18,115.43,116.12,4930088
2025-09-25,XOM,Energy,116.86,117.32,115.76,116.59,11909681
2025-09-26,XOM,Energy,114.73,116.5,114.12,115.3,8042455
2025-09-29,XOM,Energy,113.85,115.31,113.21,113.81,8054194
2025-09-30,XOM,Energy,116.61,117.13,115.39,115.94,2668775
2025-10-01,XOM,Energy,117.93,118.73,116.34,116.88,9599942
2025-10-02,XOM,Energy,117.2,118.23,115.94,116.42,10944172
2025-10-03,XOM,Energy,116.56,116.91,116.47,116.52,9760519
2025-10-06,XOM,Energy,118.87,118.96,116.87,118.56,9105731
2025-10-07,XOM,Energy,120.21,121.22,118.81,119.76,8787000
2025-10-08,XOM,Energy,119.76,121.37,118.97,119.64,8256471
2025-10-09,XOM,Energy,120.02,120.5,119.49,119.61,5149682
2025-10-10,XOM,Energy,119.27,119.41,117.93,118.47,4428574
2025-10-13,XOM,Energy,117.82,120.04,117.68,118.58,6399045
2025-10-14,XOM,Energy,117.94,118.57,117.85,118.07,7530245
2025-10-15,XOM,Energy,118.04,119.05,117.31,118.03,5999529
2025-10-16,XOM,Energy,116.61,117.56,115.78,117.0,8136580
2025-10-17,XOM,Energy,114.93,115.49,112.97,114.4,4764945
2025-10-20,XOM,Energy,116.05,117.29,115.58,116.32,6003259
2025-10-21,XOM,Energy,117.51,118.68,117.04,117.51,11763978
2025-10-22,XOM,Energy,117.9,118.37,116.52,117.05,8872026
2025-10-23,XOM,Energy,116.44,116.61,115.9,116.47,9739394
2025-10-24,XOM,Energy,113.31,114.36,112.03,113.78,9736285
2025-10-27,XOM,Energy,116.81,118.87,115.44,115.91,8127346
2025-10-28,XOM,Energy,119.06,119.97,118.03,118.44,9784077
2025-10-29,XOM,Energy,117.69,118.52,117.67,118.32,6929145
2025-10-30,XOM,Energy,119.39,120.3,118.41,119.05,7076730
2025-10-31,XOM,Energy,116.39,118.09,115.76,117.11,9486710
2025-11-03,XOM,Energy,116.82,117.9,115.54,117.34,11106990
2025-11-04,XOM,Energy,116.7,117.14,115.38,116.03,8631306
2025-11-05,XOM,Energy,113.85,114.77,113.23,114.74,6777139
2025-11-06,XOM,Energy,113.87,114.86,112.55,114.24,9471644
2025-11-07,XOM,Energy,112.62,114.16,111.97,113.48,9961524
2025-11-10,XOM,Energy,112.49,113.83,112.29,113.29,2383667
2025-11-11,XOM,Energy,115.15,115.5,115.11,115.39,4000826
2025-11-12,XOM,Energy,110.87,111.78,110.47,111.31,6087958
2025-11-13,XOM,Energy,110.28,110.59,108.95,110.36,9706881
2025-11-14,XOM,Energy,112.35,112.72,110.84,111.6,9526015
2025-11-17,XOM,Energy,112.02,112.59,111.35,112.03,9128036
2025-11-18,XOM,Energy,110.51,110.95,110.23,110.61,8716269
2025-11-19,XOM,Energy,115.08,115.36,114.36,114.62,8326703
2025-11-20,XOM,Energy,120.39,121.2,118.46,119.94,6228110
2025-11-21,XOM,Energy,120.87,120.96,119.08,119.97,5745598
2025-11-24,XOM,Energy,118.3,118.88,117.2,118.02,5450332
2025-11-25,XOM,Energy,117.25,118.26,115.76,117.57,1660750
2025-11-26,XOM,Energy,115.16,115.58,114.65,115.38,3892116
2025-11-27,XOM,Energy,115.43,116.65,115.43,116.23,10065920
2025-11-28,XOM,Energy,117.86,118.16,117.14,117.43,5242930
2025-12-01,XOM,Energy,119.51,119.56,118.32,119.46,8724397
2025-12-02,XOM,Energy,119.86,120.96,119.59,120.34,3365814
2025-12-03,XOM,Energy,120.73,120.99,120.34,120.87,9033125
2025-12-04,XOM,Energy,118.92,120.24,117.88,118.86,5863755
2025-12-05,XOM,Energy,116.84,117.34,116.26,116.46,13583460
2025-12-08,XOM,Energy,113.41,114.37,111.98,112.52,8633231
2025-12-09,XOM,Energy,112.96,114.34,111.93,112.73,6860910
2025-12-10,XOM,Energy,114.52,114.62,114.24,114.45,1962820
2025-12-11,XOM,Energy,117.05,117.1,116.6,116.75,9853794
2025-12-12,XOM,Energy,117.84,118.67,117.62,118.48,5218267
2025-12-15,XOM,Energy,116.6,118.72,116.54,117.8,6790914
2025-12-16,XOM,Energy,121.57,122.13,120.49,121.59,7796036
2025-12-17,XOM,Energy,119.59,120.21,118.98,119.69,2177496
2025-12-18,XOM,Energy,116.16,118.05,116.06,117.73,6834415
2025-12-19,XOM,Energy,118.98,120.62,117.45,119.33,8395594
2025-12-22,XOM,Energy,122.1,122.54,120.82,122.24,4923404
2025-12-23,XOM,Energy,126.06,126.31,125.89,126.03,11030528
2025-12-24,XOM,Energy,127.86,129.36,127.67,128.24,7720853
2025-12-25,XOM,Energy,130.53,131.08,129.62,129.91,4253497
2025-12-26,XOM,Energy,132.4,132.7,130.79,131.77,7972714
2025-12-29,XOM,Energy,131.96,132.63,130.34,131.22,6403487
2025-12-30,XOM,Energy,129.5,130.15,127.45,129.5,9574517
2025-12-31,XOM,Energy,130.78,131.27,130.04,130.18,7189685
